latitude,longitude,variable,month,month_num,slope_per_decade,p_value,sen_slope_per_decade,r_squared,trend_direction,is_significant,p_value_ols,p_value_mk,is_significant_ols,is_significant_mk,unit
26.0,88.75,T2M,January,1,0.3188,0.243668,0.3933,0.0586,Increasing,False,0.243668,0.215785,False,False,deg C/decade
26.0,88.75,T2M,February,2,-0.2438,0.470987,-0.2308,0.0228,Decreasing,False,0.470987,0.591154,False,False,deg C/decade
26.0,88.75,T2M,March,3,-0.1189,0.685333,-0.169,0.0073,Decreasing,False,0.685333,0.387514,False,False,deg C/decade
26.0,88.75,T2M,April,4,-0.498,0.141676,-0.5402,0.0915,Decreasing,False,0.141676,0.12311,False,False,deg C/decade
26.0,88.75,T2M,May,5,-0.9185,0.005662,-0.8255,0.2882,Decreasing,True,0.005662,0.031615,True,True,deg C/decade
26.0,88.75,T2M,June,6,-0.3959,0.104498,-0.3522,0.1105,Decreasing,False,0.104498,0.12311,False,False,deg C/decade
26.0,88.75,T2M,July,7,0.0125,0.907023,0.0354,0.0006,Increasing,False,0.907023,0.743308,False,False,deg C/decade
26.0,88.75,T2M,August,8,0.0192,0.816842,0.0372,0.0024,Increasing,False,0.816842,0.851746,False,False,deg C/decade
26.0,88.75,T2M,September,9,0.4004,0.000122,0.4513,0.4807,Increasing,True,0.000122,0.000321,True,True,deg C/decade
26.0,88.75,T2M,October,10,0.4329,0.027984,0.4,0.193,Increasing,True,0.027984,0.022055,True,True,deg C/decade
26.0,88.75,T2M,November,11,0.2489,0.29008,0.2655,0.0485,Increasing,False,0.29008,0.182555,False,False,deg C/decade
26.0,88.75,T2M,December,12,0.1318,0.628368,0.0878,0.0104,Increasing,False,0.628368,0.797252,False,False,deg C/decade
25.5,89.375,T2M,January,1,0.3349,0.24896,0.3819,0.0573,Increasing,False,0.24896,0.198959,False,False,deg C/decade
25.5,89.375,T2M,February,2,-0.2098,0.523804,-0.1477,0.0179,Decreasing,False,0.523804,0.674117,False,False,deg C/decade
25.5,89.375,T2M,March,3,-0.1129,0.671793,-0.1144,0.0079,Decreasing,False,0.671793,0.575021,False,False,deg C/decade
25.5,89.375,T2M,April,4,-0.3285,0.314715,-0.345,0.0439,Decreasing,False,0.314715,0.338288,False,False,deg C/decade
25.5,89.375,T2M,May,5,-0.7257,0.01538,-0.6059,0.2296,Decreasing,True,0.01538,0.024917,True,True,deg C/decade
25.5,89.375,T2M,June,6,-0.1297,0.527368,-0.1129,0.0176,Decreasing,False,0.527368,0.640155,False,False,deg C/decade
25.5,89.375,T2M,July,7,0.0855,0.343494,0.0821,0.0391,Increasing,False,0.343494,0.454724,False,False,deg C/decade
25.5,89.375,T2M,August,8,-0.0005,0.995613,-0.0079,0.0,Decreasing,False,0.995613,0.906988,False,False,deg C/decade
25.5,89.375,T2M,September,9,0.366,0.000525,0.3792,0.4136,Increasing,True,0.000525,0.002044,True,True,deg C/decade
25.5,89.375,T2M,October,10,0.488,0.017327,0.4168,0.2224,Increasing,True,0.017327,0.012455,True,True,deg C/decade
25.5,89.375,T2M,November,11,0.3642,0.158828,0.3742,0.0844,Increasing,False,0.158828,0.12311,False,False,deg C/decade
25.5,89.375,T2M,December,12,0.2686,0.355438,0.2733,0.0372,Increasing,False,0.355438,0.400343,False,False,deg C/decade
25.0,88.75,T2M,January,1,0.2165,0.479487,0.281,0.022,Increasing,False,0.479487,0.590952,False,False,deg C/decade
25.0,88.75,T2M,February,2,-0.3002,0.389997,-0.2035,0.0323,Decreasing,False,0.389997,0.498219,False,False,deg C/decade
25.0,88.75,T2M,March,3,-0.205,0.483278,-0.1531,0.0216,Decreasing,False,0.483278,0.440876,False,False,deg C/decade
25.0,88.75,T2M,April,4,-0.2625,0.46304,-0.1488,0.0236,Decreasing,False,0.46304,0.623623,False,False,deg C/decade
25.0,88.75,T2M,May,5,-0.765,0.023273,-0.6725,0.2044,Decreasing,True,0.023273,0.044529,True,True,deg C/decade
25.0,88.75,T2M,June,6,-0.2072,0.512437,-0.1525,0.0189,Decreasing,False,0.512437,0.726095,False,False,deg C/decade
25.0,88.75,T2M,July,7,0.1207,0.265887,0.0873,0.0535,Increasing,False,0.265887,0.282544,False,False,deg C/decade
25.0,88.75,T2M,August,8,-0.0055,0.946728,0.0,0.0002,Decreasing,False,0.946728,0.981347,False,False,deg C/decade
25.0,88.75,T2M,September,9,0.3388,0.000283,0.3191,0.4428,Increasing,True,0.000283,0.001155,True,True,deg C/decade
25.0,88.75,T2M,October,10,0.4337,0.041055,0.369,0.1692,Increasing,True,0.041055,0.010177,True,True,deg C/decade
25.0,88.75,T2M,November,11,0.2079,0.436324,0.2175,0.0266,Increasing,False,0.436324,0.374685,False,False,deg C/decade
25.0,88.75,T2M,December,12,0.0632,0.829719,0.1717,0.0021,Increasing,False,0.829719,0.674117,False,False,deg C/decade
25.0,89.375,T2M,January,1,0.2397,0.429566,0.3393,0.0273,Increasing,False,0.429566,0.303997,False,False,deg C/decade
25.0,89.375,T2M,February,2,-0.3012,0.366259,-0.2655,0.0356,Decreasing,False,0.366259,0.293271,False,False,deg C/decade
25.0,89.375,T2M,March,3,-0.1995,0.455728,-0.2113,0.0244,Decreasing,False,0.455728,0.400343,False,False,deg C/decade
25.0,89.375,T2M,April,4,-0.2853,0.420013,-0.219,0.0285,Decreasing,False,0.420013,0.607287,False,False,deg C/decade
25.0,89.375,T2M,May,5,-0.7374,0.013694,-0.6882,0.2365,Decreasing,True,0.013694,0.033561,True,True,deg C/decade
25.0,89.375,T2M,June,6,-0.1402,0.554284,-0.0403,0.0154,Decreasing,False,0.554284,0.870137,False,False,deg C/decade
25.0,89.375,T2M,July,7,0.1178,0.178397,0.0796,0.0773,Increasing,False,0.178397,0.374076,False,False,deg C/decade
25.0,89.375,T2M,August,8,0.0102,0.903277,0.0095,0.0007,Increasing,False,0.903277,0.981367,False,False,deg C/decade
25.0,89.375,T2M,September,9,0.3632,0.000311,0.3532,0.4385,Increasing,True,0.000311,0.001247,True,True,deg C/decade
25.0,89.375,T2M,October,10,0.4403,0.035141,0.3817,0.1789,Increasing,True,0.035141,0.013275,True,True,deg C/decade
25.0,89.375,T2M,November,11,0.3437,0.192331,0.3697,0.0727,Increasing,False,0.192331,0.097277,False,False,deg C/decade
25.0,89.375,T2M,December,12,0.1946,0.513899,0.2427,0.0188,Increasing,False,0.513899,0.468821,False,False,deg C/decade
25.0,90.0,T2M,January,1,0.2848,0.332302,0.4101,0.0409,Increasing,False,0.332302,0.141193,False,False,deg C/decade
25.0,90.0,T2M,February,2,-0.2574,0.416896,-0.1923,0.0289,Decreasing,False,0.416896,0.374685,False,False,deg C/decade
25.0,90.0,T2M,March,3,-0.1365,0.58118,-0.2196,0.0134,Decreasing,False,0.58118,0.361853,False,False,deg C/decade
25.0,90.0,T2M,April,4,-0.262,0.415788,-0.1293,0.029,Decreasing,False,0.415788,0.691342,False,False,deg C/decade
25.0,90.0,T2M,May,5,-0.6423,0.012881,-0.5938,0.2402,Decreasing,True,0.012881,0.00584,True,True,deg C/decade
25.0,90.0,T2M,June,6,-0.0443,0.803519,0.0317,0.0027,Decreasing,False,0.803519,0.761127,False,False,deg C/decade
25.0,90.0,T2M,July,7,0.1472,0.051998,0.0975,0.1544,Increasing,False,0.051998,0.09221,False,False,deg C/decade
25.0,90.0,T2M,August,8,0.0374,0.663826,0.0195,0.0084,Increasing,False,0.663826,0.797144,False,False,deg C/decade
25.0,90.0,T2M,September,9,0.391,0.000149,0.395,0.4719,Increasing,True,0.000149,0.000105,True,True,deg C/decade
25.0,90.0,T2M,October,10,0.4157,0.022805,0.3876,0.2056,Increasing,True,0.022805,0.021983,True,True,deg C/decade
25.0,90.0,T2M,November,11,0.3545,0.128022,0.3354,0.0978,Increasing,False,0.128022,0.071969,False,False,deg C/decade
25.0,90.0,T2M,December,12,0.2459,0.36761,0.2606,0.0354,Increasing,False,0.36761,0.303997,False,False,deg C/decade
25.0,90.625,T2M,January,1,0.2081,0.445753,0.3077,0.0255,Increasing,False,0.445753,0.262141,False,False,deg C/decade
25.0,90.625,T2M,February,2,-0.2828,0.353419,-0.1645,0.0375,Decreasing,False,0.353419,0.497985,False,False,deg C/decade
25.0,90.625,T2M,March,3,-0.1556,0.529808,-0.251,0.0174,Decreasing,False,0.529808,0.440876,False,False,deg C/decade
25.0,90.625,T2M,April,4,-0.2187,0.449333,-0.0789,0.0251,Decreasing,False,0.449333,0.674117,False,False,deg C/decade
25.0,90.625,T2M,May,5,-0.3835,0.059395,-0.325,0.146,Decreasing,False,0.059395,0.024917,False,True,deg C/decade
25.0,90.625,T2M,June,6,0.0687,0.574104,0.1098,0.0139,Increasing,False,0.574104,0.543369,False,False,deg C/decade
25.0,90.625,T2M,July,7,0.1781,0.010179,0.1436,0.2542,Increasing,True,0.010179,0.039802,True,True,deg C/decade
25.0,90.625,T2M,August,8,0.0358,0.681101,0.0314,0.0075,Increasing,False,0.681101,0.673949,False,False,deg C/decade
25.0,90.625,T2M,September,9,0.395,0.000126,0.3777,0.4792,Increasing,True,0.000126,0.000292,True,True,deg C/decade
25.0,90.625,T2M,October,10,0.3697,0.017915,0.3536,0.2204,Increasing,True,0.017915,0.014196,True,True,deg C/decade
25.0,90.625,T2M,November,11,0.308,0.101092,0.3,0.1126,Increasing,False,0.101092,0.071969,False,False,deg C/decade
25.0,90.625,T2M,December,12,0.1666,0.46753,0.2,0.0232,Increasing,False,0.46753,0.362116,False,False,deg C/decade
25.0,91.25,T2M,January,1,0.2147,0.333488,0.2372,0.0407,Increasing,False,0.333488,0.252461,False,False,deg C/decade
25.0,91.25,T2M,February,2,-0.3262,0.270391,-0.24,0.0525,Decreasing,False,0.270391,0.207124,False,False,deg C/decade
25.0,91.25,T2M,March,3,-0.2347,0.371291,-0.2708,0.0349,Decreasing,False,0.371291,0.440876,False,False,deg C/decade
25.0,91.25,T2M,April,4,-0.173,0.510575,-0.0861,0.0191,Decreasing,False,0.510575,0.657052,False,False,deg C/decade
25.0,91.25,T2M,May,5,-0.1478,0.27642,-0.1243,0.0513,Decreasing,False,0.27642,0.282544,False,False,deg C/decade
25.0,91.25,T2M,June,6,0.0782,0.469909,0.1439,0.0229,Increasing,False,0.469909,0.315252,False,False,deg C/decade
25.0,91.25,T2M,July,7,0.1886,0.016304,0.1707,0.2261,Increasing,True,0.016304,0.026423,True,True,deg C/decade
25.0,91.25,T2M,August,8,-0.0246,0.803936,-0.024,0.0027,Decreasing,False,0.803936,0.815186,False,False,deg C/decade
25.0,91.25,T2M,September,9,0.3794,0.000984,0.3317,0.3824,Increasing,True,0.000984,0.000703,True,True,deg C/decade
25.0,91.25,T2M,October,10,0.3022,0.042222,0.2927,0.1675,Increasing,True,0.042222,0.047005,True,True,deg C/decade
25.0,91.25,T2M,November,11,0.3121,0.054487,0.3385,0.1515,Increasing,False,0.054487,0.035374,False,True,deg C/decade
25.0,91.25,T2M,December,12,0.1813,0.347144,0.2162,0.0385,Increasing,False,0.347144,0.12311,False,False,deg C/decade
25.0,91.875,T2M,January,1,0.2338,0.26954,0.2826,0.0527,Increasing,False,0.26954,0.24278,False,False,deg C/decade
25.0,91.875,T2M,February,2,-0.1779,0.503253,-0.1246,0.0197,Decreasing,False,0.503253,0.607287,False,False,deg C/decade
25.0,91.875,T2M,March,3,-0.1292,0.596591,-0.2282,0.0124,Decreasing,False,0.596591,0.708567,False,False,deg C/decade
25.0,91.875,T2M,April,4,-0.0873,0.686689,-0.0481,0.0072,Decreasing,False,0.686689,0.851746,False,False,deg C/decade
25.0,91.875,T2M,May,5,-0.1233,0.306232,-0.1202,0.0454,Decreasing,False,0.306232,0.400086,False,False,deg C/decade
25.0,91.875,T2M,June,6,0.0412,0.707555,0.1127,0.0062,Increasing,False,0.707555,0.412323,False,False,deg C/decade
25.0,91.875,T2M,July,7,0.188,0.052131,0.1971,0.1543,Increasing,False,0.052131,0.101613,False,False,deg C/decade
25.0,91.875,T2M,August,8,-0.0781,0.481457,-0.0927,0.0218,Decreasing,False,0.481457,0.400343,False,False,deg C/decade
25.0,91.875,T2M,September,9,0.3692,0.002915,0.3382,0.3252,Increasing,True,0.002915,0.001884,True,True,deg C/decade
25.0,91.875,T2M,October,10,0.3112,0.038927,0.265,0.1725,Increasing,True,0.038927,0.061636,True,False,deg C/decade
25.0,91.875,T2M,November,11,0.3068,0.062734,0.3196,0.1426,Increasing,False,0.062734,0.058524,False,False,deg C/decade
25.0,91.875,T2M,December,12,0.1848,0.341089,0.1413,0.0395,Increasing,False,0.341089,0.362116,False,False,deg C/decade
24.5,88.75,T2M,January,1,0.1662,0.597646,0.2182,0.0123,Increasing,False,0.597646,0.498219,False,False,deg C/decade
24.5,88.75,T2M,February,2,-0.3141,0.375659,-0.1929,0.0343,Decreasing,False,0.375659,0.483403,False,False,deg C/decade
24.5,88.75,T2M,March,3,-0.236,0.398807,-0.2604,0.0311,Decreasing,False,0.398807,0.338024,False,False,deg C/decade
24.5,88.75,T2M,April,4,-0.2378,0.514222,-0.1284,0.0187,Decreasing,False,0.514222,0.797252,False,False,deg C/decade
24.5,88.75,T2M,May,5,-0.8448,0.013575,-0.7842,0.2371,Decreasing,True,0.013575,0.023486,True,True,deg C/decade
24.5,88.75,T2M,June,6,-0.1552,0.646375,-0.1267,0.0093,Decreasing,False,0.646375,0.708415,False,False,deg C/decade
24.5,88.75,T2M,July,7,0.193,0.100182,0.1817,0.1131,Increasing,False,0.100182,0.175431,False,False,deg C/decade
24.5,88.75,T2M,August,8,0.0027,0.975212,0.0104,0.0,Increasing,False,0.975212,0.962734,False,False,deg C/decade
24.5,88.75,T2M,September,9,0.3032,0.00067,0.2806,0.4017,Increasing,True,0.00067,0.001073,True,True,deg C/decade
24.5,88.75,T2M,October,10,0.4221,0.042783,0.3758,0.1666,Increasing,True,0.042783,0.018332,True,True,deg C/decade
24.5,88.75,T2M,November,11,0.1493,0.589255,0.1218,0.0129,Increasing,False,0.589255,0.640338,False,False,deg C/decade
24.5,88.75,T2M,December,12,-0.0048,0.987089,0.0619,0.0,Decreasing,False,0.987089,0.851746,False,False,deg C/decade
24.5,89.375,T2M,January,1,0.1708,0.578896,0.2628,0.0136,Increasing,False,0.578896,0.454724,False,False,deg C/decade
24.5,89.375,T2M,February,2,-0.3262,0.33921,-0.3161,0.0398,Decreasing,False,0.33921,0.303997,False,False,deg C/decade
24.5,89.375,T2M,March,3,-0.2648,0.324519,-0.2706,0.0422,Decreasing,False,0.324519,0.207124,False,False,deg C/decade
24.5,89.375,T2M,April,4,-0.2799,0.456436,0.0125,0.0243,Decreasing,False,0.456436,1.0,False,False,deg C/decade
24.5,89.375,T2M,May,5,-0.8294,0.007263,-0.7694,0.2739,Decreasing,True,0.007263,0.016148,True,True,deg C/decade
24.5,89.375,T2M,June,6,-0.2129,0.429439,-0.0913,0.0274,Decreasing,False,0.429439,0.708415,False,False,deg C/decade
24.5,89.375,T2M,July,7,0.1283,0.166159,0.1025,0.0817,Increasing,False,0.166159,0.190309,False,False,deg C/decade
24.5,89.375,T2M,August,8,-0.0059,0.942848,0.019,0.0002,Decreasing,False,0.942848,0.92555,False,False,deg C/decade
24.5,89.375,T2M,September,9,0.3349,0.000301,0.3251,0.4401,Increasing,True,0.000301,0.000639,True,True,deg C/decade
24.5,89.375,T2M,October,10,0.436,0.036394,0.3714,0.1767,Increasing,True,0.036394,0.019484,True,True,deg C/decade
24.5,89.375,T2M,November,11,0.2585,0.326057,0.2742,0.0419,Increasing,False,0.326057,0.224446,False,False,deg C/decade
24.5,89.375,T2M,December,12,0.1021,0.72915,0.1573,0.0053,Increasing,False,0.72915,0.640338,False,False,deg C/decade
24.5,90.0,T2M,January,1,0.2226,0.463758,0.2912,0.0236,Increasing,False,0.463758,0.338288,False,False,deg C/decade
24.5,90.0,T2M,February,2,-0.2895,0.380386,-0.2393,0.0336,Decreasing,False,0.380386,0.303997,False,False,deg C/decade
24.5,90.0,T2M,March,3,-0.2118,0.414646,-0.2833,0.0291,Decreasing,False,0.414646,0.252461,False,False,deg C/decade
24.5,90.0,T2M,April,4,-0.2647,0.45141,-0.0268,0.0249,Decreasing,False,0.45141,0.870137,False,False,deg C/decade
24.5,90.0,T2M,May,5,-0.6605,0.011124,-0.5875,0.2489,Decreasing,True,0.011124,0.005423,True,True,deg C/decade
24.5,90.0,T2M,June,6,-0.1067,0.583012,-0.0094,0.0133,Decreasing,False,0.583012,0.925509,False,False,deg C/decade
24.5,90.0,T2M,July,7,0.1428,0.073815,0.1,0.1324,Increasing,False,0.073815,0.128578,False,False,deg C/decade
24.5,90.0,T2M,August,8,0.0328,0.694333,0.0361,0.0068,Increasing,False,0.694333,0.815285,False,False,deg C/decade
24.5,90.0,T2M,September,9,0.3762,6.7e-05,0.3799,0.5059,Increasing,True,6.7e-05,0.000495,True,True,deg C/decade
24.5,90.0,T2M,October,10,0.4477,0.016111,0.3707,0.2268,Increasing,True,0.016111,0.010805,True,True,deg C/decade
24.5,90.0,T2M,November,11,0.2862,0.21575,0.2838,0.0658,Increasing,False,0.21575,0.075822,False,False,deg C/decade
24.5,90.0,T2M,December,12,0.1631,0.5573,0.1533,0.0152,Increasing,False,0.5573,0.590952,False,False,deg C/decade
24.5,90.625,T2M,January,1,0.1621,0.585273,0.2617,0.0131,Increasing,False,0.585273,0.413686,False,False,deg C/decade
24.5,90.625,T2M,February,2,-0.2692,0.390218,-0.1624,0.0323,Decreasing,False,0.390218,0.575021,False,False,deg C/decade
24.5,90.625,T2M,March,3,-0.1629,0.52712,-0.2506,0.0176,Decreasing,False,0.52712,0.513036,False,False,deg C/decade
24.5,90.625,T2M,April,4,-0.2022,0.519116,-0.0629,0.0183,Decreasing,False,0.519116,0.797144,False,False,deg C/decade
24.5,90.625,T2M,May,5,-0.4265,0.05592,-0.3929,0.1498,Decreasing,False,0.05592,0.037655,False,True,deg C/decade
24.5,90.625,T2M,June,6,0.0012,0.992709,0.045,0.0,Increasing,False,0.992709,0.815285,False,False,deg C/decade
24.5,90.625,T2M,July,7,0.1666,0.019221,0.1408,0.2161,Increasing,True,0.019221,0.075662,True,False,deg C/decade
24.5,90.625,T2M,August,8,0.0519,0.529922,0.0646,0.0174,Increasing,False,0.529922,0.483164,False,False,deg C/decade
24.5,90.625,T2M,September,9,0.4025,1.4e-05,0.3889,0.5663,Increasing,True,1.4e-05,8.6e-05,True,True,deg C/decade
24.5,90.625,T2M,October,10,0.4355,0.008232,0.4,0.2666,Increasing,True,0.008232,0.010863,True,True,deg C/decade
24.5,90.625,T2M,November,11,0.2475,0.206273,0.2243,0.0685,Increasing,False,0.206273,0.107072,False,False,deg C/decade
24.5,90.625,T2M,December,12,0.1096,0.665336,0.1542,0.0083,Increasing,False,0.665336,0.607287,False,False,deg C/decade
24.5,91.25,T2M,January,1,0.1446,0.600269,0.2,0.0121,Increasing,False,0.600269,0.293271,False,False,deg C/decade
24.5,91.25,T2M,February,2,-0.2844,0.361383,-0.2248,0.0363,Decreasing,False,0.361383,0.469063,False,False,deg C/decade
24.5,91.25,T2M,March,3,-0.1398,0.592496,-0.1444,0.0126,Decreasing,False,0.592496,0.559305,False,False,deg C/decade
24.5,91.25,T2M,April,4,-0.2301,0.44404,-0.1443,0.0257,Decreasing,False,0.44404,0.657227,False,False,deg C/decade
24.5,91.25,T2M,May,5,-0.2327,0.224975,-0.1583,0.0633,Decreasing,False,0.224975,0.242437,False,False,deg C/decade
24.5,91.25,T2M,June,6,0.0553,0.576418,0.0875,0.0138,Increasing,False,0.576418,0.543589,False,False,deg C/decade
24.5,91.25,T2M,July,7,0.1909,0.012876,0.1912,0.2402,Increasing,True,0.012876,0.01159,True,True,deg C/decade
24.5,91.25,T2M,August,8,0.0117,0.896053,0.024,0.0008,Increasing,False,0.896053,0.761295,False,False,deg C/decade
24.5,91.25,T2M,September,9,0.3992,4.4e-05,0.3733,0.5235,Increasing,True,4.4e-05,0.000104,True,True,deg C/decade
24.5,91.25,T2M,October,10,0.4269,0.006186,0.4429,0.2831,Increasing,True,0.006186,0.014143,True,True,deg C/decade
24.5,91.25,T2M,November,11,0.3013,0.06581,0.2849,0.1396,Increasing,False,0.06581,0.058386,False,False,deg C/decade
24.5,91.25,T2M,December,12,0.1635,0.460371,0.2492,0.0239,Increasing,False,0.460371,0.427029,False,False,deg C/decade
24.5,91.875,T2M,January,1,0.2437,0.337894,0.3,0.04,Increasing,False,0.337894,0.215535,False,False,deg C/decade
24.5,91.875,T2M,February,2,-0.2096,0.49024,-0.1392,0.0209,Decreasing,False,0.49024,0.708567,False,False,deg C/decade
24.5,91.875,T2M,March,3,-0.0685,0.796887,-0.0867,0.0029,Decreasing,False,0.796887,0.726095,False,False,deg C/decade
24.5,91.875,T2M,April,4,-0.1371,0.625027,-0.0219,0.0106,Decreasing,False,0.625027,0.981357,False,False,deg C/decade
24.5,91.875,T2M,May,5,-0.1103,0.511066,-0.0785,0.019,Decreasing,False,0.511066,0.797144,False,False,deg C/decade
24.5,91.875,T2M,June,6,0.0545,0.597482,0.07,0.0123,Increasing,False,0.597482,0.527862,False,False,deg C/decade
24.5,91.875,T2M,July,7,0.2079,0.020701,0.2321,0.2116,Increasing,True,0.020701,0.026341,True,True,deg C/decade
24.5,91.875,T2M,August,8,-0.0258,0.784193,-0.0398,0.0033,Decreasing,False,0.784193,0.673949,False,False,deg C/decade
24.5,91.875,T2M,September,9,0.4214,5.7e-05,0.4063,0.513,Increasing,True,5.7e-05,7.8e-05,True,True,deg C/decade
24.5,91.875,T2M,October,10,0.4573,0.003799,0.4261,0.3106,Increasing,True,0.003799,0.007203,True,True,deg C/decade
24.5,91.875,T2M,November,11,0.4485,0.010677,0.4202,0.2513,Increasing,True,0.010677,0.008884,True,True,deg C/decade
24.5,91.875,T2M,December,12,0.3637,0.089793,0.4,0.12,Increasing,False,0.089793,0.12311,False,False,deg C/decade
24.0,88.75,T2M,January,1,0.1162,0.71048,0.1467,0.0061,Increasing,False,0.71048,0.657227,False,False,deg C/decade
24.0,88.75,T2M,February,2,-0.2995,0.408495,-0.2379,0.0299,Decreasing,False,0.408495,0.454724,False,False,deg C/decade
24.0,88.75,T2M,March,3,-0.2831,0.305979,-0.375,0.0455,Decreasing,False,0.305979,0.233613,False,False,deg C/decade
24.0,88.75,T2M,April,4,-0.2272,0.546668,-0.0733,0.016,Decreasing,False,0.546668,0.870137,False,False,deg C/decade
24.0,88.75,T2M,May,5,-0.8641,0.010199,-0.915,0.254,Decreasing,True,0.010199,0.02077,True,True,deg C/decade
24.0,88.75,T2M,June,6,-0.0974,0.765716,-0.0515,0.0039,Decreasing,False,0.765716,0.944142,False,False,deg C/decade
24.0,88.75,T2M,July,7,0.2333,0.043387,0.19,0.1658,Increasing,True,0.043387,0.058386,True,False,deg C/decade
24.0,88.75,T2M,August,8,0.0366,0.67076,0.0384,0.008,Increasing,False,0.67076,0.673725,False,False,deg C/decade
24.0,88.75,T2M,September,9,0.2868,0.000574,0.2925,0.4092,Increasing,True,0.000574,0.000703,True,True,deg C/decade
24.0,88.75,T2M,October,10,0.4162,0.042381,0.378,0.1672,Increasing,True,0.042381,0.026314,True,True,deg C/decade
24.0,88.75,T2M,November,11,0.0979,0.72618,0.0817,0.0054,Increasing,False,0.72618,0.559091,False,False,deg C/decade
24.0,88.75,T2M,December,12,-0.0735,0.807169,-0.0491,0.0026,Decreasing,False,0.807169,0.833426,False,False,deg C/decade
24.0,89.375,T2M,January,1,0.0739,0.810724,0.1375,0.0025,Increasing,False,0.810724,0.797252,False,False,deg C/decade
24.0,89.375,T2M,February,2,-0.3558,0.306627,-0.3575,0.0454,Decreasing,False,0.306627,0.314987,False,False,deg C/decade
24.0,89.375,T2M,March,3,-0.3479,0.203054,-0.4109,0.0695,Decreasing,False,0.203054,0.117434,False,False,deg C/decade
24.0,89.375,T2M,April,4,-0.3104,0.421511,-0.056,0.0283,Decreasing,False,0.421511,0.981367,False,False,deg C/decade
24.0,89.375,T2M,May,5,-0.8925,0.005392,-0.9917,0.291,Decreasing,True,0.005392,0.00673,True,True,deg C/decade
24.0,89.375,T2M,June,6,-0.2455,0.369262,-0.1964,0.0352,Decreasing,False,0.369262,0.427029,False,False,deg C/decade
24.0,89.375,T2M,July,7,0.1447,0.115277,0.1268,0.1043,Increasing,False,0.115277,0.175431,False,False,deg C/decade
24.0,89.375,T2M,August,8,0.0133,0.864497,0.0061,0.0013,Increasing,False,0.864497,0.925509,False,False,deg C/decade
24.0,89.375,T2M,September,9,0.3078,0.000153,0.3077,0.4707,Increasing,True,0.000153,0.000412,True,True,deg C/decade
24.0,89.375,T2M,October,10,0.4056,0.039666,0.3224,0.1714,Increasing,True,0.039666,0.049721,True,True,deg C/decade
24.0,89.375,T2M,November,11,0.1631,0.50814,0.1589,0.0193,Increasing,False,0.50814,0.497985,False,False,deg C/decade
24.0,89.375,T2M,December,12,-0.0443,0.877263,0.0174,0.0011,Decreasing,False,0.877263,0.981367,False,False,deg C/decade
24.0,90.0,T2M,January,1,0.1448,0.628531,0.1883,0.0103,Increasing,False,0.628531,0.657052,False,False,deg C/decade
24.0,90.0,T2M,February,2,-0.3137,0.35298,-0.2819,0.0376,Decreasing,False,0.35298,0.272081,False,False,deg C/decade
24.0,90.0,T2M,March,3,-0.335,0.215648,-0.3952,0.0658,Decreasing,False,0.215648,0.190794,False,False,deg C/decade
24.0,90.0,T2M,April,4,-0.2551,0.476884,-0.0619,0.0222,Decreasing,False,0.476884,0.888527,False,False,deg C/decade
24.0,90.0,T2M,May,5,-0.6355,0.015325,-0.6719,0.2298,Decreasing,True,0.015325,0.008884,True,True,deg C/decade
24.0,90.0,T2M,June,6,-0.1383,0.49377,-0.0708,0.0206,Decreasing,False,0.49377,0.623623,False,False,deg C/decade
24.0,90.0,T2M,July,7,0.1514,0.059902,0.1109,0.1455,Increasing,False,0.059902,0.140976,False,False,deg C/decade
24.0,90.0,T2M,August,8,0.0542,0.478264,0.0706,0.0221,Increasing,False,0.478264,0.387514,False,False,deg C/decade
24.0,90.0,T2M,September,9,0.3402,4.8e-05,0.3563,0.5193,Increasing,True,4.8e-05,0.000184,True,True,deg C/decade
24.0,90.0,T2M,October,10,0.4355,0.013411,0.3894,0.2378,Increasing,True,0.013411,0.016148,True,True,deg C/decade
24.0,90.0,T2M,November,11,0.1984,0.36376,0.2425,0.036,Increasing,False,0.36376,0.224446,False,False,deg C/decade
24.0,90.0,T2M,December,12,0.0441,0.870364,0.0312,0.0012,Increasing,False,0.870364,0.92555,False,False,deg C/decade
24.0,90.625,T2M,January,1,0.0975,0.744599,0.131,0.0047,Increasing,False,0.744599,0.691342,False,False,deg C/decade
24.0,90.625,T2M,February,2,-0.3045,0.360241,-0.2427,0.0365,Decreasing,False,0.360241,0.454724,False,False,deg C/decade
24.0,90.625,T2M,March,3,-0.2362,0.367714,-0.2924,0.0354,Decreasing,False,0.367714,0.303997,False,False,deg C/decade
24.0,90.625,T2M,April,4,-0.1544,0.634445,-0.0109,0.01,Decreasing,False,0.634445,0.962734,False,False,deg C/decade
24.0,90.625,T2M,May,5,-0.3514,0.128834,-0.3286,0.0974,Decreasing,False,0.128834,0.198387,False,False,deg C/decade
24.0,90.625,T2M,June,6,-0.0243,0.858577,0.0,0.0014,Decreasing,False,0.858577,0.962687,False,False,deg C/decade
24.0,90.625,T2M,July,7,0.1671,0.021043,0.15,0.2106,Increasing,True,0.021043,0.071969,True,False,deg C/decade
24.0,90.625,T2M,August,8,0.0747,0.329625,0.1,0.0413,Increasing,False,0.329625,0.303997,False,False,deg C/decade
24.0,90.625,T2M,September,9,0.3603,2.1e-05,0.3845,0.5519,Increasing,True,2.1e-05,5.7e-05,True,True,deg C/decade
24.0,90.625,T2M,October,10,0.4523,0.006243,0.4292,0.2826,Increasing,True,0.006243,0.008847,True,True,deg C/decade
24.0,90.625,T2M,November,11,0.1945,0.335421,0.1567,0.0404,Increasing,False,0.335421,0.400343,False,False,deg C/decade
24.0,90.625,T2M,December,12,0.0163,0.950399,0.045,0.0002,Increasing,False,0.950399,0.797252,False,False,deg C/decade
24.0,91.25,T2M,January,1,0.0553,0.840656,0.0594,0.0018,Increasing,False,0.840656,0.833426,False,False,deg C/decade
24.0,91.25,T2M,February,2,-0.3415,0.295539,-0.2576,0.0475,Decreasing,False,0.295539,0.35007,False,False,deg C/decade
24.0,91.25,T2M,March,3,-0.2085,0.426025,-0.1895,0.0278,Decreasing,False,0.426025,0.575021,False,False,deg C/decade
24.0,91.25,T2M,April,4,-0.1297,0.682713,-0.0143,0.0074,Decreasing,False,0.682713,1.0,False,False,deg C/decade
24.0,91.25,T2M,May,5,-0.1158,0.595887,-0.131,0.0124,Decreasing,False,0.595887,0.708567,False,False,deg C/decade
24.0,91.25,T2M,June,6,0.0502,0.64153,0.0,0.0096,Increasing,False,0.64153,0.981347,False,False,deg C/decade
24.0,91.25,T2M,July,7,0.1938,0.008443,0.2,0.2651,Increasing,True,0.008443,0.026204,True,True,deg C/decade
24.0,91.25,T2M,August,8,0.0503,0.541878,0.0444,0.0164,Increasing,False,0.541878,0.559305,False,False,deg C/decade
24.0,91.25,T2M,September,9,0.3561,3.7e-05,0.3608,0.5303,Increasing,True,3.7e-05,0.000127,True,True,deg C/decade
24.0,91.25,T2M,October,10,0.4667,0.004375,0.4938,0.3028,Increasing,True,0.004375,0.007235,True,True,deg C/decade
24.0,91.25,T2M,November,11,0.3122,0.081628,0.3279,0.126,Increasing,False,0.081628,0.058524,False,False,deg C/decade
24.0,91.25,T2M,December,12,0.1199,0.621296,0.1888,0.0108,Increasing,False,0.621296,0.623812,False,False,deg C/decade
23.5,89.375,T2M,January,1,0.0063,0.98327,-0.0236,0.0,Increasing,False,0.98327,0.981367,False,False,deg C/decade
23.5,89.375,T2M,February,2,-0.3594,0.329436,-0.3348,0.0414,Decreasing,False,0.329436,0.338024,False,False,deg C/decade
23.5,89.375,T2M,March,3,-0.4473,0.125362,-0.5771,0.0991,Decreasing,False,0.125362,0.117634,False,False,deg C/decade
23.5,89.375,T2M,April,4,-0.3162,0.420339,-0.2421,0.0284,Decreasing,False,0.420339,0.743623,False,False,deg C/decade
23.5,89.375,T2M,May,5,-0.8974,0.005544,-0.9833,0.2894,Decreasing,True,0.005544,0.00584,True,True,deg C/decade
23.5,89.375,T2M,June,6,-0.2348,0.375967,-0.2268,0.0342,Decreasing,False,0.375967,0.35007,False,False,deg C/decade
23.5,89.375,T2M,July,7,0.1408,0.131049,0.1161,0.0963,Increasing,False,0.131049,0.271732,False,False,deg C/decade
23.5,89.375,T2M,August,8,0.0258,0.74138,0.0536,0.0048,Increasing,False,0.74138,0.673949,False,False,deg C/decade
23.5,89.375,T2M,September,9,0.2779,0.000246,0.3068,0.4493,Increasing,True,0.000246,0.000203,True,True,deg C/decade
23.5,89.375,T2M,October,10,0.402,0.030888,0.3477,0.1869,Increasing,True,0.030888,0.028094,True,True,deg C/decade
23.5,89.375,T2M,November,11,0.078,0.746133,0.0336,0.0046,Increasing,False,0.746133,0.907038,False,False,deg C/decade
23.5,89.375,T2M,December,12,-0.1556,0.581543,-0.1472,0.0134,Decreasing,False,0.581543,0.607287,False,False,deg C/decade
23.5,90.0,T2M,January,1,0.0086,0.976568,0.0393,0.0,Increasing,False,0.976568,0.962734,False,False,deg C/decade
23.5,90.0,T2M,February,2,-0.3354,0.342508,-0.3871,0.0392,Decreasing,False,0.342508,0.303997,False,False,deg C/decade
23.5,90.0,T2M,March,3,-0.3911,0.15694,-0.4512,0.0852,Decreasing,False,0.15694,0.154258,False,False,deg C/decade
23.5,90.0,T2M,April,4,-0.2568,0.481367,-0.2131,0.0218,Decreasing,False,0.481367,0.607287,False,False,deg C/decade
23.5,90.0,T2M,May,5,-0.6442,0.016345,-0.6621,0.2259,Decreasing,True,0.016345,0.011635,True,True,deg C/decade
23.5,90.0,T2M,June,6,-0.1397,0.505515,-0.0955,0.0195,Decreasing,False,0.505515,0.575021,False,False,deg C/decade
23.5,90.0,T2M,July,7,0.1662,0.038771,0.1303,0.1728,Increasing,True,0.038771,0.055146,True,False,deg C/decade
23.5,90.0,T2M,August,8,0.0798,0.28039,0.1,0.0505,Increasing,False,0.28039,0.251943,False,False,deg C/decade
23.5,90.0,T2M,September,9,0.32,4.1e-05,0.3854,0.5256,Increasing,True,4.1e-05,0.00014,True,True,deg C/decade
23.5,90.0,T2M,October,10,0.4331,0.009104,0.3786,0.2607,Increasing,True,0.009104,0.014143,True,True,deg C/decade
23.5,90.0,T2M,November,11,0.1155,0.581106,0.1029,0.0134,Increasing,False,0.581106,0.528312,False,False,deg C/decade
23.5,90.0,T2M,December,12,-0.1002,0.701103,-0.1609,0.0065,Decreasing,False,0.701103,0.691342,False,False,deg C/decade
23.5,90.625,T2M,January,1,0.0347,0.9034,0.0784,0.0007,Increasing,False,0.9034,0.797252,False,False,deg C/decade
23.5,90.625,T2M,February,2,-0.3642,0.285484,-0.3175,0.0494,Decreasing,False,0.285484,0.326506,False,False,deg C/decade
23.5,90.625,T2M,March,3,-0.311,0.24497,-0.289,0.0583,Decreasing,False,0.24497,0.198959,False,False,deg C/decade
23.5,90.625,T2M,April,4,-0.1757,0.587038,-0.0824,0.013,Decreasing,False,0.587038,0.691182,False,False,deg C/decade
23.5,90.625,T2M,May,5,-0.3172,0.155908,-0.2971,0.0856,Decreasing,False,0.155908,0.117634,False,False,deg C/decade
23.5,90.625,T2M,June,6,-0.0129,0.92624,0.0,0.0004,Decreasing,False,0.92624,1.0,False,False,deg C/decade
23.5,90.625,T2M,July,7,0.1964,0.005354,0.1764,0.2913,Increasing,True,0.005354,0.010906,True,True,deg C/decade
23.5,90.625,T2M,August,8,0.1062,0.149561,0.1343,0.0881,Increasing,False,0.149561,0.141193,False,False,deg C/decade
23.5,90.625,T2M,September,9,0.3549,9e-06,0.4092,0.5811,Increasing,True,9e-06,7.8e-05,True,True,deg C/decade
23.5,90.625,T2M,October,10,0.4691,0.004065,0.4756,0.3069,Increasing,True,0.004065,0.006257,True,True,deg C/decade
23.5,90.625,T2M,November,11,0.2042,0.294475,0.1838,0.0477,Increasing,False,0.294475,0.362378,False,False,deg C/decade
23.5,90.625,T2M,December,12,0.0035,0.988484,0.023,0.0,Increasing,False,0.988484,0.92555,False,False,deg C/decade
23.0,89.375,T2M,January,1,-0.0327,0.911183,-0.0583,0.0006,Decreasing,False,0.911183,0.870137,False,False,deg C/decade
23.0,89.375,T2M,February,2,-0.3944,0.319205,-0.2604,0.0431,Decreasing,False,0.319205,0.35007,False,False,deg C/decade
23.0,89.375,T2M,March,3,-0.4225,0.172279,-0.4866,0.0794,Decreasing,False,0.172279,0.233613,False,False,deg C/decade
23.0,89.375,T2M,April,4,-0.1927,0.621899,-0.3448,0.0107,Decreasing,False,0.621899,0.623812,False,False,deg C/decade
23.0,89.375,T2M,May,5,-0.8108,0.00741,-0.9028,0.2727,Decreasing,True,0.00741,0.007235,True,True,deg C/decade
23.0,89.375,T2M,June,6,-0.154,0.532103,-0.1842,0.0172,Decreasing,False,0.532103,0.513036,False,False,deg C/decade
23.0,89.375,T2M,July,7,0.1679,0.067826,0.1528,0.1377,Increasing,False,0.067826,0.128578,False,False,deg C/decade
23.0,89.375,T2M,August,8,0.0585,0.448175,0.1095,0.0252,Increasing,False,0.448175,0.314987,False,False,deg C/decade
23.0,89.375,T2M,September,9,0.2905,0.000145,0.3,0.4729,Increasing,True,0.000145,0.000321,True,True,deg C/decade
23.0,89.375,T2M,October,10,0.414,0.02338,0.3913,0.2041,Increasing,True,0.02338,0.061636,True,False,deg C/decade
23.0,89.375,T2M,November,11,0.0774,0.747675,0.0764,0.0046,Increasing,False,0.747675,0.870137,False,False,deg C/decade
23.0,89.375,T2M,December,12,-0.1495,0.585751,-0.2066,0.0131,Decreasing,False,0.585751,0.543589,False,False,deg C/decade
23.0,90.0,T2M,January,1,-0.034,0.907536,-0.0202,0.0006,Decreasing,False,0.907536,0.962734,False,False,deg C/decade
23.0,90.0,T2M,February,2,-0.4302,0.258202,-0.39,0.0552,Decreasing,False,0.258202,0.24278,False,False,deg C/decade
23.0,90.0,T2M,March,3,-0.4407,0.147001,-0.428,0.0892,Decreasing,False,0.147001,0.190794,False,False,deg C/decade
23.0,90.0,T2M,April,4,-0.2088,0.583785,-0.261,0.0132,Decreasing,False,0.583785,0.691342,False,False,deg C/decade
23.0,90.0,T2M,May,5,-0.6657,0.015114,-0.7199,0.2306,Decreasing,True,0.015114,0.009531,True,True,deg C/decade
23.0,90.0,T2M,June,6,-0.1255,0.549093,-0.1139,0.0158,Decreasing,False,0.549093,0.413686,False,False,deg C/decade
23.0,90.0,T2M,July,7,0.175,0.025741,0.1611,0.1982,Increasing,True,0.025741,0.055279,True,False,deg C/decade
23.0,90.0,T2M,August,8,0.0934,0.202255,0.1,0.0697,Increasing,False,0.202255,0.087806,False,False,deg C/decade
23.0,90.0,T2M,September,9,0.3288,3e-05,0.35,0.5385,Increasing,True,3e-05,0.000127,True,True,deg C/decade
23.0,90.0,T2M,October,10,0.4379,0.010523,0.4098,0.2522,Increasing,True,0.010523,0.024917,True,True,deg C/decade
23.0,90.0,T2M,November,11,0.1565,0.461759,0.1407,0.0238,Increasing,False,0.461759,0.559305,False,False,deg C/decade
23.0,90.0,T2M,December,12,-0.0765,0.773364,-0.1,0.0037,Decreasing,False,0.773364,0.708567,False,False,deg C/decade
23.0,91.25,T2M,January,1,0.2464,0.293325,0.2038,0.0479,Increasing,False,0.293325,0.272343,False,False,deg C/decade
23.0,91.25,T2M,February,2,-0.3121,0.317503,-0.1822,0.0434,Decreasing,False,0.317503,0.528312,False,False,deg C/decade
23.0,91.25,T2M,March,3,-0.4598,0.095635,-0.3718,0.1161,Decreasing,False,0.095635,0.175195,False,False,deg C/decade
23.0,91.25,T2M,April,4,-0.3502,0.213636,-0.4036,0.0664,Decreasing,False,0.213636,0.183112,False,False,deg C/decade
23.0,91.25,T2M,May,5,-0.2224,0.276647,-0.1935,0.0512,Decreasing,False,0.276647,0.24278,False,False,deg C/decade
23.0,91.25,T2M,June,6,-0.0077,0.948815,0.0136,0.0002,Decreasing,False,0.948815,0.869996,False,False,deg C/decade
23.0,91.25,T2M,July,7,0.2134,0.00151,0.1896,0.3604,Increasing,True,0.00151,0.00673,True,True,deg C/decade
23.0,91.25,T2M,August,8,0.1272,0.123603,0.1572,0.1,Increasing,False,0.123603,0.12311,False,False,deg C/decade
23.0,91.25,T2M,September,9,0.3811,2e-06,0.385,0.6324,Increasing,True,2e-06,0.00014,True,True,deg C/decade
23.0,91.25,T2M,October,10,0.4938,0.002905,0.4475,0.3254,Increasing,True,0.002905,0.00584,True,True,deg C/decade
23.0,91.25,T2M,November,11,0.4024,0.042915,0.3817,0.1664,Increasing,True,0.042915,0.042053,True,True,deg C/decade
23.0,91.25,T2M,December,12,0.3035,0.186173,0.2345,0.0747,Increasing,False,0.186173,0.374164,False,False,deg C/decade
23.0,91.875,T2M,January,1,0.2152,0.331297,0.2801,0.0411,Increasing,False,0.331297,0.262141,False,False,deg C/decade
23.0,91.875,T2M,February,2,-0.3599,0.239272,-0.2232,0.0597,Decreasing,False,0.239272,0.233613,False,False,deg C/decade
23.0,91.875,T2M,March,3,-0.3645,0.140509,-0.3348,0.092,Decreasing,False,0.140509,0.207124,False,False,deg C/decade
23.0,91.875,T2M,April,4,-0.2755,0.268568,-0.271,0.0529,Decreasing,False,0.268568,0.272343,False,False,deg C/decade
23.0,91.875,T2M,May,5,-0.1445,0.454045,-0.0842,0.0246,Decreasing,False,0.454045,0.708567,False,False,deg C/decade
23.0,91.875,T2M,June,6,0.0132,0.918429,0.0262,0.0005,Increasing,False,0.918429,0.92555,False,False,deg C/decade
23.0,91.875,T2M,July,7,0.2468,0.005696,0.2477,0.2878,Increasing,True,0.005696,0.017118,True,True,deg C/decade
23.0,91.875,T2M,August,8,0.0175,0.852363,0.0,0.0015,Increasing,False,0.852363,1.0,False,False,deg C/decade
23.0,91.875,T2M,September,9,0.4139,1.2e-05,0.4559,0.5728,Increasing,True,1.2e-05,1e-05,True,True,deg C/decade
23.0,91.875,T2M,October,10,0.5122,0.004239,0.5614,0.3045,Increasing,True,0.004239,0.012455,True,True,deg C/decade
23.0,91.875,T2M,November,11,0.4948,0.0157,0.5087,0.2283,Increasing,True,0.0157,0.014143,True,True,deg C/decade
23.0,91.875,T2M,December,12,0.3681,0.10208,0.3,0.112,Increasing,False,0.10208,0.215535,False,False,deg C/decade
22.5,89.375,T2M,January,1,-0.0452,0.871739,-0.0406,0.0012,Decreasing,False,0.871739,0.888527,False,False,deg C/decade
22.5,89.375,T2M,February,2,-0.3537,0.383129,-0.2062,0.0332,Decreasing,False,0.383129,0.400343,False,False,deg C/decade
22.5,89.375,T2M,March,3,-0.3122,0.343557,-0.3944,0.0391,Decreasing,False,0.343557,0.198959,False,False,deg C/decade
22.5,89.375,T2M,April,4,0.1044,0.774123,-0.0363,0.0037,Increasing,False,0.774123,0.90692,False,False,deg C/decade
22.5,89.375,T2M,May,5,-0.4939,0.039496,-0.5809,0.1716,Decreasing,True,0.039496,0.047125,True,True,deg C/decade
22.5,89.375,T2M,June,6,-0.0075,0.971568,-0.015,0.0001,Decreasing,False,0.971568,0.906988,False,False,deg C/decade
22.5,89.375,T2M,July,7,0.2175,0.012006,0.2096,0.2444,Increasing,True,0.012006,0.0207,True,True,deg C/decade
22.5,89.375,T2M,August,8,0.1114,0.114657,0.1513,0.1047,Increasing,False,0.114657,0.071451,False,False,deg C/decade
22.5,89.375,T2M,September,9,0.3195,2.7e-05,0.3348,0.5427,Increasing,True,2.7e-05,7.1e-05,True,True,deg C/decade
22.5,89.375,T2M,October,10,0.4264,0.013702,0.4033,0.2365,Increasing,True,0.013702,0.044258,True,True,deg C/decade
22.5,89.375,T2M,November,11,0.0545,0.826556,0.108,0.0021,Increasing,False,0.826556,0.833516,False,False,deg C/decade
22.5,89.375,T2M,December,12,-0.1015,0.69779,-0.1402,0.0067,Decreasing,False,0.69779,0.623812,False,False,deg C/decade
22.5,90.0,T2M,January,1,-0.0499,0.857994,-0.0604,0.0014,Decreasing,False,0.857994,0.944142,False,False,deg C/decade
22.5,90.0,T2M,February,2,-0.4382,0.260794,-0.3292,0.0546,Decreasing,False,0.260794,0.469063,False,False,deg C/decade
22.5,90.0,T2M,March,3,-0.4126,0.197796,-0.3775,0.071,Decreasing,False,0.197796,0.24278,False,False,deg C/decade
22.5,90.0,T2M,April,4,-0.0418,0.904545,-0.0545,0.0006,Decreasing,False,0.904545,0.92555,False,False,deg C/decade
22.5,90.0,T2M,May,5,-0.503,0.03505,-0.5611,0.1791,Decreasing,True,0.03505,0.026423,True,True,deg C/decade
22.5,90.0,T2M,June,6,-0.0598,0.745836,-0.03,0.0047,Decreasing,False,0.745836,0.797144,False,False,deg C/decade
22.5,90.0,T2M,July,7,0.2069,0.00563,0.1862,0.2885,Increasing,True,0.00563,0.021983,True,True,deg C/decade
22.5,90.0,T2M,August,8,0.1405,0.053592,0.1833,0.1525,Increasing,False,0.053592,0.022055,False,True,deg C/decade
22.5,90.0,T2M,September,9,0.3537,1e-05,0.4,0.5801,Increasing,True,1e-05,7.1e-05,True,True,deg C/decade
22.5,90.0,T2M,October,10,0.4574,0.00701,0.4354,0.2759,Increasing,True,0.00701,0.019484,True,True,deg C/decade
22.5,90.0,T2M,November,11,0.1382,0.53238,0.1518,0.0172,Increasing,False,0.53238,0.623812,False,False,deg C/decade
22.5,90.0,T2M,December,12,-0.0611,0.807046,-0.1225,0.0026,Decreasing,False,0.807046,0.708567,False,False,deg C/decade
22.5,91.875,T2M,January,1,0.0248,0.905476,0.0599,0.0006,Increasing,False,0.905476,0.797252,False,False,deg C/decade
22.5,91.875,T2M,February,2,-0.485,0.117001,-0.4292,0.1034,Decreasing,False,0.117001,0.097277,False,False,deg C/decade
22.5,91.875,T2M,March,3,-0.3412,0.135967,-0.3382,0.094,Decreasing,False,0.135967,0.190794,False,False,deg C/decade
22.5,91.875,T2M,April,4,-0.1884,0.409372,-0.1964,0.0298,Decreasing,False,0.409372,0.387514,False,False,deg C/decade
22.5,91.875,T2M,May,5,-0.1836,0.350447,-0.2063,0.038,Decreasing,False,0.350447,0.399742,False,False,deg C/decade
22.5,91.875,T2M,June,6,-0.0458,0.741442,0.0,0.0048,Decreasing,False,0.741442,1.0,False,False,deg C/decade
22.5,91.875,T2M,July,7,0.2592,0.002549,0.26,0.3325,Increasing,True,0.002549,0.00239,True,True,deg C/decade
22.5,91.875,T2M,August,8,0.1358,0.096929,0.1571,0.1152,Increasing,False,0.096929,0.112157,False,False,deg C/decade
22.5,91.875,T2M,September,9,0.3868,1e-06,0.4114,0.6468,Increasing,True,1e-06,2.9e-05,True,True,deg C/decade
22.5,91.875,T2M,October,10,0.4464,0.002448,0.458,0.3347,Increasing,True,0.002448,0.017179,True,True,deg C/decade
22.5,91.875,T2M,November,11,0.4645,0.012531,0.4661,0.2418,Increasing,True,0.012531,0.013275,True,True,deg C/decade
22.5,91.875,T2M,December,12,0.2568,0.197928,0.2,0.071,Increasing,False,0.197928,0.314987,False,False,deg C/decade
22.5,92.5,T2M,January,1,-0.3075,0.2271,-0.245,0.0628,Decreasing,False,0.2271,0.215785,False,False,deg C/decade
22.5,92.5,T2M,February,2,-0.5439,0.108054,-0.4267,0.1084,Decreasing,False,0.108054,0.106881,False,False,deg C/decade
22.5,92.5,T2M,March,3,-0.2855,0.223608,-0.2563,0.0637,Decreasing,False,0.223608,0.175195,False,False,deg C/decade
22.5,92.5,T2M,April,4,-0.276,0.306783,-0.352,0.0453,Decreasing,False,0.306783,0.183112,False,False,deg C/decade
22.5,92.5,T2M,May,5,-0.335,0.197699,-0.3024,0.0711,Decreasing,False,0.197699,0.24278,False,False,deg C/decade
22.5,92.5,T2M,June,6,-0.2869,0.121634,-0.1944,0.101,Decreasing,False,0.121634,0.252202,False,False,deg C/decade
22.5,92.5,T2M,July,7,0.0699,0.578263,0.1083,0.0136,Increasing,False,0.578263,0.427029,False,False,deg C/decade
22.5,92.5,T2M,August,8,-0.1278,0.207969,-0.0732,0.068,Decreasing,False,0.207969,0.427029,False,False,deg C/decade
22.5,92.5,T2M,September,9,0.2147,0.055907,0.3583,0.1499,Increasing,False,0.055907,0.010177,False,True,deg C/decade
22.5,92.5,T2M,October,10,0.1794,0.3112,0.2186,0.0445,Increasing,False,0.3112,0.190551,False,False,deg C/decade
22.5,92.5,T2M,November,11,0.0411,0.810089,0.0964,0.0026,Increasing,False,0.810089,0.440627,False,False,deg C/decade
22.5,92.5,T2M,December,12,-0.124,0.604945,-0.1105,0.0118,Decreasing,False,0.604945,0.640338,False,False,deg C/decade
22.0,89.375,T2M,January,1,-0.0512,0.827517,0.0311,0.0021,Decreasing,False,0.827517,0.962734,False,False,deg C/decade
22.0,89.375,T2M,February,2,-0.3218,0.343345,-0.445,0.0391,Decreasing,False,0.343345,0.374685,False,False,deg C/decade
22.0,89.375,T2M,March,3,-0.2235,0.383556,-0.2578,0.0332,Decreasing,False,0.383556,0.338024,False,False,deg C/decade
22.0,89.375,T2M,April,4,0.2501,0.32764,0.2024,0.0417,Increasing,False,0.32764,0.469063,False,False,deg C/decade
22.0,89.375,T2M,May,5,-0.15,0.308282,-0.1679,0.0451,Decreasing,False,0.308282,0.314987,False,False,deg C/decade
22.0,89.375,T2M,June,6,0.0935,0.549754,0.0906,0.0158,Increasing,False,0.549754,0.657052,False,False,deg C/decade
22.0,89.375,T2M,July,7,0.2724,0.000877,0.2683,0.3882,Increasing,True,0.000877,0.001873,True,True,deg C/decade
22.0,89.375,T2M,August,8,0.2166,0.0018,0.2683,0.3512,Increasing,True,0.0018,0.002021,True,True,deg C/decade
22.0,89.375,T2M,September,9,0.3515,1e-06,0.3469,0.6449,Increasing,True,1e-06,5e-06,True,True,deg C/decade
22.0,89.375,T2M,October,10,0.4036,0.004079,0.3976,0.3067,Increasing,True,0.004079,0.005813,True,True,deg C/decade
22.0,89.375,T2M,November,11,0.0462,0.825894,0.0607,0.0021,Increasing,False,0.825894,0.870066,False,False,deg C/decade
22.0,89.375,T2M,December,12,-0.1102,0.615984,-0.0974,0.0111,Decreasing,False,0.615984,0.574812,False,False,deg C/decade
22.0,90.625,T2M,January,1,-0.2485,0.207938,-0.2093,0.068,Decreasing,False,0.207938,0.374685,False,False,deg C/decade
22.0,90.625,T2M,February,2,-0.4355,0.129013,-0.4354,0.0973,Decreasing,False,0.129013,0.083856,False,False,deg C/decade
22.0,90.625,T2M,March,3,-0.3198,0.148056,-0.367,0.0888,Decreasing,False,0.148056,0.168221,False,False,deg C/decade
22.0,90.625,T2M,April,4,0.0098,0.961504,-0.0297,0.0001,Increasing,False,0.961504,0.870066,False,False,deg C/decade
22.0,90.625,T2M,May,5,-0.0588,0.626507,-0.1308,0.0105,Decreasing,False,0.626507,0.387514,False,False,deg C/decade
22.0,90.625,T2M,June,6,0.1428,0.197639,0.1267,0.0711,Increasing,False,0.197639,0.233358,False,False,deg C/decade
22.0,90.625,T2M,July,7,0.3562,5.9e-05,0.3333,0.5115,Increasing,True,5.9e-05,7.8e-05,True,True,deg C/decade
22.0,90.625,T2M,August,8,0.3607,0.000117,0.3974,0.4823,Increasing,True,0.000117,0.000152,True,True,deg C/decade
22.0,90.625,T2M,September,9,0.4148,0.0,0.4297,0.745,Increasing,True,0.0,2e-06,True,True,deg C/decade
22.0,90.625,T2M,October,10,0.3407,0.007439,0.3297,0.2725,Increasing,True,0.007439,0.024838,True,True,deg C/decade
22.0,90.625,T2M,November,11,0.0671,0.665273,0.1336,0.0083,Increasing,False,0.665273,0.387514,False,False,deg C/decade
22.0,90.625,T2M,December,12,-0.2715,0.15826,-0.3036,0.0846,Decreasing,False,0.15826,0.282544,False,False,deg C/decade
22.0,92.5,T2M,January,1,-0.5514,0.04777,-0.5739,0.1597,Decreasing,True,0.04777,0.049721,True,True,deg C/decade
22.0,92.5,T2M,February,2,-0.727,0.04489,-0.7,0.1636,Decreasing,True,0.04489,0.037655,True,True,deg C/decade
22.0,92.5,T2M,March,3,-0.3648,0.146102,-0.3461,0.0896,Decreasing,False,0.146102,0.128787,False,False,deg C/decade
22.0,92.5,T2M,April,4,-0.3027,0.26686,-0.358,0.0533,Decreasing,False,0.26686,0.224446,False,False,deg C/decade
22.0,92.5,T2M,May,5,-0.3192,0.197537,-0.3417,0.0711,Decreasing,False,0.197537,0.215535,False,False,deg C/decade
22.0,92.5,T2M,June,6,-0.2347,0.148243,-0.2,0.0887,Decreasing,False,0.148243,0.111896,False,False,deg C/decade
22.0,92.5,T2M,July,7,0.0565,0.642019,0.1406,0.0096,Increasing,False,0.642019,0.252202,False,False,deg C/decade
22.0,92.5,T2M,August,8,-0.0313,0.668444,0.0132,0.0081,Decreasing,False,0.668444,0.888447,False,False,deg C/decade
22.0,92.5,T2M,September,9,0.2362,0.006001,0.2633,0.2849,Increasing,True,0.006001,0.005057,True,True,deg C/decade
22.0,92.5,T2M,October,10,0.2043,0.176954,0.2435,0.0778,Increasing,False,0.176954,0.128787,False,False,deg C/decade
22.0,92.5,T2M,November,11,0.1521,0.368196,0.1944,0.0353,Increasing,False,0.368196,0.293007,False,False,deg C/decade
22.0,92.5,T2M,December,12,-0.1535,0.549315,-0.1934,0.0158,Decreasing,False,0.549315,0.657227,False,False,deg C/decade
21.5,92.5,T2M,January,1,-0.4838,0.091566,-0.6268,0.1188,Decreasing,False,0.091566,0.128996,False,False,deg C/decade
21.5,92.5,T2M,February,2,-0.6664,0.054078,-0.6477,0.1519,Decreasing,False,0.054078,0.029855,False,True,deg C/decade
21.5,92.5,T2M,March,3,-0.2605,0.312405,-0.2764,0.0443,Decreasing,False,0.312405,0.262141,False,False,deg C/decade
21.5,92.5,T2M,April,4,-0.1529,0.551379,-0.2367,0.0156,Decreasing,False,0.551379,0.387514,False,False,deg C/decade
21.5,92.5,T2M,May,5,-0.2056,0.361423,-0.205,0.0363,Decreasing,False,0.361423,0.252461,False,False,deg C/decade
21.5,92.5,T2M,June,6,-0.1595,0.245093,-0.175,0.0583,Decreasing,False,0.245093,0.168221,False,False,deg C/decade
21.5,92.5,T2M,July,7,0.077,0.481905,0.1444,0.0217,Increasing,False,0.481905,0.167756,False,False,deg C/decade
21.5,92.5,T2M,August,8,0.0028,0.966285,0.0528,0.0001,Increasing,False,0.966285,0.454724,False,False,deg C/decade
21.5,92.5,T2M,September,9,0.2017,0.01075,0.1941,0.2509,Increasing,True,0.01075,0.017098,True,True,deg C/decade
21.5,92.5,T2M,October,10,0.1728,0.228633,0.1924,0.0624,Increasing,False,0.228633,0.224446,False,False,deg C/decade
21.5,92.5,T2M,November,11,0.2291,0.204717,0.3202,0.069,Increasing,False,0.204717,0.12311,False,False,deg C/decade
21.5,92.5,T2M,December,12,0.0858,0.735184,0.0793,0.0051,Increasing,False,0.735184,0.815285,False,False,deg C/decade
26.0,88.75,PRECTOTCORR,January,1,-0.0182,0.776034,0.0,0.0036,Decreasing,False,0.776034,0.887754,False,False,mm/day/decade
26.0,88.75,PRECTOTCORR,February,2,0.0729,0.626621,0.0391,0.0105,Increasing,False,0.626621,0.413176,False,False,mm/day/decade
26.0,88.75,PRECTOTCORR,March,3,0.7202,0.020638,0.276,0.2117,Increasing,True,0.020638,0.154033,True,False,mm/day/decade
26.0,88.75,PRECTOTCORR,April,4,0.7661,0.18202,0.5389,0.0761,Increasing,False,0.18202,0.198959,False,False,mm/day/decade
26.0,88.75,PRECTOTCORR,May,5,3.2332,3.9e-05,3.5042,0.5276,Increasing,True,3.9e-05,4.8e-05,True,True,mm/day/decade
26.0,88.75,PRECTOTCORR,June,6,4.6898,0.000136,3.8442,0.4759,Increasing,True,0.000136,0.000141,True,True,mm/day/decade
26.0,88.75,PRECTOTCORR,July,7,1.8505,0.284882,1.2261,0.0495,Increasing,False,0.284882,0.528312,False,False,mm/day/decade
26.0,88.75,PRECTOTCORR,August,8,3.5065,0.017934,3.3421,0.2203,Increasing,True,0.017934,0.033561,True,True,mm/day/decade
26.0,88.75,PRECTOTCORR,September,9,3.6121,0.013025,3.0464,0.2395,Increasing,True,0.013025,0.010177,True,True,mm/day/decade
26.0,88.75,PRECTOTCORR,October,10,0.2516,0.78253,0.2458,0.0034,Increasing,False,0.78253,0.761422,False,False,mm/day/decade
26.0,88.75,PRECTOTCORR,November,11,0.0417,0.730708,-0.0319,0.0052,Increasing,False,0.730708,0.438283,False,False,mm/day/decade
26.0,88.75,PRECTOTCORR,December,12,0.0028,0.944615,0.0,0.0002,Increasing,False,0.944615,0.512897,False,False,mm/day/decade
25.5,89.375,PRECTOTCORR,January,1,0.0392,0.66917,0.0,0.0081,Increasing,False,0.66917,0.687437,False,False,mm/day/decade
25.5,89.375,PRECTOTCORR,February,2,0.0833,0.583035,0.0199,0.0133,Increasing,False,0.583035,0.778945,False,False,mm/day/decade
25.5,89.375,PRECTOTCORR,March,3,0.5385,0.106874,0.1389,0.1091,Increasing,False,0.106874,0.575021,False,False,mm/day/decade
25.5,89.375,PRECTOTCORR,April,4,0.4882,0.534852,0.3475,0.017,Increasing,False,0.534852,0.575021,False,False,mm/day/decade
25.5,89.375,PRECTOTCORR,May,5,3.8209,4.5e-05,3.6986,0.5219,Increasing,True,4.5e-05,9.6e-05,True,True,mm/day/decade
25.5,89.375,PRECTOTCORR,June,6,2.9458,0.006593,2.8981,0.2795,Increasing,True,0.006593,0.010906,True,True,mm/day/decade
25.5,89.375,PRECTOTCORR,July,7,0.8398,0.579314,0.2774,0.0136,Increasing,False,0.579314,0.870137,False,False,mm/day/decade
25.5,89.375,PRECTOTCORR,August,8,1.9632,0.138154,1.9636,0.093,Increasing,False,0.138154,0.079839,False,False,mm/day/decade
25.5,89.375,PRECTOTCORR,September,9,1.7887,0.119414,1.6892,0.1021,Increasing,False,0.119414,0.168221,False,False,mm/day/decade
25.5,89.375,PRECTOTCORR,October,10,0.0286,0.977923,0.4762,0.0,Increasing,False,0.977923,0.761422,False,False,mm/day/decade
25.5,89.375,PRECTOTCORR,November,11,-0.0007,0.99535,-0.0261,0.0,Decreasing,False,0.99535,0.453241,False,False,mm/day/decade
25.5,89.375,PRECTOTCORR,December,12,0.0549,0.444209,0.0,0.0257,Increasing,False,0.444209,0.867159,False,False,mm/day/decade
25.0,88.75,PRECTOTCORR,January,1,0.1497,0.206648,0.0,0.0684,Increasing,False,0.206648,0.72214,False,False,mm/day/decade
25.0,88.75,PRECTOTCORR,February,2,0.1115,0.397272,0.0646,0.0313,Increasing,False,0.397272,0.527636,False,False,mm/day/decade
25.0,88.75,PRECTOTCORR,March,3,0.2121,0.287083,-0.011,0.0491,Increasing,False,0.287083,0.944112,False,False,mm/day/decade
25.0,88.75,PRECTOTCORR,April,4,0.2205,0.665158,0.1611,0.0083,Increasing,False,0.665158,0.640338,False,False,mm/day/decade
25.0,88.75,PRECTOTCORR,May,5,2.4137,9.8e-05,2.47,0.4899,Increasing,True,9.8e-05,0.000204,True,True,mm/day/decade
25.0,88.75,PRECTOTCORR,June,6,0.705,0.274037,0.475,0.0518,Increasing,False,0.274037,0.427029,False,False,mm/day/decade
25.0,88.75,PRECTOTCORR,July,7,1.2265,0.21609,1.3583,0.0657,Increasing,False,0.21609,0.215785,False,False,mm/day/decade
25.0,88.75,PRECTOTCORR,August,8,1.7,0.063089,2.03,0.1422,Increasing,False,0.063089,0.047125,False,True,mm/day/decade
25.0,88.75,PRECTOTCORR,September,9,1.4393,0.065493,1.0619,0.1399,Increasing,False,0.065493,0.233613,False,False,mm/day/decade
25.0,88.75,PRECTOTCORR,October,10,0.3722,0.644056,0.56,0.0094,Increasing,False,0.644056,0.469063,False,False,mm/day/decade
25.0,88.75,PRECTOTCORR,November,11,0.0505,0.690856,-0.013,0.007,Increasing,False,0.690856,0.639361,False,False,mm/day/decade
25.0,88.75,PRECTOTCORR,December,12,0.0944,0.246673,0.0077,0.0579,Increasing,False,0.246673,0.316532,False,False,mm/day/decade
25.0,89.375,PRECTOTCORR,January,1,0.178,0.18321,0.0029,0.0757,Increasing,False,0.18321,0.52212,False,False,mm/day/decade
25.0,89.375,PRECTOTCORR,February,2,0.1125,0.445206,0.0586,0.0256,Increasing,False,0.445206,0.543589,False,False,mm/day/decade
25.0,89.375,PRECTOTCORR,March,3,0.3512,0.248774,0.0144,0.0574,Increasing,False,0.248774,0.944112,False,False,mm/day/decade
25.0,89.375,PRECTOTCORR,April,4,0.4195,0.585855,0.3182,0.0131,Increasing,False,0.585855,0.483403,False,False,mm/day/decade
25.0,89.375,PRECTOTCORR,May,5,3.71,2e-05,3.4917,0.5546,Increasing,True,2e-05,4.8e-05,True,True,mm/day/decade
25.0,89.375,PRECTOTCORR,June,6,1.9395,0.044332,1.6861,0.1644,Increasing,True,0.044332,0.029855,True,True,mm/day/decade
25.0,89.375,PRECTOTCORR,July,7,1.349,0.292815,0.9993,0.048,Increasing,False,0.292815,0.469063,False,False,mm/day/decade
25.0,89.375,PRECTOTCORR,August,8,1.9726,0.087251,2.0196,0.1218,Increasing,False,0.087251,0.055412,False,False,mm/day/decade
25.0,89.375,PRECTOTCORR,September,9,1.3794,0.085557,1.2564,0.1231,Increasing,False,0.085557,0.215785,False,False,mm/day/decade
25.0,89.375,PRECTOTCORR,October,10,0.7226,0.479384,0.9242,0.022,Increasing,False,0.479384,0.293271,False,False,mm/day/decade
25.0,89.375,PRECTOTCORR,November,11,0.0572,0.703243,0.0,0.0064,Increasing,False,0.703243,0.925414,False,False,mm/day/decade
25.0,89.375,PRECTOTCORR,December,12,0.1307,0.23604,0.0087,0.0605,Increasing,False,0.23604,0.44872,False,False,mm/day/decade
25.0,90.0,PRECTOTCORR,January,1,0.1698,0.402456,0.0125,0.0307,Increasing,False,0.402456,0.409309,False,False,mm/day/decade
25.0,90.0,PRECTOTCORR,February,2,0.0825,0.574215,0.0675,0.0139,Increasing,False,0.574215,0.591154,False,False,mm/day/decade
25.0,90.0,PRECTOTCORR,March,3,0.472,0.305944,0.0317,0.0455,Increasing,False,0.305944,0.797144,False,False,mm/day/decade
25.0,90.0,PRECTOTCORR,April,4,0.693,0.512473,0.1533,0.0189,Increasing,False,0.512473,0.870137,False,False,mm/day/decade
25.0,90.0,PRECTOTCORR,May,5,4.8558,3.9e-05,4.5472,0.5283,Increasing,True,3.9e-05,0.000141,True,True,mm/day/decade
25.0,90.0,PRECTOTCORR,June,6,3.7093,0.012843,2.7917,0.2404,Increasing,True,0.012843,0.029855,True,True,mm/day/decade
25.0,90.0,PRECTOTCORR,July,7,1.7811,0.257311,1.4751,0.0554,Increasing,False,0.257311,0.362378,False,False,mm/day/decade
25.0,90.0,PRECTOTCORR,August,8,2.2818,0.095115,1.7815,0.1164,Increasing,False,0.095115,0.026506,False,True,mm/day/decade
25.0,90.0,PRECTOTCORR,September,9,1.2919,0.145013,1.0929,0.09,Increasing,False,0.145013,0.183112,False,False,mm/day/decade
25.0,90.0,PRECTOTCORR,October,10,1.2208,0.266708,1.5219,0.0533,Increasing,False,0.266708,0.272343,False,False,mm/day/decade
25.0,90.0,PRECTOTCORR,November,11,0.0235,0.893501,-0.0247,0.0008,Increasing,False,0.893501,0.673949,False,False,mm/day/decade
25.0,90.0,PRECTOTCORR,December,12,0.1246,0.373734,0.0,0.0345,Increasing,False,0.373734,0.759678,False,False,mm/day/decade
25.0,90.625,PRECTOTCORR,January,1,0.1203,0.618884,0.0134,0.0109,Increasing,False,0.618884,0.605179,False,False,mm/day/decade
25.0,90.625,PRECTOTCORR,February,2,0.0664,0.71097,0.0638,0.0061,Increasing,False,0.71097,0.726095,False,False,mm/day/decade
25.0,90.625,PRECTOTCORR,March,3,0.4976,0.439433,0.2487,0.0262,Increasing,False,0.439433,0.454724,False,False,mm/day/decade
25.0,90.625,PRECTOTCORR,April,4,1.2828,0.370476,0.7346,0.035,Increasing,False,0.370476,0.440876,False,False,mm/day/decade
25.0,90.625,PRECTOTCORR,May,5,6.2172,6.3e-05,6.1047,0.5088,Increasing,True,6.3e-05,0.000352,True,True,mm/day/decade
25.0,90.625,PRECTOTCORR,June,6,6.7959,0.002382,5.7179,0.3362,Increasing,True,0.002382,0.016148,True,True,mm/day/decade
25.0,90.625,PRECTOTCORR,July,7,3.2355,0.108421,2.702,0.1082,Increasing,False,0.108421,0.168221,False,False,mm/day/decade
25.0,90.625,PRECTOTCORR,August,8,3.7555,0.026275,2.8094,0.1969,Increasing,True,0.026275,0.008312,True,True,mm/day/decade
25.0,90.625,PRECTOTCORR,September,9,2.0807,0.080703,1.1712,0.1267,Increasing,False,0.080703,0.065031,False,False,mm/day/decade
25.0,90.625,PRECTOTCORR,October,10,1.8962,0.093065,2.1482,0.1178,Increasing,False,0.093065,0.128996,False,False,mm/day/decade
25.0,90.625,PRECTOTCORR,November,11,-0.0551,0.796288,-0.0028,0.003,Decreasing,False,0.796288,0.981357,False,False,mm/day/decade
25.0,90.625,PRECTOTCORR,December,12,0.0717,0.6924,0.0,0.0069,Increasing,False,0.6924,0.962625,False,False,mm/day/decade
25.0,91.25,PRECTOTCORR,January,1,0.0668,0.679713,0.0,0.0075,Increasing,False,0.679713,0.86883,False,False,mm/day/decade
25.0,91.25,PRECTOTCORR,February,2,0.1234,0.685163,0.1469,0.0073,Increasing,False,0.685163,0.528087,False,False,mm/day/decade
25.0,91.25,PRECTOTCORR,March,3,0.5958,0.472158,0.4107,0.0227,Increasing,False,0.472158,0.272343,False,False,mm/day/decade
25.0,91.25,PRECTOTCORR,April,4,2.4448,0.233759,1.9221,0.061,Increasing,False,0.233759,0.207124,False,False,mm/day/decade
25.0,91.25,PRECTOTCORR,May,5,8.1544,8.6e-05,8.6652,0.4956,Increasing,True,8.6e-05,0.000352,True,True,mm/day/decade
25.0,91.25,PRECTOTCORR,June,6,10.8439,0.000385,10.2548,0.4285,Increasing,True,0.000385,0.003507,True,True,mm/day/decade
25.0,91.25,PRECTOTCORR,July,7,5.8912,0.031373,4.555,0.186,Increasing,True,0.031373,0.047125,True,True,mm/day/decade
25.0,91.25,PRECTOTCORR,August,8,6.9145,0.001299,5.8464,0.3682,Increasing,True,0.001299,0.000597,True,True,mm/day/decade
25.0,91.25,PRECTOTCORR,September,9,4.0686,0.019378,3.125,0.2156,Increasing,True,0.019378,0.013275,True,True,mm/day/decade
25.0,91.25,PRECTOTCORR,October,10,2.8572,0.025885,2.8958,0.1979,Increasing,True,0.025885,0.092566,True,False,mm/day/decade
25.0,91.25,PRECTOTCORR,November,11,-0.0963,0.726869,-0.0354,0.0054,Decreasing,False,0.726869,0.833426,False,False,mm/day/decade
25.0,91.25,PRECTOTCORR,December,12,-0.0085,0.972611,-0.008,0.0001,Decreasing,False,0.972611,0.708212,False,False,mm/day/decade
25.0,91.875,PRECTOTCORR,January,1,0.0729,0.631,0.0,0.0102,Increasing,False,0.631,0.688262,False,False,mm/day/decade
25.0,91.875,PRECTOTCORR,February,2,0.095,0.773545,0.1219,0.0037,Increasing,False,0.773545,0.528087,False,False,mm/day/decade
25.0,91.875,PRECTOTCORR,March,3,0.5514,0.518577,0.3952,0.0183,Increasing,False,0.518577,0.303997,False,False,mm/day/decade
25.0,91.875,PRECTOTCORR,April,4,2.4265,0.256429,1.8264,0.0556,Increasing,False,0.256429,0.315252,False,False,mm/day/decade
25.0,91.875,PRECTOTCORR,May,5,8.148,0.000126,8.6875,0.4791,Increasing,True,0.000126,0.000502,True,True,mm/day/decade
25.0,91.875,PRECTOTCORR,June,6,11.2678,0.000336,10.9702,0.4349,Increasing,True,0.000336,0.002217,True,True,mm/day/decade
25.0,91.875,PRECTOTCORR,July,7,5.9892,0.032654,4.5615,0.1835,Increasing,True,0.032654,0.033561,True,True,mm/day/decade
25.0,91.875,PRECTOTCORR,August,8,7.0785,0.001124,6.0723,0.3757,Increasing,True,0.001124,0.001169,True,True,mm/day/decade
25.0,91.875,PRECTOTCORR,September,9,4.4242,0.01464,3.5355,0.2325,Increasing,True,0.01464,0.012455,True,True,mm/day/decade
25.0,91.875,PRECTOTCORR,October,10,3.1504,0.015157,2.9208,0.2305,Increasing,True,0.015157,0.075822,True,False,mm/day/decade
25.0,91.875,PRECTOTCORR,November,11,-0.1244,0.660408,-0.0348,0.0085,Decreasing,False,0.660408,0.761169,False,False,mm/day/decade
25.0,91.875,PRECTOTCORR,December,12,-0.0697,0.791531,-0.02,0.0031,Decreasing,False,0.791531,0.558517,False,False,mm/day/decade
24.5,88.75,PRECTOTCORR,January,1,0.2575,0.133213,0.0,0.0953,Increasing,False,0.133213,0.603238,False,False,mm/day/decade
24.5,88.75,PRECTOTCORR,February,2,0.1474,0.27327,0.0867,0.0519,Increasing,False,0.27327,0.413091,False,False,mm/day/decade
24.5,88.75,PRECTOTCORR,March,3,0.1083,0.584622,0.0432,0.0132,Increasing,False,0.584622,0.797252,False,False,mm/day/decade
24.5,88.75,PRECTOTCORR,April,4,0.3649,0.491895,0.2427,0.0208,Increasing,False,0.491895,0.623812,False,False,mm/day/decade
24.5,88.75,PRECTOTCORR,May,5,2.2641,0.000105,2.3283,0.487,Increasing,True,0.000105,0.00017,True,True,mm/day/decade
24.5,88.75,PRECTOTCORR,June,6,0.1493,0.838708,0.1214,0.0018,Increasing,False,0.838708,0.907038,False,False,mm/day/decade
24.5,88.75,PRECTOTCORR,July,7,1.3302,0.175258,1.2658,0.0784,Increasing,False,0.175258,0.252461,False,False,mm/day/decade
24.5,88.75,PRECTOTCORR,August,8,1.6536,0.033842,1.8162,0.1813,Increasing,True,0.033842,0.047125,True,True,mm/day/decade
24.5,88.75,PRECTOTCORR,September,9,1.2561,0.053654,1.0,0.1524,Increasing,False,0.053654,0.183112,False,False,mm/day/decade
24.5,88.75,PRECTOTCORR,October,10,0.6459,0.435681,0.775,0.0266,Increasing,False,0.435681,0.252461,False,False,mm/day/decade
24.5,88.75,PRECTOTCORR,November,11,0.0548,0.711573,0.0087,0.0061,Increasing,False,0.711573,0.70755,False,False,mm/day/decade
24.5,88.75,PRECTOTCORR,December,12,0.1875,0.163911,0.0167,0.0825,Increasing,False,0.163911,0.098679,False,False,mm/day/decade
24.5,89.375,PRECTOTCORR,January,1,0.3158,0.074661,0.0286,0.1316,Increasing,False,0.074661,0.311081,False,False,mm/day/decade
24.5,89.375,PRECTOTCORR,February,2,0.1523,0.303353,0.1,0.046,Increasing,False,0.303353,0.314987,False,False,mm/day/decade
24.5,89.375,PRECTOTCORR,March,3,0.2289,0.443642,-0.0029,0.0257,Increasing,False,0.443642,1.0,False,False,mm/day/decade
24.5,89.375,PRECTOTCORR,April,4,0.6454,0.416527,0.4669,0.0289,Increasing,False,0.416527,0.528312,False,False,mm/day/decade
24.5,89.375,PRECTOTCORR,May,5,3.5952,1.5e-05,3.4667,0.564,Increasing,True,1.5e-05,0.000246,True,True,mm/day/decade
24.5,89.375,PRECTOTCORR,June,6,1.4651,0.158705,1.5317,0.0845,Increasing,False,0.158705,0.252461,False,False,mm/day/decade
24.5,89.375,PRECTOTCORR,July,7,1.8484,0.142721,1.7356,0.091,Increasing,False,0.142721,0.233613,False,False,mm/day/decade
24.5,89.375,PRECTOTCORR,August,8,2.4243,0.019137,2.3219,0.2163,Increasing,True,0.019137,0.015116,True,True,mm/day/decade
24.5,89.375,PRECTOTCORR,September,9,1.5168,0.030056,1.3063,0.1886,Increasing,True,0.030056,0.117634,True,False,mm/day/decade
24.5,89.375,PRECTOTCORR,October,10,1.3928,0.182457,1.4415,0.0759,Increasing,False,0.182457,0.154258,False,False,mm/day/decade
24.5,89.375,PRECTOTCORR,November,11,0.1043,0.582037,0.0283,0.0134,Increasing,False,0.582037,0.558589,False,False,mm/day/decade
24.5,89.375,PRECTOTCORR,December,12,0.257,0.136982,0.0293,0.0936,Increasing,False,0.136982,0.151326,False,False,mm/day/decade
24.5,90.0,PRECTOTCORR,January,1,0.2922,0.154166,0.025,0.0863,Increasing,False,0.154166,0.187876,False,False,mm/day/decade
24.5,90.0,PRECTOTCORR,February,2,0.1238,0.422721,0.0933,0.0282,Increasing,False,0.422721,0.483403,False,False,mm/day/decade
24.5,90.0,PRECTOTCORR,March,3,0.3329,0.452928,0.0101,0.0247,Increasing,False,0.452928,1.0,False,False,mm/day/decade
24.5,90.0,PRECTOTCORR,April,4,0.8966,0.405567,0.2162,0.0303,Increasing,False,0.405567,0.77922,False,False,mm/day/decade
24.5,90.0,PRECTOTCORR,May,5,4.5525,2.8e-05,4.483,0.5405,Increasing,True,2.8e-05,0.000141,True,True,mm/day/decade
24.5,90.0,PRECTOTCORR,June,6,2.7164,0.045201,2.439,0.1632,Increasing,True,0.045201,0.117634,True,False,mm/day/decade
24.5,90.0,PRECTOTCORR,July,7,2.1221,0.168834,1.9548,0.0807,Increasing,False,0.168834,0.183112,False,False,mm/day/decade
24.5,90.0,PRECTOTCORR,August,8,2.8878,0.027276,2.5285,0.1946,Increasing,True,0.027276,0.016148,True,True,mm/day/decade
24.5,90.0,PRECTOTCORR,September,9,1.3836,0.107616,1.5631,0.1086,Increasing,False,0.107616,0.168221,False,False,mm/day/decade
24.5,90.0,PRECTOTCORR,October,10,1.9522,0.080657,2.1837,0.1268,Increasing,False,0.080657,0.141193,False,False,mm/day/decade
24.5,90.0,PRECTOTCORR,November,11,0.1133,0.637199,0.0764,0.0098,Increasing,False,0.637199,0.512806,False,False,mm/day/decade
24.5,90.0,PRECTOTCORR,December,12,0.2682,0.19661,0.0232,0.0714,Increasing,False,0.19661,0.411037,False,False,mm/day/decade
24.5,90.625,PRECTOTCORR,January,1,0.1719,0.427161,0.0286,0.0276,Increasing,False,0.427161,0.394166,False,False,mm/day/decade
24.5,90.625,PRECTOTCORR,February,2,0.0947,0.593567,0.0847,0.0126,Increasing,False,0.593567,0.673949,False,False,mm/day/decade
24.5,90.625,PRECTOTCORR,March,3,0.3486,0.553907,0.1798,0.0154,Increasing,False,0.553907,0.607287,False,False,mm/day/decade
24.5,90.625,PRECTOTCORR,April,4,1.1818,0.373102,0.4522,0.0346,Increasing,False,0.373102,0.362378,False,False,mm/day/decade
24.5,90.625,PRECTOTCORR,May,5,5.2995,6.2e-05,5.2637,0.5093,Increasing,True,6.2e-05,0.000502,True,True,mm/day/decade
24.5,90.625,PRECTOTCORR,June,6,4.2882,0.012313,3.4853,0.2429,Increasing,True,0.012313,0.039802,True,True,mm/day/decade
24.5,90.625,PRECTOTCORR,July,7,2.5228,0.150743,2.1936,0.0876,Increasing,False,0.150743,0.252461,False,False,mm/day/decade
24.5,90.625,PRECTOTCORR,August,8,3.7188,0.012976,2.6472,0.2398,Increasing,True,0.012976,0.004371,True,True,mm/day/decade
24.5,90.625,PRECTOTCORR,September,9,1.7402,0.109129,1.5906,0.1078,Increasing,False,0.109129,0.141193,False,False,mm/day/decade
24.5,90.625,PRECTOTCORR,October,10,2.3749,0.031731,2.169,0.1853,Increasing,True,0.031731,0.068427,True,False,mm/day/decade
24.5,90.625,PRECTOTCORR,November,11,0.0652,0.822449,0.0817,0.0022,Increasing,False,0.822449,0.528087,False,False,mm/day/decade
24.5,90.625,PRECTOTCORR,December,12,0.2305,0.363422,0.0065,0.036,Increasing,False,0.363422,0.833247,False,False,mm/day/decade
24.5,91.25,PRECTOTCORR,January,1,0.0501,0.740977,0.0,0.0048,Increasing,False,0.740977,0.794605,False,False,mm/day/decade
24.5,91.25,PRECTOTCORR,February,2,0.1193,0.629367,0.0778,0.0103,Increasing,False,0.629367,0.708567,False,False,mm/day/decade
24.5,91.25,PRECTOTCORR,March,3,0.4466,0.51609,0.3992,0.0186,Increasing,False,0.51609,0.293271,False,False,mm/day/decade
24.5,91.25,PRECTOTCORR,April,4,1.6407,0.321446,1.1944,0.0427,Increasing,False,0.321446,0.387514,False,False,mm/day/decade
24.5,91.25,PRECTOTCORR,May,5,6.1803,0.000196,6.5412,0.4598,Increasing,True,0.000196,0.000991,True,True,mm/day/decade
24.5,91.25,PRECTOTCORR,June,6,5.9248,0.005197,5.8265,0.293,Increasing,True,0.005197,0.016148,True,True,mm/day/decade
24.5,91.25,PRECTOTCORR,July,7,2.9658,0.114933,2.1188,0.1045,Increasing,False,0.114933,0.141193,False,False,mm/day/decade
24.5,91.25,PRECTOTCORR,August,8,4.9938,0.000967,4.2207,0.3833,Increasing,True,0.000967,0.000597,True,True,mm/day/decade
24.5,91.25,PRECTOTCORR,September,9,2.9436,0.022172,2.5521,0.2074,Increasing,True,0.022172,0.018332,True,True,mm/day/decade
24.5,91.25,PRECTOTCORR,October,10,2.7595,0.013869,2.5263,0.2358,Increasing,True,0.013869,0.065031,True,False,mm/day/decade
24.5,91.25,PRECTOTCORR,November,11,0.0469,0.895595,0.0437,0.0008,Increasing,False,0.895595,0.760958,False,False,mm/day/decade
24.5,91.25,PRECTOTCORR,December,12,0.1834,0.571706,0.0,0.0141,Increasing,False,0.571706,1.0,False,False,mm/day/decade
24.5,91.875,PRECTOTCORR,January,1,0.0578,0.693799,0.0,0.0069,Increasing,False,0.693799,1.0,False,False,mm/day/decade
24.5,91.875,PRECTOTCORR,February,2,0.0821,0.75849,0.0723,0.0042,Increasing,False,0.75849,0.761422,False,False,mm/day/decade
24.5,91.875,PRECTOTCORR,March,3,0.3965,0.567813,0.3775,0.0144,Increasing,False,0.567813,0.326506,False,False,mm/day/decade
24.5,91.875,PRECTOTCORR,April,4,1.3955,0.409092,1.0896,0.0298,Increasing,False,0.409092,0.440876,False,False,mm/day/decade
24.5,91.875,PRECTOTCORR,May,5,5.9662,0.000368,6.285,0.4306,Increasing,True,0.000368,0.001616,True,True,mm/day/decade
24.5,91.875,PRECTOTCORR,June,6,5.8489,0.005731,5.4159,0.2875,Increasing,True,0.005731,0.033561,True,True,mm/day/decade
24.5,91.875,PRECTOTCORR,July,7,2.5782,0.160638,1.8879,0.0837,Increasing,False,0.160638,0.183112,False,False,mm/day/decade
24.5,91.875,PRECTOTCORR,August,8,4.7805,0.001105,4.1491,0.3765,Increasing,True,0.001105,0.000839,True,True,mm/day/decade
24.5,91.875,PRECTOTCORR,September,9,3.1747,0.013243,3.0091,0.2385,Increasing,True,0.013243,0.010906,True,True,mm/day/decade
24.5,91.875,PRECTOTCORR,October,10,2.9238,0.008424,2.6947,0.2653,Increasing,True,0.008424,0.052567,True,False,mm/day/decade
24.5,91.875,PRECTOTCORR,November,11,0.0418,0.906735,0.036,0.0006,Increasing,False,0.906735,0.815186,False,False,mm/day/decade
24.5,91.875,PRECTOTCORR,December,12,0.125,0.709312,-0.0092,0.0062,Increasing,False,0.709312,0.814855,False,False,mm/day/decade
24.0,88.75,PRECTOTCORR,January,1,0.2185,0.161888,0.0183,0.0832,Increasing,False,0.161888,0.334123,False,False,mm/day/decade
24.0,88.75,PRECTOTCORR,February,2,0.2,0.1992,0.1071,0.0706,Increasing,False,0.1992,0.361503,False,False,mm/day/decade
24.0,88.75,PRECTOTCORR,March,3,0.0608,0.773183,0.0255,0.0037,Increasing,False,0.773183,0.870137,False,False,mm/day/decade
24.0,88.75,PRECTOTCORR,April,4,0.6094,0.272298,0.3648,0.0521,Increasing,False,0.272298,0.413431,False,False,mm/day/decade
24.0,88.75,PRECTOTCORR,May,5,2.2362,0.000351,2.2536,0.4328,Increasing,True,0.000351,0.000708,True,True,mm/day/decade
24.0,88.75,PRECTOTCORR,June,6,-0.0825,0.913802,0.0062,0.0005,Decreasing,False,0.913802,1.0,False,False,mm/day/decade
24.0,88.75,PRECTOTCORR,July,7,1.351,0.235875,1.4703,0.0605,Increasing,False,0.235875,0.233613,False,False,mm/day/decade
24.0,88.75,PRECTOTCORR,August,8,1.9816,0.014211,1.9835,0.2343,Increasing,True,0.014211,0.011635,True,True,mm/day/decade
24.0,88.75,PRECTOTCORR,September,9,1.309,0.041269,1.225,0.1689,Increasing,True,0.041269,0.088211,True,False,mm/day/decade
24.0,88.75,PRECTOTCORR,October,10,0.7338,0.362197,0.6827,0.0362,Increasing,False,0.362197,0.440876,False,False,mm/day/decade
24.0,88.75,PRECTOTCORR,November,11,0.0386,0.823624,0.0215,0.0022,Increasing,False,0.823624,0.605643,False,False,mm/day/decade
24.0,88.75,PRECTOTCORR,December,12,0.2976,0.126058,0.0286,0.0987,Increasing,False,0.126058,0.099804,False,False,mm/day/decade
24.0,89.375,PRECTOTCORR,January,1,0.3038,0.070876,0.05,0.1349,Increasing,False,0.070876,0.162925,False,False,mm/day/decade
24.0,89.375,PRECTOTCORR,February,2,0.2155,0.205838,0.1,0.0686,Increasing,False,0.205838,0.31437,False,False,mm/day/decade
24.0,89.375,PRECTOTCORR,March,3,0.175,0.550645,0.0542,0.0157,Increasing,False,0.550645,0.833516,False,False,mm/day/decade
24.0,89.375,PRECTOTCORR,April,4,0.9526,0.230684,0.5216,0.0618,Increasing,False,0.230684,0.387255,False,False,mm/day/decade
24.0,89.375,PRECTOTCORR,May,5,3.487,2.6e-05,3.6196,0.5432,Increasing,True,2.6e-05,0.000246,True,True,mm/day/decade
24.0,89.375,PRECTOTCORR,June,6,0.9678,0.314879,0.6771,0.0439,Increasing,False,0.314879,0.528312,False,False,mm/day/decade
24.0,89.375,PRECTOTCORR,July,7,2.1688,0.119184,1.8682,0.1022,Increasing,False,0.119184,0.168221,False,False,mm/day/decade
24.0,89.375,PRECTOTCORR,August,8,3.0536,0.002503,2.8867,0.3335,Increasing,True,0.002503,0.002589,True,True,mm/day/decade
24.0,89.375,PRECTOTCORR,September,9,1.8132,0.015775,1.5734,0.228,Increasing,True,0.015775,0.02077,True,True,mm/day/decade
24.0,89.375,PRECTOTCORR,October,10,1.7205,0.089538,1.6019,0.1202,Increasing,False,0.089538,0.101987,False,False,mm/day/decade
24.0,89.375,PRECTOTCORR,November,11,0.1379,0.538846,0.0775,0.0166,Increasing,False,0.538846,0.303469,False,False,mm/day/decade
24.0,89.375,PRECTOTCORR,December,12,0.3975,0.103447,0.0646,0.1111,Increasing,False,0.103447,0.086881,False,False,mm/day/decade
24.0,90.0,PRECTOTCORR,January,1,0.2782,0.072626,0.05,0.1334,Increasing,False,0.072626,0.089716,False,False,mm/day/decade
24.0,90.0,PRECTOTCORR,February,2,0.1788,0.339631,0.0962,0.0397,Increasing,False,0.339631,0.483403,False,False,mm/day/decade
24.0,90.0,PRECTOTCORR,March,3,0.2448,0.544597,0.0861,0.0162,Increasing,False,0.544597,0.77922,False,False,mm/day/decade
24.0,90.0,PRECTOTCORR,April,4,0.9545,0.329216,0.5417,0.0414,Increasing,False,0.329216,0.528312,False,False,mm/day/decade
24.0,90.0,PRECTOTCORR,May,5,3.9463,4e-05,4.0232,0.5269,Increasing,True,4e-05,0.000116,True,True,mm/day/decade
24.0,90.0,PRECTOTCORR,June,6,1.3342,0.216446,1.2286,0.0656,Increasing,False,0.216446,0.293271,False,False,mm/day/decade
24.0,90.0,PRECTOTCORR,July,7,2.1752,0.16381,2.2533,0.0825,Increasing,False,0.16381,0.198959,False,False,mm/day/decade
24.0,90.0,PRECTOTCORR,August,8,3.3311,0.005824,3.0917,0.2866,Increasing,True,0.005824,0.001616,True,True,mm/day/decade
24.0,90.0,PRECTOTCORR,September,9,1.394,0.130482,1.3417,0.0966,Increasing,False,0.130482,0.058524,False,False,mm/day/decade
24.0,90.0,PRECTOTCORR,October,10,2.2305,0.040606,2.1,0.1699,Increasing,True,0.040606,0.075822,True,False,mm/day/decade
24.0,90.0,PRECTOTCORR,November,11,0.207,0.480394,0.1707,0.0219,Increasing,False,0.480394,0.314635,False,False,mm/day/decade
24.0,90.0,PRECTOTCORR,December,12,0.4158,0.132495,0.0437,0.0956,Increasing,False,0.132495,0.173857,False,False,mm/day/decade
24.0,90.625,PRECTOTCORR,January,1,0.14,0.292873,0.0583,0.048,Increasing,False,0.292873,0.177415,False,False,mm/day/decade
24.0,90.625,PRECTOTCORR,February,2,0.1209,0.547712,0.0501,0.0159,Increasing,False,0.547712,0.77922,False,False,mm/day/decade
24.0,90.625,PRECTOTCORR,March,3,0.2505,0.620347,0.1625,0.0108,Increasing,False,0.620347,0.623812,False,False,mm/day/decade
24.0,90.625,PRECTOTCORR,April,4,0.762,0.487457,0.2909,0.0212,Increasing,False,0.487457,0.797252,False,False,mm/day/decade
24.0,90.625,PRECTOTCORR,May,5,3.8364,0.000344,3.7639,0.4338,Increasing,True,0.000344,0.002044,True,True,mm/day/decade
24.0,90.625,PRECTOTCORR,June,6,1.5738,0.180251,1.7178,0.0767,Increasing,False,0.180251,0.252461,False,False,mm/day/decade
24.0,90.625,PRECTOTCORR,July,7,1.7469,0.27551,1.2004,0.0515,Increasing,False,0.27551,0.400343,False,False,mm/day/decade
24.0,90.625,PRECTOTCORR,August,8,3.439,0.008167,2.978,0.2671,Increasing,True,0.008167,0.000545,True,True,mm/day/decade
24.0,90.625,PRECTOTCORR,September,9,1.209,0.255043,1.7212,0.0559,Increasing,False,0.255043,0.049721,False,True,mm/day/decade
24.0,90.625,PRECTOTCORR,October,10,2.2948,0.0278,1.9937,0.1935,Increasing,True,0.0278,0.052567,True,False,mm/day/decade
24.0,90.625,PRECTOTCORR,November,11,0.2183,0.562549,0.1873,0.0148,Increasing,False,0.562549,0.399742,False,False,mm/day/decade
24.0,90.625,PRECTOTCORR,December,12,0.377,0.235374,0.0218,0.0606,Increasing,False,0.235374,0.574603,False,False,mm/day/decade
24.0,91.25,PRECTOTCORR,January,1,0.0036,0.979073,0.0,0.0,Increasing,False,0.979073,0.584167,False,False,mm/day/decade
24.0,91.25,PRECTOTCORR,February,2,0.087,0.701902,0.0183,0.0065,Increasing,False,0.701902,0.92555,False,False,mm/day/decade
24.0,91.25,PRECTOTCORR,March,3,0.2475,0.658256,0.1815,0.0087,Increasing,False,0.658256,0.374685,False,False,mm/day/decade
24.0,91.25,PRECTOTCORR,April,4,0.5789,0.643951,0.3321,0.0094,Increasing,False,0.643951,0.657227,False,False,mm/day/decade
24.0,91.25,PRECTOTCORR,May,5,3.5468,0.005628,3.7792,0.2885,Increasing,True,0.005628,0.004714,True,True,mm/day/decade
24.0,91.25,PRECTOTCORR,June,6,1.8188,0.19343,1.524,0.0724,Increasing,False,0.19343,0.252461,False,False,mm/day/decade
24.0,91.25,PRECTOTCORR,July,7,1.1497,0.4688,0.8892,0.023,Increasing,False,0.4688,0.469063,False,False,mm/day/decade
24.0,91.25,PRECTOTCORR,August,8,3.3298,0.005477,2.6458,0.2901,Increasing,True,0.005477,0.000597,True,True,mm/day/decade
24.0,91.25,PRECTOTCORR,September,9,1.3388,0.194032,1.5429,0.0722,Increasing,False,0.194032,0.042053,False,True,mm/day/decade
24.0,91.25,PRECTOTCORR,October,10,1.9932,0.03813,1.4265,0.1738,Increasing,True,0.03813,0.072124,True,False,mm/day/decade
24.0,91.25,PRECTOTCORR,November,11,0.1798,0.690698,0.1591,0.007,Increasing,False,0.690698,0.440294,False,False,mm/day/decade
24.0,91.25,PRECTOTCORR,December,12,0.3361,0.359103,0.0053,0.0367,Increasing,False,0.359103,0.869902,False,False,mm/day/decade
23.5,89.375,PRECTOTCORR,January,1,0.1979,0.144153,0.0275,0.0904,Increasing,False,0.144153,0.248027,False,False,mm/day/decade
23.5,89.375,PRECTOTCORR,February,2,0.3126,0.166349,0.0978,0.0816,Increasing,False,0.166349,0.223856,False,False,mm/day/decade
23.5,89.375,PRECTOTCORR,March,3,0.1866,0.537151,0.1124,0.0168,Increasing,False,0.537151,0.726095,False,False,mm/day/decade
23.5,89.375,PRECTOTCORR,April,4,1.1595,0.109995,0.471,0.1073,Increasing,False,0.109995,0.272343,False,False,mm/day/decade
23.5,89.375,PRECTOTCORR,May,5,3.4507,9.2e-05,3.6786,0.4926,Increasing,True,9.2e-05,0.000268,True,True,mm/day/decade
23.5,89.375,PRECTOTCORR,June,6,0.5343,0.544685,0.6367,0.0162,Increasing,False,0.544685,0.543589,False,False,mm/day/decade
23.5,89.375,PRECTOTCORR,July,7,2.5679,0.106803,2.14,0.1091,Increasing,False,0.106803,0.079839,False,False,mm/day/decade
23.5,89.375,PRECTOTCORR,August,8,3.6506,0.001508,3.2401,0.3605,Increasing,True,0.001508,0.000502,True,True,mm/day/decade
23.5,89.375,PRECTOTCORR,September,9,2.0052,0.010818,2.1103,0.2506,Increasing,True,0.010818,0.00774,True,True,mm/day/decade
23.5,89.375,PRECTOTCORR,October,10,1.7456,0.077299,1.5754,0.1295,Increasing,False,0.077299,0.097277,False,False,mm/day/decade
23.5,89.375,PRECTOTCORR,November,11,0.2491,0.406015,0.1227,0.0302,Increasing,False,0.406015,0.190228,False,False,mm/day/decade
23.5,89.375,PRECTOTCORR,December,12,0.4672,0.111629,0.0553,0.1063,Increasing,False,0.111629,0.145585,False,False,mm/day/decade
23.5,90.0,PRECTOTCORR,January,1,0.1939,0.136974,0.0458,0.0936,Increasing,False,0.136974,0.198924,False,False,mm/day/decade
23.5,90.0,PRECTOTCORR,February,2,0.2762,0.253824,0.0552,0.0562,Increasing,False,0.253824,0.38665,False,False,mm/day/decade
23.5,90.0,PRECTOTCORR,March,3,0.2448,0.537451,0.0781,0.0168,Increasing,False,0.537451,0.815285,False,False,mm/day/decade
23.5,90.0,PRECTOTCORR,April,4,1.0972,0.210468,0.4119,0.0673,Increasing,False,0.210468,0.469063,False,False,mm/day/decade
23.5,90.0,PRECTOTCORR,May,5,3.7898,0.000179,3.8267,0.4636,Increasing,True,0.000179,0.000991,True,True,mm/day/decade
23.5,90.0,PRECTOTCORR,June,6,0.5862,0.561851,0.4889,0.0148,Increasing,False,0.561851,0.640338,False,False,mm/day/decade
23.5,90.0,PRECTOTCORR,July,7,2.5159,0.142812,1.6833,0.091,Increasing,False,0.142812,0.272343,False,False,mm/day/decade
23.5,90.0,PRECTOTCORR,August,8,4.0553,0.002239,3.4187,0.3395,Increasing,True,0.002239,0.000352,True,True,mm/day/decade
23.5,90.0,PRECTOTCORR,September,9,1.5988,0.115548,1.8312,0.1042,Increasing,False,0.115548,0.018332,False,True,mm/day/decade
23.5,90.0,PRECTOTCORR,October,10,2.3178,0.037679,1.9571,0.1746,Increasing,True,0.037679,0.049721,True,True,mm/day/decade
23.5,90.0,PRECTOTCORR,November,11,0.421,0.26923,0.3156,0.0528,Increasing,False,0.26923,0.146989,False,False,mm/day/decade
23.5,90.0,PRECTOTCORR,December,12,0.4675,0.144351,0.0513,0.0903,Increasing,False,0.144351,0.14018,False,False,mm/day/decade
23.5,90.625,PRECTOTCORR,January,1,0.1219,0.396979,0.027,0.0314,Increasing,False,0.396979,0.27382,False,False,mm/day/decade
23.5,90.625,PRECTOTCORR,February,2,0.1952,0.425393,0.0074,0.0278,Increasing,False,0.425393,0.888447,False,False,mm/day/decade
23.5,90.625,PRECTOTCORR,March,3,0.3212,0.528804,0.1833,0.0175,Increasing,False,0.528804,0.607287,False,False,mm/day/decade
23.5,90.625,PRECTOTCORR,April,4,0.9088,0.37928,0.1658,0.0338,Increasing,False,0.37928,0.657227,False,False,mm/day/decade
23.5,90.625,PRECTOTCORR,May,5,3.5954,0.001672,3.759,0.3551,Increasing,True,0.001672,0.006285,True,True,mm/day/decade
23.5,90.625,PRECTOTCORR,June,6,0.8242,0.491546,0.8231,0.0208,Increasing,False,0.491546,0.607287,False,False,mm/day/decade
23.5,90.625,PRECTOTCORR,July,7,2.2699,0.232254,1.5406,0.0614,Increasing,False,0.232254,0.498219,False,False,mm/day/decade
23.5,90.625,PRECTOTCORR,August,8,4.4643,0.004744,3.4143,0.2982,Increasing,True,0.004744,0.000352,True,True,mm/day/decade
23.5,90.625,PRECTOTCORR,September,9,1.5073,0.216016,2.2833,0.0657,Increasing,False,0.216016,0.026506,False,True,mm/day/decade
23.5,90.625,PRECTOTCORR,October,10,2.3293,0.033014,2.1386,0.1828,Increasing,True,0.033014,0.033561,True,True,mm/day/decade
23.5,90.625,PRECTOTCORR,November,11,0.5294,0.289174,0.3218,0.0487,Increasing,False,0.289174,0.251337,False,False,mm/day/decade
23.5,90.625,PRECTOTCORR,December,12,0.4189,0.247452,0.0423,0.0577,Increasing,False,0.247452,0.360977,False,False,mm/day/decade
23.0,89.375,PRECTOTCORR,January,1,0.1409,0.311459,0.0051,0.0445,Increasing,False,0.311459,0.418258,False,False,mm/day/decade
23.0,89.375,PRECTOTCORR,February,2,0.4317,0.137725,0.1392,0.0932,Increasing,False,0.137725,0.167756,False,False,mm/day/decade
23.0,89.375,PRECTOTCORR,March,3,0.1971,0.557277,0.0959,0.0152,Increasing,False,0.557277,0.833516,False,False,mm/day/decade
23.0,89.375,PRECTOTCORR,April,4,1.1221,0.08058,0.5844,0.1268,Increasing,False,0.08058,0.387514,False,False,mm/day/decade
23.0,89.375,PRECTOTCORR,May,5,3.2499,0.00066,3.3188,0.4024,Increasing,True,0.00066,0.001487,True,True,mm/day/decade
23.0,89.375,PRECTOTCORR,June,6,0.5684,0.561075,0.605,0.0149,Increasing,False,0.561075,0.657227,False,False,mm/day/decade
23.0,89.375,PRECTOTCORR,July,7,3.2294,0.078205,2.6123,0.1287,Increasing,False,0.078205,0.042053,False,True,mm/day/decade
23.0,89.375,PRECTOTCORR,August,8,4.0558,0.003642,3.2363,0.313,Increasing,True,0.003642,0.000246,True,True,mm/day/decade
23.0,89.375,PRECTOTCORR,September,9,2.2007,0.009946,2.2667,0.2555,Increasing,True,0.009946,0.018332,True,True,mm/day/decade
23.0,89.375,PRECTOTCORR,October,10,1.7938,0.098285,1.5171,0.1143,Increasing,False,0.098285,0.088211,False,False,mm/day/decade
23.0,89.375,PRECTOTCORR,November,11,0.4526,0.306135,0.2,0.0455,Increasing,False,0.306135,0.140035,False,False,mm/day/decade
23.0,89.375,PRECTOTCORR,December,12,0.4432,0.137911,0.0563,0.0932,Increasing,False,0.137911,0.115495,False,False,mm/day/decade
23.0,90.0,PRECTOTCORR,January,1,0.166,0.277106,0.0,0.0511,Increasing,False,0.277106,0.415067,False,False,mm/day/decade
23.0,90.0,PRECTOTCORR,February,2,0.3609,0.226621,0.0613,0.0629,Increasing,False,0.226621,0.527108,False,False,mm/day/decade
23.0,90.0,PRECTOTCORR,March,3,0.2394,0.562637,0.1184,0.0148,Increasing,False,0.562637,0.906988,False,False,mm/day/decade
23.0,90.0,PRECTOTCORR,April,4,1.2541,0.138382,0.3702,0.0929,Increasing,False,0.138382,0.303997,False,False,mm/day/decade
23.0,90.0,PRECTOTCORR,May,5,3.771,0.001175,3.7985,0.3734,Increasing,True,0.001175,0.001895,True,True,mm/day/decade
23.0,90.0,PRECTOTCORR,June,6,0.8422,0.478724,0.9167,0.022,Increasing,False,0.478724,0.528312,False,False,mm/day/decade
23.0,90.0,PRECTOTCORR,July,7,3.4562,0.084721,2.5563,0.1237,Increasing,False,0.084721,0.128996,False,False,mm/day/decade
23.0,90.0,PRECTOTCORR,August,8,4.9494,0.002066,3.5533,0.3438,Increasing,True,0.002066,0.000105,True,True,mm/day/decade
23.0,90.0,PRECTOTCORR,September,9,2.1502,0.057614,2.8448,0.148,Increasing,False,0.057614,0.007235,False,True,mm/day/decade
23.0,90.0,PRECTOTCORR,October,10,2.5826,0.032903,2.0875,0.183,Increasing,True,0.032903,0.042166,True,True,mm/day/decade
23.0,90.0,PRECTOTCORR,November,11,0.7806,0.14433,0.369,0.0903,Increasing,False,0.14433,0.106626,False,False,mm/day/decade
23.0,90.0,PRECTOTCORR,December,12,0.4092,0.191995,0.0578,0.0728,Increasing,False,0.191995,0.100366,False,False,mm/day/decade
23.0,91.25,PRECTOTCORR,January,1,0.1945,0.403357,0.0,0.0305,Increasing,False,0.403357,0.457035,False,False,mm/day/decade
23.0,91.25,PRECTOTCORR,February,2,0.1289,0.605935,0.0333,0.0118,Increasing,False,0.605935,0.833426,False,False,mm/day/decade
23.0,91.25,PRECTOTCORR,March,3,0.6184,0.298427,0.2867,0.0469,Increasing,False,0.298427,0.35007,False,False,mm/day/decade
23.0,91.25,PRECTOTCORR,April,4,1.5931,0.20517,0.4287,0.0688,Increasing,False,0.20517,0.400343,False,False,mm/day/decade
23.0,91.25,PRECTOTCORR,May,5,3.6603,0.008365,3.4911,0.2657,Increasing,True,0.008365,0.014196,True,True,mm/day/decade
23.0,91.25,PRECTOTCORR,June,6,3.5948,0.04444,3.7442,0.1643,Increasing,True,0.04444,0.037655,True,True,mm/day/decade
23.0,91.25,PRECTOTCORR,July,7,5.7304,0.085963,3.8136,0.1228,Increasing,False,0.085963,0.154258,False,False,mm/day/decade
23.0,91.25,PRECTOTCORR,August,8,7.5275,0.001486,6.0345,0.3612,Increasing,True,0.001486,0.000295,True,True,mm/day/decade
23.0,91.25,PRECTOTCORR,September,9,4.1947,0.015933,4.4987,0.2274,Increasing,True,0.015933,0.000991,True,True,mm/day/decade
23.0,91.25,PRECTOTCORR,October,10,2.4352,0.024407,2.3292,0.2015,Increasing,True,0.024407,0.010906,True,True,mm/day/decade
23.0,91.25,PRECTOTCORR,November,11,0.7901,0.236989,0.2598,0.0602,Increasing,False,0.236989,0.190794,False,False,mm/day/decade
23.0,91.25,PRECTOTCORR,December,12,0.3194,0.352381,0.0387,0.0377,Increasing,False,0.352381,0.34403,False,False,mm/day/decade
23.0,91.875,PRECTOTCORR,January,1,0.2,0.394979,0.0067,0.0316,Increasing,False,0.394979,0.317082,False,False,mm/day/decade
23.0,91.875,PRECTOTCORR,February,2,0.1108,0.655044,0.0464,0.0088,Increasing,False,0.655044,0.72576,False,False,mm/day/decade
23.0,91.875,PRECTOTCORR,March,3,0.6958,0.240527,0.2919,0.0594,Increasing,False,0.240527,0.387514,False,False,mm/day/decade
23.0,91.875,PRECTOTCORR,April,4,1.6113,0.20472,0.4941,0.069,Increasing,False,0.20472,0.272343,False,False,mm/day/decade
23.0,91.875,PRECTOTCORR,May,5,3.5207,0.01396,3.3183,0.2354,Increasing,True,0.01396,0.023486,True,True,mm/day/decade
23.0,91.875,PRECTOTCORR,June,6,3.7883,0.039146,3.8225,0.1722,Increasing,True,0.039146,0.042166,True,True,mm/day/decade
23.0,91.875,PRECTOTCORR,July,7,5.9234,0.084149,4.4273,0.1241,Increasing,False,0.084149,0.128996,False,False,mm/day/decade
23.0,91.875,PRECTOTCORR,August,8,7.6788,0.001546,5.9059,0.3592,Increasing,True,0.001546,0.000502,True,True,mm/day/decade
23.0,91.875,PRECTOTCORR,September,9,4.5533,0.007645,4.6909,0.2709,Increasing,True,0.007645,0.000545,True,True,mm/day/decade
23.0,91.875,PRECTOTCORR,October,10,2.5681,0.016429,2.4833,0.2256,Increasing,True,0.016429,0.011635,True,True,mm/day/decade
23.0,91.875,PRECTOTCORR,November,11,0.7911,0.232124,0.2634,0.0615,Increasing,False,0.232124,0.349807,False,False,mm/day/decade
23.0,91.875,PRECTOTCORR,December,12,0.3235,0.33905,0.0268,0.0398,Increasing,False,0.33905,0.438956,False,False,mm/day/decade
22.5,89.375,PRECTOTCORR,January,1,0.1165,0.449519,0.0,0.0251,Increasing,False,0.449519,0.846436,False,False,mm/day/decade
22.5,89.375,PRECTOTCORR,February,2,0.4885,0.163327,0.1031,0.0827,Increasing,False,0.163327,0.160782,False,False,mm/day/decade
22.5,89.375,PRECTOTCORR,March,3,0.145,0.693312,-0.0207,0.0069,Increasing,False,0.693312,0.870066,False,False,mm/day/decade
22.5,89.375,PRECTOTCORR,April,4,0.7907,0.139529,0.55,0.0924,Increasing,False,0.139529,0.413431,False,False,mm/day/decade
22.5,89.375,PRECTOTCORR,May,5,2.7691,0.004526,2.75,0.3009,Increasing,True,0.004526,0.010177,True,True,mm/day/decade
22.5,89.375,PRECTOTCORR,June,6,1.1082,0.318204,0.8942,0.0433,Increasing,False,0.318204,0.272343,False,False,mm/day/decade
22.5,89.375,PRECTOTCORR,July,7,4.1945,0.048787,3.255,0.1584,Increasing,True,0.048787,0.044529,True,True,mm/day/decade
22.5,89.375,PRECTOTCORR,August,8,4.4537,0.005189,2.7744,0.2931,Increasing,True,0.005189,7.9e-05,True,True,mm/day/decade
22.5,89.375,PRECTOTCORR,September,9,2.5138,0.007682,3.0083,0.2706,Increasing,True,0.007682,0.02077,True,True,mm/day/decade
22.5,89.375,PRECTOTCORR,October,10,2.1542,0.074633,1.6319,0.1317,Increasing,False,0.074633,0.088211,False,False,mm/day/decade
22.5,89.375,PRECTOTCORR,November,11,0.6486,0.262394,0.2,0.0543,Increasing,False,0.262394,0.175117,False,False,mm/day/decade
22.5,89.375,PRECTOTCORR,December,12,0.4055,0.14475,0.0286,0.0902,Increasing,False,0.14475,0.221736,False,False,mm/day/decade
22.5,90.0,PRECTOTCORR,January,1,0.1628,0.339759,0.0023,0.0397,Increasing,False,0.339759,0.52212,False,False,mm/day/decade
22.5,90.0,PRECTOTCORR,February,2,0.4153,0.259221,0.0464,0.055,Increasing,False,0.259221,0.349543,False,False,mm/day/decade
22.5,90.0,PRECTOTCORR,March,3,0.2327,0.599435,0.0,0.0122,Increasing,False,0.599435,1.0,False,False,mm/day/decade
22.5,90.0,PRECTOTCORR,April,4,1.1983,0.125402,0.5375,0.0991,Increasing,False,0.125402,0.400343,False,False,mm/day/decade
22.5,90.0,PRECTOTCORR,May,5,3.6728,0.003874,3.7233,0.3095,Increasing,True,0.003874,0.004714,True,True,mm/day/decade
22.5,90.0,PRECTOTCORR,June,6,2.3226,0.118181,2.0632,0.1028,Increasing,False,0.118181,0.168221,False,False,mm/day/decade
22.5,90.0,PRECTOTCORR,July,7,5.8786,0.031883,4.9063,0.185,Increasing,True,0.031883,0.018332,True,True,mm/day/decade
22.5,90.0,PRECTOTCORR,August,8,6.4229,0.001162,4.5182,0.374,Increasing,True,0.001162,5.3e-05,True,True,mm/day/decade
22.5,90.0,PRECTOTCORR,September,9,3.28,0.012503,3.869,0.242,Increasing,True,0.012503,0.001895,True,True,mm/day/decade
22.5,90.0,PRECTOTCORR,October,10,3.491,0.011166,2.9942,0.2487,Increasing,True,0.011166,0.016148,True,True,mm/day/decade
22.5,90.0,PRECTOTCORR,November,11,1.2115,0.095306,0.4071,0.1163,Increasing,False,0.095306,0.075662,False,False,mm/day/decade
22.5,90.0,PRECTOTCORR,December,12,0.4259,0.164557,0.0475,0.0822,Increasing,False,0.164557,0.210058,False,False,mm/day/decade
22.5,91.875,PRECTOTCORR,January,1,0.1963,0.299815,0.0,0.0466,Increasing,False,0.299815,0.396691,False,False,mm/day/decade
22.5,91.875,PRECTOTCORR,February,2,0.1005,0.70657,0.0656,0.0063,Increasing,False,0.70657,0.440294,False,False,mm/day/decade
22.5,91.875,PRECTOTCORR,March,3,0.6826,0.147161,0.4029,0.0891,Increasing,False,0.147161,0.128996,False,False,mm/day/decade
22.5,91.875,PRECTOTCORR,April,4,1.8946,0.126791,0.7855,0.0984,Increasing,False,0.126791,0.088211,False,False,mm/day/decade
22.5,91.875,PRECTOTCORR,May,5,3.8205,0.013506,4.3458,0.2374,Increasing,True,0.013506,0.015116,True,True,mm/day/decade
22.5,91.875,PRECTOTCORR,June,6,6.1552,0.004669,5.9625,0.2991,Increasing,True,0.004669,0.003507,True,True,mm/day/decade
22.5,91.875,PRECTOTCORR,July,7,9.6023,0.038824,8.1233,0.1727,Increasing,True,0.038824,0.016148,True,True,mm/day/decade
22.5,91.875,PRECTOTCORR,August,8,10.0231,0.000151,9.4023,0.4712,Increasing,True,0.000151,7.9e-05,True,True,mm/day/decade
22.5,91.875,PRECTOTCORR,September,9,6.7493,0.003804,6.8368,0.3106,Increasing,True,0.003804,0.000708,True,True,mm/day/decade
22.5,91.875,PRECTOTCORR,October,10,3.4649,0.004601,3.2936,0.2999,Increasing,True,0.004601,0.008312,True,True,mm/day/decade
22.5,91.875,PRECTOTCORR,November,11,1.066,0.161674,0.35,0.0833,Increasing,False,0.161674,0.215535,False,False,mm/day/decade
22.5,91.875,PRECTOTCORR,December,12,0.3755,0.148451,0.0367,0.0886,Increasing,False,0.148451,0.167414,False,False,mm/day/decade
22.5,92.5,PRECTOTCORR,January,1,0.1656,0.23345,0.0,0.0611,Increasing,False,0.23345,0.400984,False,False,mm/day/decade
22.5,92.5,PRECTOTCORR,February,2,0.0143,0.939024,0.0233,0.0003,Increasing,False,0.939024,0.673557,False,False,mm/day/decade
22.5,92.5,PRECTOTCORR,March,3,0.6575,0.087333,0.3662,0.1218,Increasing,False,0.087333,0.140976,False,False,mm/day/decade
22.5,92.5,PRECTOTCORR,April,4,1.5864,0.107973,0.8941,0.1084,Increasing,False,0.107973,0.028094,False,True,mm/day/decade
22.5,92.5,PRECTOTCORR,May,5,3.5238,0.015071,4.0858,0.2308,Increasing,True,0.015071,0.009531,True,True,mm/day/decade
22.5,92.5,PRECTOTCORR,June,6,6.8871,0.002716,6.5745,0.3291,Increasing,True,0.002716,0.001895,True,True,mm/day/decade
22.5,92.5,PRECTOTCORR,July,7,9.3208,0.029681,8.0145,0.1894,Increasing,True,0.029681,0.005449,True,True,mm/day/decade
22.5,92.5,PRECTOTCORR,August,8,9.1818,9.9e-05,9.0,0.4894,Increasing,True,9.9e-05,0.000116,True,True,mm/day/decade
22.5,92.5,PRECTOTCORR,September,9,6.3137,4.9e-05,5.9958,0.519,Increasing,True,4.9e-05,4.4e-05,True,True,mm/day/decade
22.5,92.5,PRECTOTCORR,October,10,3.1163,0.002794,3.0125,0.3276,Increasing,True,0.002794,0.010906,True,True,mm/day/decade
22.5,92.5,PRECTOTCORR,November,11,0.8946,0.117833,0.3317,0.103,Increasing,False,0.117833,0.206876,False,False,mm/day/decade
22.5,92.5,PRECTOTCORR,December,12,0.371,0.059676,0.033,0.1458,Increasing,False,0.059676,0.346448,False,False,mm/day/decade
22.0,89.375,PRECTOTCORR,January,1,0.1008,0.525953,0.0,0.0177,Increasing,False,0.525953,0.611292,False,False,mm/day/decade
22.0,89.375,PRECTOTCORR,February,2,0.4652,0.217674,0.1,0.0653,Increasing,False,0.217674,0.190551,False,False,mm/day/decade
22.0,89.375,PRECTOTCORR,March,3,0.1583,0.679325,0.0716,0.0076,Increasing,False,0.679325,0.833426,False,False,mm/day/decade
22.0,89.375,PRECTOTCORR,April,4,0.6302,0.182947,0.5367,0.0758,Increasing,False,0.182947,0.469063,False,False,mm/day/decade
22.0,89.375,PRECTOTCORR,May,5,2.7673,0.004631,2.5158,0.2996,Increasing,True,0.004631,0.008884,True,True,mm/day/decade
22.0,89.375,PRECTOTCORR,June,6,2.2198,0.092016,1.5542,0.1185,Increasing,False,0.092016,0.117634,False,False,mm/day/decade
22.0,89.375,PRECTOTCORR,July,7,5.561,0.025371,4.1496,0.1991,Increasing,True,0.025371,0.018332,True,True,mm/day/decade
22.0,89.375,PRECTOTCORR,August,8,5.1308,0.001917,3.5344,0.3478,Increasing,True,0.001917,0.000204,True,True,mm/day/decade
22.0,89.375,PRECTOTCORR,September,9,3.1178,0.002449,3.4563,0.3347,Increasing,True,0.002449,0.00377,True,True,mm/day/decade
22.0,89.375,PRECTOTCORR,October,10,2.5935,0.040332,2.1944,0.1703,Increasing,True,0.040332,0.055412,True,False,mm/day/decade
22.0,89.375,PRECTOTCORR,November,11,0.7354,0.260046,0.1804,0.0548,Increasing,False,0.260046,0.251856,False,False,mm/day/decade
22.0,89.375,PRECTOTCORR,December,12,0.4418,0.114485,0.0333,0.1048,Increasing,False,0.114485,0.267859,False,False,mm/day/decade
22.0,90.625,PRECTOTCORR,January,1,0.3059,0.216988,0.0148,0.0655,Increasing,False,0.216988,0.128455,False,False,mm/day/decade
22.0,90.625,PRECTOTCORR,February,2,0.9179,0.26903,0.2205,0.0528,Increasing,False,0.26903,0.075289,False,False,mm/day/decade
22.0,90.625,PRECTOTCORR,March,3,1.0918,0.149101,0.3929,0.0883,Increasing,False,0.149101,0.293271,False,False,mm/day/decade
22.0,90.625,PRECTOTCORR,April,4,3.1315,0.055359,1.6614,0.1505,Increasing,False,0.055359,0.033465,False,True,mm/day/decade
22.0,90.625,PRECTOTCORR,May,5,7.6031,0.000423,6.8583,0.424,Increasing,True,0.000423,0.002217,True,True,mm/day/decade
22.0,90.625,PRECTOTCORR,June,6,11.9611,0.001225,10.0489,0.3712,Increasing,True,0.001225,0.000839,True,True,mm/day/decade
22.0,90.625,PRECTOTCORR,July,7,18.2695,0.008955,14.8065,0.2617,Increasing,True,0.008955,0.006285,True,True,mm/day/decade
22.0,90.625,PRECTOTCORR,August,8,15.6886,5.6e-05,13.5167,0.5137,Increasing,True,5.6e-05,3e-06,True,True,mm/day/decade
22.0,90.625,PRECTOTCORR,September,9,9.3702,0.000607,9.1,0.4065,Increasing,True,0.000607,0.000352,True,True,mm/day/decade
22.0,90.625,PRECTOTCORR,October,10,7.8658,0.001353,5.8679,0.3661,Increasing,True,0.001353,0.003016,True,True,mm/day/decade
22.0,90.625,PRECTOTCORR,November,11,2.4368,0.128454,0.754,0.0976,Increasing,False,0.128454,0.068427,False,False,mm/day/decade
22.0,90.625,PRECTOTCORR,December,12,0.7489,0.112507,0.0442,0.1059,Increasing,False,0.112507,0.136251,False,False,mm/day/decade
22.0,92.5,PRECTOTCORR,January,1,0.172,0.153901,0.0,0.0864,Increasing,False,0.153901,0.211669,False,False,mm/day/decade
22.0,92.5,PRECTOTCORR,February,2,0.0497,0.791729,0.0211,0.0031,Increasing,False,0.791729,0.605973,False,False,mm/day/decade
22.0,92.5,PRECTOTCORR,March,3,0.5495,0.151092,0.3255,0.0875,Increasing,False,0.151092,0.096912,False,False,mm/day/decade
22.0,92.5,PRECTOTCORR,April,4,1.4358,0.108177,1.0225,0.1083,Increasing,False,0.108177,0.072124,False,False,mm/day/decade
22.0,92.5,PRECTOTCORR,May,5,3.0958,0.04441,3.5783,0.1643,Increasing,True,0.04441,0.042166,True,True,mm/day/decade
22.0,92.5,PRECTOTCORR,June,6,8.0498,0.001753,7.6333,0.3525,Increasing,True,0.001753,0.001616,True,True,mm/day/decade
22.0,92.5,PRECTOTCORR,July,7,10.9921,0.019334,10.3968,0.2157,Increasing,True,0.019334,0.008312,True,True,mm/day/decade
22.0,92.5,PRECTOTCORR,August,8,9.5038,4.8e-05,10.881,0.5198,Increasing,True,4.8e-05,2.9e-05,True,True,mm/day/decade
22.0,92.5,PRECTOTCORR,September,9,7.1565,0.000247,6.3558,0.4491,Increasing,True,0.000247,6.5e-05,True,True,mm/day/decade
22.0,92.5,PRECTOTCORR,October,10,3.4525,0.00282,3.305,0.327,Increasing,True,0.00282,0.007235,True,True,mm/day/decade
22.0,92.5,PRECTOTCORR,November,11,0.9058,0.105054,0.3596,0.1102,Increasing,False,0.105054,0.140976,False,False,mm/day/decade
22.0,92.5,PRECTOTCORR,December,12,0.3741,0.046772,0.1303,0.1611,Increasing,True,0.046772,0.082136,True,False,mm/day/decade
21.5,92.5,PRECTOTCORR,January,1,0.176,0.132111,0.008,0.0958,Increasing,False,0.132111,0.175455,False,False,mm/day/decade
21.5,92.5,PRECTOTCORR,February,2,0.1046,0.567445,0.0077,0.0144,Increasing,False,0.567445,0.47766,False,False,mm/day/decade
21.5,92.5,PRECTOTCORR,March,3,0.4309,0.294502,0.1667,0.0477,Increasing,False,0.294502,0.241663,False,False,mm/day/decade
21.5,92.5,PRECTOTCORR,April,4,1.1044,0.162126,0.9614,0.0832,Increasing,False,0.162126,0.079839,False,False,mm/day/decade
21.5,92.5,PRECTOTCORR,May,5,2.4606,0.124718,2.2766,0.0994,Increasing,False,0.124718,0.168221,False,False,mm/day/decade
21.5,92.5,PRECTOTCORR,June,6,8.3187,0.003997,9.3063,0.3078,Increasing,True,0.003997,0.002589,True,True,mm/day/decade
21.5,92.5,PRECTOTCORR,July,7,11.682,0.012601,12.1982,0.2415,Increasing,True,0.012601,0.007235,True,True,mm/day/decade
21.5,92.5,PRECTOTCORR,August,8,9.3536,7.1e-05,11.4841,0.5036,Increasing,True,7.1e-05,2.9e-05,True,True,mm/day/decade
21.5,92.5,PRECTOTCORR,September,9,7.2635,0.001334,6.2546,0.3668,Increasing,True,0.001334,0.000116,True,True,mm/day/decade
21.5,92.5,PRECTOTCORR,October,10,3.6602,0.003068,3.1389,0.3224,Increasing,True,0.003068,0.009531,True,True,mm/day/decade
21.5,92.5,PRECTOTCORR,November,11,0.8018,0.104466,0.45,0.1105,Increasing,False,0.104466,0.100428,False,False,mm/day/decade
21.5,92.5,PRECTOTCORR,December,12,0.2695,0.122375,0.0789,0.1006,Increasing,False,0.122375,0.110861,False,False,mm/day/decade
26.0,88.75,GWETTOP,January,1,0.0345,0.046943,0.0304,0.1608,Increasing,True,0.046943,0.105731,True,False,dimensionless (0-1 fraction)/decade
26.0,88.75,GWETTOP,February,2,0.027,0.076551,0.0067,0.1301,Increasing,False,0.076551,0.321616,False,False,dimensionless (0-1 fraction)/decade
26.0,88.75,GWETTOP,March,3,0.0397,0.03298,0.0267,0.1829,Increasing,True,0.03298,0.150949,True,False,dimensionless (0-1 fraction)/decade
26.0,88.75,GWETTOP,April,4,0.0478,0.02448,0.0458,0.2013,Increasing,True,0.02448,0.046604,True,True,dimensionless (0-1 fraction)/decade
26.0,88.75,GWETTOP,May,5,0.0898,0.001879,0.0878,0.3489,Increasing,True,0.001879,0.007552,True,True,dimensionless (0-1 fraction)/decade
26.0,88.75,GWETTOP,June,6,0.1327,3e-06,0.1255,0.6212,Increasing,True,3e-06,1.2e-05,True,True,dimensionless (0-1 fraction)/decade
26.0,88.75,GWETTOP,July,7,0.0686,0.000722,0.0571,0.398,Increasing,True,0.000722,0.001033,True,True,dimensionless (0-1 fraction)/decade
26.0,88.75,GWETTOP,August,8,0.0438,0.001281,0.0333,0.3689,Increasing,True,0.001281,0.001656,True,True,dimensionless (0-1 fraction)/decade
26.0,88.75,GWETTOP,September,9,0.0418,0.000506,0.0333,0.4154,Increasing,True,0.000506,0.000743,True,True,dimensionless (0-1 fraction)/decade
26.0,88.75,GWETTOP,October,10,0.0308,0.007309,0.0333,0.2735,Increasing,True,0.007309,0.019398,True,True,dimensionless (0-1 fraction)/decade
26.0,88.75,GWETTOP,November,11,0.0418,0.041375,0.0414,0.1687,Increasing,True,0.041375,0.061021,True,False,dimensionless (0-1 fraction)/decade
26.0,88.75,GWETTOP,December,12,0.044,0.03548,0.0488,0.1783,Increasing,True,0.03548,0.075502,True,False,dimensionless (0-1 fraction)/decade
25.5,89.375,GWETTOP,January,1,0.0295,0.114364,0.0261,0.1048,Increasing,False,0.114364,0.19724,False,False,dimensionless (0-1 fraction)/decade
25.5,89.375,GWETTOP,February,2,0.0199,0.157768,0.0108,0.0848,Increasing,False,0.157768,0.496176,False,False,dimensionless (0-1 fraction)/decade
25.5,89.375,GWETTOP,March,3,0.0324,0.055385,0.029,0.1504,Increasing,False,0.055385,0.146546,False,False,dimensionless (0-1 fraction)/decade
25.5,89.375,GWETTOP,April,4,0.0352,0.147482,0.0333,0.089,Increasing,False,0.147482,0.232591,False,False,dimensionless (0-1 fraction)/decade
25.5,89.375,GWETTOP,May,5,0.0892,0.004579,0.0775,0.3002,Increasing,True,0.004579,0.006601,True,True,dimensionless (0-1 fraction)/decade
25.5,89.375,GWETTOP,June,6,0.0991,0.000365,0.1,0.431,Increasing,True,0.000365,0.001597,True,True,dimensionless (0-1 fraction)/decade
25.5,89.375,GWETTOP,July,7,0.0486,0.005134,0.05,0.2937,Increasing,True,0.005134,0.008712,True,True,dimensionless (0-1 fraction)/decade
25.5,89.375,GWETTOP,August,8,0.0288,0.014186,0.0261,0.2344,Increasing,True,0.014186,0.040231,True,True,dimensionless (0-1 fraction)/decade
25.5,89.375,GWETTOP,September,9,0.0252,0.025588,0.0188,0.1986,Increasing,True,0.025588,0.040305,True,True,dimensionless (0-1 fraction)/decade
25.5,89.375,GWETTOP,October,10,0.0158,0.232646,0.016,0.0613,Increasing,False,0.232646,0.219774,False,False,dimensionless (0-1 fraction)/decade
25.5,89.375,GWETTOP,November,11,0.0257,0.245111,0.0261,0.0583,Increasing,False,0.245111,0.242007,False,False,dimensionless (0-1 fraction)/decade
25.5,89.375,GWETTOP,December,12,0.0255,0.26328,0.0286,0.0541,Increasing,False,0.26328,0.303204,False,False,dimensionless (0-1 fraction)/decade
25.0,88.75,GWETTOP,January,1,0.0488,0.041351,0.0392,0.1688,Increasing,True,0.041351,0.121198,True,False,dimensionless (0-1 fraction)/decade
25.0,88.75,GWETTOP,February,2,0.0373,0.053872,0.0299,0.1522,Increasing,False,0.053872,0.159943,False,False,dimensionless (0-1 fraction)/decade
25.0,88.75,GWETTOP,March,3,0.0393,0.07269,0.0333,0.1333,Increasing,False,0.07269,0.087228,False,False,dimensionless (0-1 fraction)/decade
25.0,88.75,GWETTOP,April,4,0.0282,0.18362,0.02,0.0755,Increasing,False,0.18362,0.173067,False,False,dimensionless (0-1 fraction)/decade
25.0,88.75,GWETTOP,May,5,0.0582,0.01422,0.05,0.2343,Increasing,True,0.01422,0.031059,True,True,dimensionless (0-1 fraction)/decade
25.0,88.75,GWETTOP,June,6,0.0702,0.00985,0.0568,0.2561,Increasing,True,0.00985,0.015916,True,True,dimensionless (0-1 fraction)/decade
25.0,88.75,GWETTOP,July,7,0.043,0.02578,0.05,0.1981,Increasing,True,0.02578,0.015687,True,True,dimensionless (0-1 fraction)/decade
25.0,88.75,GWETTOP,August,8,0.0438,0.018248,0.0464,0.2192,Increasing,True,0.018248,0.010662,True,True,dimensionless (0-1 fraction)/decade
25.0,88.75,GWETTOP,September,9,0.041,0.00874,0.0306,0.2631,Increasing,True,0.00874,0.011318,True,True,dimensionless (0-1 fraction)/decade
25.0,88.75,GWETTOP,October,10,0.0282,0.080041,0.027,0.1273,Increasing,False,0.080041,0.082898,False,False,dimensionless (0-1 fraction)/decade
25.0,88.75,GWETTOP,November,11,0.0364,0.125967,0.04,0.0988,Increasing,False,0.125967,0.087459,False,False,dimensionless (0-1 fraction)/decade
25.0,88.75,GWETTOP,December,12,0.0451,0.092165,0.05,0.1184,Increasing,False,0.092165,0.140252,False,False,dimensionless (0-1 fraction)/decade
25.0,89.375,GWETTOP,January,1,0.0439,0.051998,0.041,0.1544,Increasing,False,0.051998,0.182315,False,False,dimensionless (0-1 fraction)/decade
25.0,89.375,GWETTOP,February,2,0.0356,0.046555,0.025,0.1613,Increasing,True,0.046555,0.181276,True,False,dimensionless (0-1 fraction)/decade
25.0,89.375,GWETTOP,March,3,0.0358,0.046857,0.0357,0.1609,Increasing,True,0.046857,0.126765,True,False,dimensionless (0-1 fraction)/decade
25.0,89.375,GWETTOP,April,4,0.0303,0.194598,0.0282,0.072,Increasing,False,0.194598,0.361503,False,False,dimensionless (0-1 fraction)/decade
25.0,89.375,GWETTOP,May,5,0.0881,0.003692,0.0703,0.3122,Increasing,True,0.003692,0.004279,True,True,dimensionless (0-1 fraction)/decade
25.0,89.375,GWETTOP,June,6,0.0959,0.002223,0.0913,0.3399,Increasing,True,0.002223,0.011965,True,True,dimensionless (0-1 fraction)/decade
25.0,89.375,GWETTOP,July,7,0.051,0.006052,0.0577,0.2844,Increasing,True,0.006052,0.006973,True,True,dimensionless (0-1 fraction)/decade
25.0,89.375,GWETTOP,August,8,0.0373,0.009577,0.0357,0.2578,Increasing,True,0.009577,0.004844,True,True,dimensionless (0-1 fraction)/decade
25.0,89.375,GWETTOP,September,9,0.0314,0.00857,0.0222,0.2643,Increasing,True,0.00857,0.011132,True,True,dimensionless (0-1 fraction)/decade
25.0,89.375,GWETTOP,October,10,0.0209,0.094862,0.0205,0.1166,Increasing,False,0.094862,0.132748,False,False,dimensionless (0-1 fraction)/decade
25.0,89.375,GWETTOP,November,11,0.0259,0.16741,0.022,0.0812,Increasing,False,0.16741,0.222501,False,False,dimensionless (0-1 fraction)/decade
25.0,89.375,GWETTOP,December,12,0.0362,0.125618,0.0333,0.099,Increasing,False,0.125618,0.19765,False,False,dimensionless (0-1 fraction)/decade
25.0,90.0,GWETTOP,January,1,0.0402,0.053463,0.0272,0.1527,Increasing,False,0.053463,0.232164,False,False,dimensionless (0-1 fraction)/decade
25.0,90.0,GWETTOP,February,2,0.0298,0.041326,0.0187,0.1688,Increasing,True,0.041326,0.144104,True,False,dimensionless (0-1 fraction)/decade
25.0,90.0,GWETTOP,March,3,0.0245,0.043077,0.0167,0.1662,Increasing,True,0.043077,0.119418,True,False,dimensionless (0-1 fraction)/decade
25.0,90.0,GWETTOP,April,4,0.0318,0.221949,0.0226,0.0641,Increasing,False,0.221949,0.440127,False,False,dimensionless (0-1 fraction)/decade
25.0,90.0,GWETTOP,May,5,0.1003,0.002962,0.0891,0.3244,Increasing,True,0.002962,0.004328,True,True,dimensionless (0-1 fraction)/decade
25.0,90.0,GWETTOP,June,6,0.0932,0.002835,0.0894,0.3268,Increasing,True,0.002835,0.019153,True,True,dimensionless (0-1 fraction)/decade
25.0,90.0,GWETTOP,July,7,0.0403,0.014871,0.0412,0.2316,Increasing,True,0.014871,0.01561,True,True,dimensionless (0-1 fraction)/decade
25.0,90.0,GWETTOP,August,8,0.03,0.011864,0.0267,0.2451,Increasing,True,0.011864,0.003239,True,True,dimensionless (0-1 fraction)/decade
25.0,90.0,GWETTOP,September,9,0.0231,0.019787,0.0195,0.2143,Increasing,True,0.019787,0.047036,True,True,dimensionless (0-1 fraction)/decade
25.0,90.0,GWETTOP,October,10,0.0178,0.120665,0.0154,0.1015,Increasing,False,0.120665,0.171007,False,False,dimensionless (0-1 fraction)/decade
25.0,90.0,GWETTOP,November,11,0.0312,0.138763,0.0244,0.0928,Increasing,False,0.138763,0.213608,False,False,dimensionless (0-1 fraction)/decade
25.0,90.0,GWETTOP,December,12,0.0391,0.101126,0.0309,0.1125,Increasing,False,0.101126,0.241577,False,False,dimensionless (0-1 fraction)/decade
25.0,90.625,GWETTOP,January,1,0.0406,0.048716,0.0325,0.1585,Increasing,True,0.048716,0.109607,True,False,dimensionless (0-1 fraction)/decade
25.0,90.625,GWETTOP,February,2,0.0255,0.058703,0.0167,0.1468,Increasing,False,0.058703,0.126346,False,False,dimensionless (0-1 fraction)/decade
25.0,90.625,GWETTOP,March,3,0.0227,0.104944,0.0182,0.1102,Increasing,False,0.104944,0.221907,False,False,dimensionless (0-1 fraction)/decade
25.0,90.625,GWETTOP,April,4,0.0385,0.214736,0.024,0.0661,Increasing,False,0.214736,0.386736,False,False,dimensionless (0-1 fraction)/decade
25.0,90.625,GWETTOP,May,5,0.0899,0.005759,0.0789,0.2872,Increasing,True,0.005759,0.037446,True,True,dimensionless (0-1 fraction)/decade
25.0,90.625,GWETTOP,June,6,0.0691,0.002797,0.0636,0.3275,Increasing,True,0.002797,0.011438,True,True,dimensionless (0-1 fraction)/decade
25.0,90.625,GWETTOP,July,7,0.0298,0.006258,0.0297,0.2824,Increasing,True,0.006258,0.012876,True,True,dimensionless (0-1 fraction)/decade
25.0,90.625,GWETTOP,August,8,0.021,0.003845,0.0222,0.31,Increasing,True,0.003845,0.002583,True,True,dimensionless (0-1 fraction)/decade
25.0,90.625,GWETTOP,September,9,0.0197,0.0027,0.0182,0.3294,Increasing,True,0.0027,0.010799,True,True,dimensionless (0-1 fraction)/decade
25.0,90.625,GWETTOP,October,10,0.0182,0.047477,0.0174,0.1601,Increasing,True,0.047477,0.051195,True,False,dimensionless (0-1 fraction)/decade
25.0,90.625,GWETTOP,November,11,0.0294,0.0976,0.0214,0.1148,Increasing,False,0.0976,0.12195,False,False,dimensionless (0-1 fraction)/decade
25.0,90.625,GWETTOP,December,12,0.041,0.086606,0.029,0.1223,Increasing,False,0.086606,0.127603,False,False,dimensionless (0-1 fraction)/decade
25.0,91.25,GWETTOP,January,1,0.0275,0.068187,0.0211,0.1374,Increasing,False,0.068187,0.099929,False,False,dimensionless (0-1 fraction)/decade
25.0,91.25,GWETTOP,February,2,0.0338,0.050426,0.0333,0.1563,Increasing,False,0.050426,0.074916,False,False,dimensionless (0-1 fraction)/decade
25.0,91.25,GWETTOP,March,3,0.0356,0.077341,0.025,0.1294,Increasing,False,0.077341,0.165114,False,False,dimensionless (0-1 fraction)/decade
25.0,91.25,GWETTOP,April,4,0.0495,0.139643,0.0364,0.0924,Increasing,False,0.139643,0.336613,False,False,dimensionless (0-1 fraction)/decade
25.0,91.25,GWETTOP,May,5,0.0699,0.011396,0.0667,0.2475,Increasing,True,0.011396,0.026259,True,True,dimensionless (0-1 fraction)/decade
25.0,91.25,GWETTOP,June,6,0.0555,0.001517,0.0536,0.3602,Increasing,True,0.001517,0.005272,True,True,dimensionless (0-1 fraction)/decade
25.0,91.25,GWETTOP,July,7,0.0255,0.004494,0.0225,0.3012,Increasing,True,0.004494,0.007769,True,True,dimensionless (0-1 fraction)/decade
25.0,91.25,GWETTOP,August,8,0.0201,0.000148,0.0211,0.4722,Increasing,True,0.000148,0.000293,True,True,dimensionless (0-1 fraction)/decade
25.0,91.25,GWETTOP,September,9,0.02,0.001221,0.0209,0.3714,Increasing,True,0.001221,0.001982,True,True,dimensionless (0-1 fraction)/decade
25.0,91.25,GWETTOP,October,10,0.0191,0.020819,0.0162,0.2112,Increasing,True,0.020819,0.028172,True,True,dimensionless (0-1 fraction)/decade
25.0,91.25,GWETTOP,November,11,0.0223,0.034526,0.02,0.18,Increasing,True,0.034526,0.047983,True,True,dimensionless (0-1 fraction)/decade
25.0,91.25,GWETTOP,December,12,0.0243,0.060985,0.0182,0.1444,Increasing,False,0.060985,0.081998,False,False,dimensionless (0-1 fraction)/decade
25.0,91.875,GWETTOP,January,1,0.0238,0.036046,0.0182,0.1773,Increasing,True,0.036046,0.030383,True,True,dimensionless (0-1 fraction)/decade
25.0,91.875,GWETTOP,February,2,0.0275,0.039013,0.025,0.1724,Increasing,True,0.039013,0.019534,True,True,dimensionless (0-1 fraction)/decade
25.0,91.875,GWETTOP,March,3,0.0405,0.039736,0.0396,0.1713,Increasing,True,0.039736,0.051837,True,False,dimensionless (0-1 fraction)/decade
25.0,91.875,GWETTOP,April,4,0.0468,0.114825,0.0333,0.1046,Increasing,False,0.114825,0.197075,False,False,dimensionless (0-1 fraction)/decade
25.0,91.875,GWETTOP,May,5,0.0652,0.008176,0.0634,0.267,Increasing,True,0.008176,0.024105,True,True,dimensionless (0-1 fraction)/decade
25.0,91.875,GWETTOP,June,6,0.0548,0.001359,0.0512,0.3659,Increasing,True,0.001359,0.002316,True,True,dimensionless (0-1 fraction)/decade
25.0,91.875,GWETTOP,July,7,0.0265,0.0037,0.0233,0.3121,Increasing,True,0.0037,0.005091,True,True,dimensionless (0-1 fraction)/decade
25.0,91.875,GWETTOP,August,8,0.0192,0.000346,0.0182,0.4336,Increasing,True,0.000346,0.000609,True,True,dimensionless (0-1 fraction)/decade
25.0,91.875,GWETTOP,September,9,0.0213,0.001019,0.0225,0.3807,Increasing,True,0.001019,0.001269,True,True,dimensionless (0-1 fraction)/decade
25.0,91.875,GWETTOP,October,10,0.0214,0.008749,0.0179,0.263,Increasing,True,0.008749,0.013483,True,True,dimensionless (0-1 fraction)/decade
25.0,91.875,GWETTOP,November,11,0.0215,0.012897,0.0189,0.2401,Increasing,True,0.012897,0.022211,True,True,dimensionless (0-1 fraction)/decade
25.0,91.875,GWETTOP,December,12,0.0205,0.033853,0.0146,0.1812,Increasing,True,0.033853,0.030761,True,True,dimensionless (0-1 fraction)/decade
24.5,88.75,GWETTOP,January,1,0.0567,0.026289,0.04,0.1969,Increasing,True,0.026289,0.139817,True,False,dimensionless (0-1 fraction)/decade
24.5,88.75,GWETTOP,February,2,0.0422,0.032211,0.0309,0.1843,Increasing,True,0.032211,0.213776,True,False,dimensionless (0-1 fraction)/decade
24.5,88.75,GWETTOP,March,3,0.0412,0.036857,0.0449,0.176,Increasing,True,0.036857,0.057928,True,False,dimensionless (0-1 fraction)/decade
24.5,88.75,GWETTOP,April,4,0.0252,0.217747,0.015,0.0653,Increasing,False,0.217747,0.336436,False,False,dimensionless (0-1 fraction)/decade
24.5,88.75,GWETTOP,May,5,0.0636,0.008028,0.0545,0.2681,Increasing,True,0.008028,0.008675,True,True,dimensionless (0-1 fraction)/decade
24.5,88.75,GWETTOP,June,6,0.0505,0.075195,0.0406,0.1312,Increasing,False,0.075195,0.1283,False,False,dimensionless (0-1 fraction)/decade
24.5,88.75,GWETTOP,July,7,0.0293,0.198108,0.0394,0.0709,Increasing,False,0.198108,0.091082,False,False,dimensionless (0-1 fraction)/decade
24.5,88.75,GWETTOP,August,8,0.0425,0.054898,0.0464,0.151,Increasing,False,0.054898,0.031337,False,True,dimensionless (0-1 fraction)/decade
24.5,88.75,GWETTOP,September,9,0.0445,0.014283,0.0349,0.234,Increasing,True,0.014283,0.009568,True,True,dimensionless (0-1 fraction)/decade
24.5,88.75,GWETTOP,October,10,0.0325,0.080403,0.0333,0.127,Increasing,False,0.080403,0.078743,False,False,dimensionless (0-1 fraction)/decade
24.5,88.75,GWETTOP,November,11,0.0422,0.109197,0.0441,0.1077,Increasing,False,0.109197,0.160019,False,False,dimensionless (0-1 fraction)/decade
24.5,88.75,GWETTOP,December,12,0.0582,0.043759,0.05,0.1652,Increasing,True,0.043759,0.153057,True,False,dimensionless (0-1 fraction)/decade
24.5,89.375,GWETTOP,January,1,0.0632,0.016348,0.0564,0.2259,Increasing,True,0.016348,0.167214,True,False,dimensionless (0-1 fraction)/decade
24.5,89.375,GWETTOP,February,2,0.0521,0.010988,0.0375,0.2496,Increasing,True,0.010988,0.066168,True,False,dimensionless (0-1 fraction)/decade
24.5,89.375,GWETTOP,March,3,0.045,0.014408,0.0487,0.2335,Increasing,True,0.014408,0.029498,True,True,dimensionless (0-1 fraction)/decade
24.5,89.375,GWETTOP,April,4,0.0315,0.20314,0.0207,0.0694,Increasing,False,0.20314,0.482845,False,False,dimensionless (0-1 fraction)/decade
24.5,89.375,GWETTOP,May,5,0.0925,0.003102,0.0697,0.3218,Increasing,True,0.003102,0.003348,True,True,dimensionless (0-1 fraction)/decade
24.5,89.375,GWETTOP,June,6,0.0958,0.00507,0.087,0.2944,Increasing,True,0.00507,0.031398,True,True,dimensionless (0-1 fraction)/decade
24.5,89.375,GWETTOP,July,7,0.0518,0.024058,0.05,0.2024,Increasing,True,0.024058,0.029587,True,True,dimensionless (0-1 fraction)/decade
24.5,89.375,GWETTOP,August,8,0.0503,0.011183,0.05,0.2486,Increasing,True,0.011183,0.003389,True,True,dimensionless (0-1 fraction)/decade
24.5,89.375,GWETTOP,September,9,0.0418,0.008,0.029,0.2683,Increasing,True,0.008,0.003431,True,True,dimensionless (0-1 fraction)/decade
24.5,89.375,GWETTOP,October,10,0.0298,0.049564,0.0297,0.1574,Increasing,True,0.049564,0.073425,True,False,dimensionless (0-1 fraction)/decade
24.5,89.375,GWETTOP,November,11,0.0399,0.063523,0.038,0.1418,Increasing,False,0.063523,0.105987,False,False,dimensionless (0-1 fraction)/decade
24.5,89.375,GWETTOP,December,12,0.057,0.029268,0.05,0.1903,Increasing,True,0.029268,0.111765,True,False,dimensionless (0-1 fraction)/decade
24.5,90.0,GWETTOP,January,1,0.0548,0.024839,0.05,0.2004,Increasing,True,0.024839,0.153283,True,False,dimensionless (0-1 fraction)/decade
24.5,90.0,GWETTOP,February,2,0.0469,0.01455,0.0298,0.2329,Increasing,True,0.01455,0.116231,True,False,dimensionless (0-1 fraction)/decade
24.5,90.0,GWETTOP,March,3,0.0358,0.019751,0.0267,0.2144,Increasing,True,0.019751,0.121472,True,False,dimensionless (0-1 fraction)/decade
24.5,90.0,GWETTOP,April,4,0.033,0.209951,0.0179,0.0674,Increasing,False,0.209951,0.468253,False,False,dimensionless (0-1 fraction)/decade
24.5,90.0,GWETTOP,May,5,0.1035,0.002374,0.08,0.3364,Increasing,True,0.002374,0.003688,True,True,dimensionless (0-1 fraction)/decade
24.5,90.0,GWETTOP,June,6,0.0983,0.003393,0.1,0.3169,Increasing,True,0.003393,0.014988,True,True,dimensionless (0-1 fraction)/decade
24.5,90.0,GWETTOP,July,7,0.0426,0.026846,0.0412,0.1956,Increasing,True,0.026846,0.026177,True,True,dimensionless (0-1 fraction)/decade
24.5,90.0,GWETTOP,August,8,0.039,0.010217,0.0343,0.2539,Increasing,True,0.010217,0.003891,True,True,dimensionless (0-1 fraction)/decade
24.5,90.0,GWETTOP,September,9,0.0315,0.013526,0.02,0.2373,Increasing,True,0.013526,0.008786,True,True,dimensionless (0-1 fraction)/decade
24.5,90.0,GWETTOP,October,10,0.026,0.052193,0.025,0.1542,Increasing,False,0.052193,0.06069,False,False,dimensionless (0-1 fraction)/decade
24.5,90.0,GWETTOP,November,11,0.0398,0.064396,0.0366,0.141,Increasing,False,0.064396,0.122223,False,False,dimensionless (0-1 fraction)/decade
24.5,90.0,GWETTOP,December,12,0.0518,0.043887,0.0386,0.165,Increasing,True,0.043887,0.190067,True,False,dimensionless (0-1 fraction)/decade
24.5,90.625,GWETTOP,January,1,0.0517,0.022215,0.0414,0.2072,Increasing,True,0.022215,0.061068,True,False,dimensionless (0-1 fraction)/decade
24.5,90.625,GWETTOP,February,2,0.0345,0.030684,0.0283,0.1873,Increasing,True,0.030684,0.074171,True,False,dimensionless (0-1 fraction)/decade
24.5,90.625,GWETTOP,March,3,0.0281,0.060997,0.02,0.1444,Increasing,False,0.060997,0.172988,False,False,dimensionless (0-1 fraction)/decade
24.5,90.625,GWETTOP,April,4,0.0367,0.206881,0.0226,0.0683,Increasing,False,0.206881,0.336613,False,False,dimensionless (0-1 fraction)/decade
24.5,90.625,GWETTOP,May,5,0.0932,0.004588,0.0814,0.3001,Increasing,True,0.004588,0.01159,True,True,dimensionless (0-1 fraction)/decade
24.5,90.625,GWETTOP,June,6,0.0734,0.002909,0.0667,0.3253,Increasing,True,0.002909,0.012959,True,True,dimensionless (0-1 fraction)/decade
24.5,90.625,GWETTOP,July,7,0.0303,0.012904,0.0302,0.2401,Increasing,True,0.012904,0.029024,True,True,dimensionless (0-1 fraction)/decade
24.5,90.625,GWETTOP,August,8,0.0258,0.003699,0.025,0.3121,Increasing,True,0.003699,0.001901,True,True,dimensionless (0-1 fraction)/decade
24.5,90.625,GWETTOP,September,9,0.0238,0.002926,0.0234,0.325,Increasing,True,0.002926,0.010508,True,True,dimensionless (0-1 fraction)/decade
24.5,90.625,GWETTOP,October,10,0.0235,0.0415,0.0211,0.1685,Increasing,True,0.0415,0.059558,True,False,dimensionless (0-1 fraction)/decade
24.5,90.625,GWETTOP,November,11,0.0435,0.054246,0.04,0.1518,Increasing,False,0.054246,0.075502,False,False,dimensionless (0-1 fraction)/decade
24.5,90.625,GWETTOP,December,12,0.0611,0.02443,0.05,0.2014,Increasing,True,0.02443,0.079346,True,False,dimensionless (0-1 fraction)/decade
24.5,91.25,GWETTOP,January,1,0.0521,0.02382,0.0488,0.203,Increasing,True,0.02382,0.051752,True,False,dimensionless (0-1 fraction)/decade
24.5,91.25,GWETTOP,February,2,0.0321,0.054304,0.0258,0.1517,Increasing,False,0.054304,0.06697,False,False,dimensionless (0-1 fraction)/decade
24.5,91.25,GWETTOP,March,3,0.0261,0.112311,0.0185,0.106,Increasing,False,0.112311,0.172909,False,False,dimensionless (0-1 fraction)/decade
24.5,91.25,GWETTOP,April,4,0.0482,0.160486,0.029,0.0838,Increasing,False,0.160486,0.261011,False,False,dimensionless (0-1 fraction)/decade
24.5,91.25,GWETTOP,May,5,0.0768,0.018017,0.0718,0.22,Increasing,True,0.018017,0.035173,True,True,dimensionless (0-1 fraction)/decade
24.5,91.25,GWETTOP,June,6,0.0495,0.003142,0.0431,0.3211,Increasing,True,0.003142,0.005636,True,True,dimensionless (0-1 fraction)/decade
24.5,91.25,GWETTOP,July,7,0.0238,0.006272,0.0233,0.2823,Increasing,True,0.006272,0.016417,True,True,dimensionless (0-1 fraction)/decade
24.5,91.25,GWETTOP,August,8,0.0215,0.000734,0.02,0.3972,Increasing,True,0.000734,0.001163,True,True,dimensionless (0-1 fraction)/decade
24.5,91.25,GWETTOP,September,9,0.0251,0.00041,0.0262,0.4254,Increasing,True,0.00041,0.001297,True,True,dimensionless (0-1 fraction)/decade
24.5,91.25,GWETTOP,October,10,0.0282,0.00568,0.0282,0.288,Increasing,True,0.00568,0.011124,True,True,dimensionless (0-1 fraction)/decade
24.5,91.25,GWETTOP,November,11,0.0457,0.033897,0.0425,0.1812,Increasing,True,0.033897,0.043987,True,True,dimensionless (0-1 fraction)/decade
24.5,91.25,GWETTOP,December,12,0.0655,0.015506,0.0634,0.2291,Increasing,True,0.015506,0.061352,True,False,dimensionless (0-1 fraction)/decade
24.5,91.875,GWETTOP,January,1,0.0605,0.010275,0.0563,0.2536,Increasing,True,0.010275,0.027297,True,True,dimensionless (0-1 fraction)/decade
24.5,91.875,GWETTOP,February,2,0.0425,0.03311,0.0333,0.1826,Increasing,True,0.03311,0.032599,True,True,dimensionless (0-1 fraction)/decade
24.5,91.875,GWETTOP,March,3,0.0332,0.065274,0.025,0.1401,Increasing,False,0.065274,0.047818,False,True,dimensionless (0-1 fraction)/decade
24.5,91.875,GWETTOP,April,4,0.0405,0.219291,0.0205,0.0648,Increasing,False,0.219291,0.426186,False,False,dimensionless (0-1 fraction)/decade
24.5,91.875,GWETTOP,May,5,0.0615,0.04134,0.0589,0.1688,Increasing,True,0.04134,0.079346,True,False,dimensionless (0-1 fraction)/decade
24.5,91.875,GWETTOP,June,6,0.0454,0.004606,0.04,0.2999,Increasing,True,0.004606,0.006134,True,True,dimensionless (0-1 fraction)/decade
24.5,91.875,GWETTOP,July,7,0.0217,0.004606,0.02,0.2999,Increasing,True,0.004606,0.011576,True,True,dimensionless (0-1 fraction)/decade
24.5,91.875,GWETTOP,August,8,0.0202,0.000315,0.0175,0.438,Increasing,True,0.000315,0.00052,True,True,dimensionless (0-1 fraction)/decade
24.5,91.875,GWETTOP,September,9,0.0233,0.00022,0.0244,0.4543,Increasing,True,0.00022,0.001111,True,True,dimensionless (0-1 fraction)/decade
24.5,91.875,GWETTOP,October,10,0.0256,0.002413,0.025,0.3355,Increasing,True,0.002413,0.004789,True,True,dimensionless (0-1 fraction)/decade
24.5,91.875,GWETTOP,November,11,0.0336,0.026219,0.0333,0.1971,Increasing,True,0.026219,0.017617,True,True,dimensionless (0-1 fraction)/decade
24.5,91.875,GWETTOP,December,12,0.0526,0.024007,0.0471,0.2025,Increasing,True,0.024007,0.033368,True,True,dimensionless (0-1 fraction)/decade
24.0,88.75,GWETTOP,January,1,0.0589,0.013913,0.0472,0.2356,Increasing,True,0.013913,0.110654,True,False,dimensionless (0-1 fraction)/decade
24.0,88.75,GWETTOP,February,2,0.0413,0.031361,0.0333,0.186,Increasing,True,0.031361,0.146103,True,False,dimensionless (0-1 fraction)/decade
24.0,88.75,GWETTOP,March,3,0.0485,0.010147,0.05,0.2543,Increasing,True,0.010147,0.016917,True,True,dimensionless (0-1 fraction)/decade
24.0,88.75,GWETTOP,April,4,0.025,0.266189,0.02,0.0534,Increasing,False,0.266189,0.440127,False,False,dimensionless (0-1 fraction)/decade
24.0,88.75,GWETTOP,May,5,0.0683,0.005198,0.0634,0.293,Increasing,True,0.005198,0.008724,True,True,dimensionless (0-1 fraction)/decade
24.0,88.75,GWETTOP,June,6,0.0422,0.156104,0.0295,0.0855,Increasing,False,0.156104,0.280963,False,False,dimensionless (0-1 fraction)/decade
24.0,88.75,GWETTOP,July,7,0.0152,0.531023,0.0244,0.0173,Increasing,False,0.531023,0.325005,False,False,dimensionless (0-1 fraction)/decade
24.0,88.75,GWETTOP,August,8,0.0386,0.084124,0.05,0.1241,Increasing,False,0.084124,0.046444,False,True,dimensionless (0-1 fraction)/decade
24.0,88.75,GWETTOP,September,9,0.0448,0.011814,0.0363,0.2453,Increasing,True,0.011814,0.011918,True,True,dimensionless (0-1 fraction)/decade
24.0,88.75,GWETTOP,October,10,0.0332,0.055167,0.03,0.1507,Increasing,False,0.055167,0.078305,False,False,dimensionless (0-1 fraction)/decade
24.0,88.75,GWETTOP,November,11,0.0443,0.098805,0.0388,0.114,Increasing,False,0.098805,0.122428,False,False,dimensionless (0-1 fraction)/decade
24.0,88.75,GWETTOP,December,12,0.0672,0.019371,0.0586,0.2156,Increasing,True,0.019371,0.079126,True,False,dimensionless (0-1 fraction)/decade
24.0,89.375,GWETTOP,January,1,0.0736,0.005101,0.05,0.2941,Increasing,True,0.005101,0.109672,True,False,dimensionless (0-1 fraction)/decade
24.0,89.375,GWETTOP,February,2,0.0546,0.007222,0.0274,0.2742,Increasing,True,0.007222,0.023794,True,True,dimensionless (0-1 fraction)/decade
24.0,89.375,GWETTOP,March,3,0.0545,0.006706,0.05,0.2785,Increasing,True,0.006706,0.012248,True,True,dimensionless (0-1 fraction)/decade
24.0,89.375,GWETTOP,April,4,0.0371,0.14893,0.0226,0.0884,Increasing,False,0.14893,0.302763,False,False,dimensionless (0-1 fraction)/decade
24.0,89.375,GWETTOP,May,5,0.1005,0.001748,0.0897,0.3527,Increasing,True,0.001748,0.001848,True,True,dimensionless (0-1 fraction)/decade
24.0,89.375,GWETTOP,June,6,0.0932,0.007705,0.08,0.2705,Increasing,True,0.007705,0.024445,True,True,dimensionless (0-1 fraction)/decade
24.0,89.375,GWETTOP,July,7,0.043,0.060079,0.0433,0.1453,Increasing,False,0.060079,0.060502,False,False,dimensionless (0-1 fraction)/decade
24.0,89.375,GWETTOP,August,8,0.0528,0.005053,0.05,0.2946,Increasing,True,0.005053,0.002912,True,True,dimensionless (0-1 fraction)/decade
24.0,89.375,GWETTOP,September,9,0.0471,0.001294,0.04,0.3684,Increasing,True,0.001294,0.00163,True,True,dimensionless (0-1 fraction)/decade
24.0,89.375,GWETTOP,October,10,0.0373,0.010774,0.04,0.2508,Increasing,True,0.010774,0.021454,True,True,dimensionless (0-1 fraction)/decade
24.0,89.375,GWETTOP,November,11,0.0497,0.031766,0.0481,0.1852,Increasing,True,0.031766,0.060832,True,False,dimensionless (0-1 fraction)/decade
24.0,89.375,GWETTOP,December,12,0.0715,0.010406,0.0629,0.2529,Increasing,True,0.010406,0.054969,True,False,dimensionless (0-1 fraction)/decade
24.0,90.0,GWETTOP,January,1,0.061,0.01287,0.0385,0.2403,Increasing,True,0.01287,0.159943,True,False,dimensionless (0-1 fraction)/decade
24.0,90.0,GWETTOP,February,2,0.0496,0.017965,0.0282,0.2202,Increasing,True,0.017965,0.063959,True,False,dimensionless (0-1 fraction)/decade
24.0,90.0,GWETTOP,March,3,0.0488,0.014645,0.0406,0.2325,Increasing,True,0.014645,0.067271,True,False,dimensionless (0-1 fraction)/decade
24.0,90.0,GWETTOP,April,4,0.0329,0.187667,0.0104,0.0742,Increasing,False,0.187667,0.588773,False,False,dimensionless (0-1 fraction)/decade
24.0,90.0,GWETTOP,May,5,0.0952,0.004341,0.0782,0.3032,Increasing,True,0.004341,0.002501,True,True,dimensionless (0-1 fraction)/decade
24.0,90.0,GWETTOP,June,6,0.0928,0.004337,0.0854,0.3032,Increasing,True,0.004337,0.023335,True,True,dimensionless (0-1 fraction)/decade
24.0,90.0,GWETTOP,July,7,0.0367,0.055913,0.0343,0.1498,Increasing,False,0.055913,0.046604,False,True,dimensionless (0-1 fraction)/decade
24.0,90.0,GWETTOP,August,8,0.0396,0.009214,0.0333,0.26,Increasing,True,0.009214,0.006522,True,True,dimensionless (0-1 fraction)/decade
24.0,90.0,GWETTOP,September,9,0.0348,0.004323,0.0326,0.3034,Increasing,True,0.004323,0.004705,True,True,dimensionless (0-1 fraction)/decade
24.0,90.0,GWETTOP,October,10,0.0281,0.053015,0.0273,0.1532,Increasing,False,0.053015,0.094597,False,False,dimensionless (0-1 fraction)/decade
24.0,90.0,GWETTOP,November,11,0.0455,0.048327,0.04,0.159,Increasing,True,0.048327,0.182315,True,False,dimensionless (0-1 fraction)/decade
24.0,90.0,GWETTOP,December,12,0.0617,0.022165,0.05,0.2074,Increasing,True,0.022165,0.140976,True,False,dimensionless (0-1 fraction)/decade
24.0,90.625,GWETTOP,January,1,0.0626,0.011516,0.05,0.2469,Increasing,True,0.011516,0.079126,True,False,dimensionless (0-1 fraction)/decade
24.0,90.625,GWETTOP,February,2,0.0425,0.019304,0.0276,0.2158,Increasing,True,0.019304,0.056922,True,False,dimensionless (0-1 fraction)/decade
24.0,90.625,GWETTOP,March,3,0.0366,0.034923,0.0333,0.1793,Increasing,True,0.034923,0.087285,True,False,dimensionless (0-1 fraction)/decade
24.0,90.625,GWETTOP,April,4,0.028,0.269617,0.0129,0.0527,Increasing,False,0.269617,0.398881,False,False,dimensionless (0-1 fraction)/decade
24.0,90.625,GWETTOP,May,5,0.0745,0.020695,0.0548,0.2116,Increasing,True,0.020695,0.016032,True,True,dimensionless (0-1 fraction)/decade
24.0,90.625,GWETTOP,June,6,0.0713,0.006939,0.0703,0.2765,Increasing,True,0.006939,0.016977,True,True,dimensionless (0-1 fraction)/decade
24.0,90.625,GWETTOP,July,7,0.0288,0.037743,0.027,0.1745,Increasing,True,0.037743,0.082335,True,False,dimensionless (0-1 fraction)/decade
24.0,90.625,GWETTOP,August,8,0.0299,0.010436,0.0297,0.2527,Increasing,True,0.010436,0.012711,True,True,dimensionless (0-1 fraction)/decade
24.0,90.625,GWETTOP,September,9,0.0297,0.007501,0.0286,0.272,Increasing,True,0.007501,0.018368,True,True,dimensionless (0-1 fraction)/decade
24.0,90.625,GWETTOP,October,10,0.0297,0.036867,0.0333,0.1759,Increasing,True,0.036867,0.041382,True,True,dimensionless (0-1 fraction)/decade
24.0,90.625,GWETTOP,November,11,0.052,0.045608,0.0511,0.1626,Increasing,True,0.045608,0.111308,True,False,dimensionless (0-1 fraction)/decade
24.0,90.625,GWETTOP,December,12,0.0713,0.016087,0.0623,0.2269,Increasing,True,0.016087,0.096425,True,False,dimensionless (0-1 fraction)/decade
24.0,91.25,GWETTOP,January,1,0.0662,0.012651,0.0513,0.2413,Increasing,True,0.012651,0.051837,True,False,dimensionless (0-1 fraction)/decade
24.0,91.25,GWETTOP,February,2,0.0413,0.03221,0.0345,0.1843,Increasing,True,0.03221,0.050896,True,False,dimensionless (0-1 fraction)/decade
24.0,91.25,GWETTOP,March,3,0.0307,0.077298,0.0218,0.1295,Increasing,False,0.077298,0.110392,False,False,dimensionless (0-1 fraction)/decade
24.0,91.25,GWETTOP,April,4,0.0273,0.337821,0.0167,0.04,Increasing,False,0.337821,0.639545,False,False,dimensionless (0-1 fraction)/decade
24.0,91.25,GWETTOP,May,5,0.0517,0.122399,0.0444,0.1006,Increasing,False,0.122399,0.206628,False,False,dimensionless (0-1 fraction)/decade
24.0,91.25,GWETTOP,June,6,0.051,0.022187,0.05,0.2073,Increasing,True,0.022187,0.025877,True,True,dimensionless (0-1 fraction)/decade
24.0,91.25,GWETTOP,July,7,0.0259,0.024522,0.0257,0.2012,Increasing,True,0.024522,0.043601,True,True,dimensionless (0-1 fraction)/decade
24.0,91.25,GWETTOP,August,8,0.0269,0.007003,0.0272,0.276,Increasing,True,0.007003,0.009529,True,True,dimensionless (0-1 fraction)/decade
24.0,91.25,GWETTOP,September,9,0.0309,0.003479,0.0333,0.3155,Increasing,True,0.003479,0.006984,True,True,dimensionless (0-1 fraction)/decade
24.0,91.25,GWETTOP,October,10,0.0293,0.01872,0.0333,0.2177,Increasing,True,0.01872,0.029143,True,True,dimensionless (0-1 fraction)/decade
24.0,91.25,GWETTOP,November,11,0.049,0.033492,0.0441,0.1819,Increasing,True,0.033492,0.041531,True,True,dimensionless (0-1 fraction)/decade
24.0,91.25,GWETTOP,December,12,0.0707,0.017315,0.0591,0.2224,Increasing,True,0.017315,0.043717,True,True,dimensionless (0-1 fraction)/decade
23.5,89.375,GWETTOP,January,1,0.0762,0.003084,0.0553,0.3221,Increasing,True,0.003084,0.035207,True,True,dimensionless (0-1 fraction)/decade
23.5,89.375,GWETTOP,February,2,0.0582,0.00434,0.0449,0.3032,Increasing,True,0.00434,0.003112,True,True,dimensionless (0-1 fraction)/decade
23.5,89.375,GWETTOP,March,3,0.0675,0.003952,0.0743,0.3084,Increasing,True,0.003952,0.002927,True,True,dimensionless (0-1 fraction)/decade
23.5,89.375,GWETTOP,April,4,0.0438,0.104143,0.0333,0.1107,Increasing,False,0.104143,0.206628,False,False,dimensionless (0-1 fraction)/decade
23.5,89.375,GWETTOP,May,5,0.1008,0.001297,0.1,0.3683,Increasing,True,0.001297,0.001138,True,True,dimensionless (0-1 fraction)/decade
23.5,89.375,GWETTOP,June,6,0.088,0.009659,0.1,0.2573,Increasing,True,0.009659,0.009362,True,True,dimensionless (0-1 fraction)/decade
23.5,89.375,GWETTOP,July,7,0.0394,0.075477,0.0411,0.131,Increasing,False,0.075477,0.071037,False,False,dimensionless (0-1 fraction)/decade
23.5,89.375,GWETTOP,August,8,0.0568,0.00313,0.05,0.3213,Increasing,True,0.00313,0.003128,True,True,dimensionless (0-1 fraction)/decade
23.5,89.375,GWETTOP,September,9,0.053,0.00023,0.0453,0.4525,Increasing,True,0.00023,0.00041,True,True,dimensionless (0-1 fraction)/decade
23.5,89.375,GWETTOP,October,10,0.0413,0.004884,0.038,0.2966,Increasing,True,0.004884,0.008067,True,True,dimensionless (0-1 fraction)/decade
23.5,89.375,GWETTOP,November,11,0.0554,0.021896,0.05,0.2081,Increasing,True,0.021896,0.039586,True,True,dimensionless (0-1 fraction)/decade
23.5,89.375,GWETTOP,December,12,0.079,0.006585,0.0726,0.2795,Increasing,True,0.006585,0.023184,True,True,dimensionless (0-1 fraction)/decade
23.5,90.0,GWETTOP,January,1,0.0754,0.005145,0.071,0.2936,Increasing,True,0.005145,0.051837,True,False,dimensionless (0-1 fraction)/decade
23.5,90.0,GWETTOP,February,2,0.0541,0.007255,0.025,0.2739,Increasing,True,0.007255,0.014297,True,True,dimensionless (0-1 fraction)/decade
23.5,90.0,GWETTOP,March,3,0.0502,0.010387,0.0534,0.253,Increasing,True,0.010387,0.032439,True,True,dimensionless (0-1 fraction)/decade
23.5,90.0,GWETTOP,April,4,0.0383,0.127902,0.0226,0.0978,Increasing,False,0.127902,0.213187,False,False,dimensionless (0-1 fraction)/decade
23.5,90.0,GWETTOP,May,5,0.0984,0.003578,0.0811,0.314,Increasing,True,0.003578,0.002718,True,True,dimensionless (0-1 fraction)/decade
23.5,90.0,GWETTOP,June,6,0.0892,0.007658,0.075,0.2708,Increasing,True,0.007658,0.01402,True,True,dimensionless (0-1 fraction)/decade
23.5,90.0,GWETTOP,July,7,0.0357,0.061085,0.0343,0.1443,Increasing,False,0.061085,0.057654,False,False,dimensionless (0-1 fraction)/decade
23.5,90.0,GWETTOP,August,8,0.0438,0.005991,0.0429,0.285,Increasing,True,0.005991,0.005986,True,True,dimensionless (0-1 fraction)/decade
23.5,90.0,GWETTOP,September,9,0.0398,0.000539,0.038,0.4123,Increasing,True,0.000539,0.00073,True,True,dimensionless (0-1 fraction)/decade
23.5,90.0,GWETTOP,October,10,0.0351,0.021091,0.0333,0.2104,Increasing,True,0.021091,0.017784,True,True,dimensionless (0-1 fraction)/decade
23.5,90.0,GWETTOP,November,11,0.0515,0.033473,0.0447,0.1819,Increasing,True,0.033473,0.096242,True,False,dimensionless (0-1 fraction)/decade
23.5,90.0,GWETTOP,December,12,0.0747,0.011777,0.0679,0.2455,Increasing,True,0.011777,0.055146,True,False,dimensionless (0-1 fraction)/decade
23.5,90.625,GWETTOP,January,1,0.0788,0.004911,0.069,0.2963,Increasing,True,0.004911,0.067924,True,False,dimensionless (0-1 fraction)/decade
23.5,90.625,GWETTOP,February,2,0.0578,0.006704,0.0483,0.2785,Increasing,True,0.006704,0.024184,True,True,dimensionless (0-1 fraction)/decade
23.5,90.625,GWETTOP,March,3,0.0425,0.019766,0.04,0.2144,Increasing,True,0.019766,0.045605,True,True,dimensionless (0-1 fraction)/decade
23.5,90.625,GWETTOP,April,4,0.0375,0.126587,0.0243,0.0985,Increasing,False,0.126587,0.280875,False,False,dimensionless (0-1 fraction)/decade
23.5,90.625,GWETTOP,May,5,0.0774,0.020437,0.0634,0.2123,Increasing,True,0.020437,0.013968,True,True,dimensionless (0-1 fraction)/decade
23.5,90.625,GWETTOP,June,6,0.071,0.013978,0.0649,0.2353,Increasing,True,0.013978,0.020125,True,True,dimensionless (0-1 fraction)/decade
23.5,90.625,GWETTOP,July,7,0.0265,0.073747,0.0212,0.1324,Increasing,False,0.073747,0.099554,False,False,dimensionless (0-1 fraction)/decade
23.5,90.625,GWETTOP,August,8,0.0328,0.009721,0.0333,0.2569,Increasing,True,0.009721,0.007963,True,True,dimensionless (0-1 fraction)/decade
23.5,90.625,GWETTOP,September,9,0.0294,0.005834,0.0294,0.2865,Increasing,True,0.005834,0.015156,True,True,dimensionless (0-1 fraction)/decade
23.5,90.625,GWETTOP,October,10,0.0291,0.034006,0.0289,0.181,Increasing,True,0.034006,0.041196,True,True,dimensionless (0-1 fraction)/decade
23.5,90.625,GWETTOP,November,11,0.047,0.03532,0.05,0.1786,Increasing,True,0.03532,0.091319,True,False,dimensionless (0-1 fraction)/decade
23.5,90.625,GWETTOP,December,12,0.0708,0.013842,0.0667,0.2359,Increasing,True,0.013842,0.075502,True,False,dimensionless (0-1 fraction)/decade
23.0,89.375,GWETTOP,January,1,0.0775,0.005423,0.0696,0.2906,Increasing,True,0.005423,0.020539,True,True,dimensionless (0-1 fraction)/decade
23.0,89.375,GWETTOP,February,2,0.0674,0.009215,0.0469,0.26,Increasing,True,0.009215,0.014878,True,True,dimensionless (0-1 fraction)/decade
23.0,89.375,GWETTOP,March,3,0.0658,0.01312,0.0621,0.2391,Increasing,True,0.01312,0.021574,True,True,dimensionless (0-1 fraction)/decade
23.0,89.375,GWETTOP,April,4,0.0357,0.224635,0.0414,0.0634,Increasing,False,0.224635,0.303116,False,False,dimensionless (0-1 fraction)/decade
23.0,89.375,GWETTOP,May,5,0.0951,0.001313,0.1,0.3677,Increasing,True,0.001313,0.000822,True,True,dimensionless (0-1 fraction)/decade
23.0,89.375,GWETTOP,June,6,0.0745,0.023629,0.0764,0.2035,Increasing,True,0.023629,0.026232,True,True,dimensionless (0-1 fraction)/decade
23.0,89.375,GWETTOP,July,7,0.0326,0.108738,0.0325,0.108,Increasing,False,0.108738,0.121267,False,False,dimensionless (0-1 fraction)/decade
23.0,89.375,GWETTOP,August,8,0.0467,0.005182,0.0387,0.2932,Increasing,True,0.005182,0.004345,True,True,dimensionless (0-1 fraction)/decade
23.0,89.375,GWETTOP,September,9,0.0403,0.001039,0.0308,0.3797,Increasing,True,0.001039,0.002313,True,True,dimensionless (0-1 fraction)/decade
23.0,89.375,GWETTOP,October,10,0.0351,0.004247,0.0333,0.3044,Increasing,True,0.004247,0.008751,True,True,dimensionless (0-1 fraction)/decade
23.0,89.375,GWETTOP,November,11,0.0445,0.044281,0.0375,0.1645,Increasing,True,0.044281,0.110654,True,False,dimensionless (0-1 fraction)/decade
23.0,89.375,GWETTOP,December,12,0.0717,0.010295,0.0688,0.2535,Increasing,True,0.010295,0.033368,True,True,dimensionless (0-1 fraction)/decade
23.0,90.0,GWETTOP,January,1,0.0809,0.005628,0.075,0.2885,Increasing,True,0.005628,0.054791,True,False,dimensionless (0-1 fraction)/decade
23.0,90.0,GWETTOP,February,2,0.0638,0.007084,0.0345,0.2753,Increasing,True,0.007084,0.011288,True,True,dimensionless (0-1 fraction)/decade
23.0,90.0,GWETTOP,March,3,0.0508,0.020841,0.0442,0.2111,Increasing,True,0.020841,0.06692,True,False,dimensionless (0-1 fraction)/decade
23.0,90.0,GWETTOP,April,4,0.0388,0.157371,0.029,0.085,Increasing,False,0.157371,0.292127,False,False,dimensionless (0-1 fraction)/decade
23.0,90.0,GWETTOP,May,5,0.0997,0.00367,0.0943,0.3126,Increasing,True,0.00367,0.001229,True,True,dimensionless (0-1 fraction)/decade
23.0,90.0,GWETTOP,June,6,0.0844,0.014171,0.0782,0.2345,Increasing,True,0.014171,0.033368,True,True,dimensionless (0-1 fraction)/decade
23.0,90.0,GWETTOP,July,7,0.0318,0.058696,0.04,0.1468,Increasing,False,0.058696,0.036857,False,True,dimensionless (0-1 fraction)/decade
23.0,90.0,GWETTOP,August,8,0.0385,0.002872,0.0364,0.3261,Increasing,True,0.002872,0.002579,True,True,dimensionless (0-1 fraction)/decade
23.0,90.0,GWETTOP,September,9,0.0296,0.001138,0.0282,0.3751,Increasing,True,0.001138,0.003025,True,True,dimensionless (0-1 fraction)/decade
23.0,90.0,GWETTOP,October,10,0.0271,0.016218,0.025,0.2264,Increasing,True,0.016218,0.014568,True,True,dimensionless (0-1 fraction)/decade
23.0,90.0,GWETTOP,November,11,0.0378,0.045045,0.0366,0.1634,Increasing,True,0.045045,0.07825,True,False,dimensionless (0-1 fraction)/decade
23.0,90.0,GWETTOP,December,12,0.0642,0.022159,0.0611,0.2074,Increasing,True,0.022159,0.064592,True,False,dimensionless (0-1 fraction)/decade
23.0,91.25,GWETTOP,January,1,0.061,0.001432,0.0575,0.3632,Increasing,True,0.001432,0.003337,True,True,dimensionless (0-1 fraction)/decade
23.0,91.25,GWETTOP,February,2,0.0706,0.001734,0.0667,0.3531,Increasing,True,0.001734,0.002528,True,True,dimensionless (0-1 fraction)/decade
23.0,91.25,GWETTOP,March,3,0.07,0.003192,0.06,0.3203,Increasing,True,0.003192,0.009362,True,True,dimensionless (0-1 fraction)/decade
23.0,91.25,GWETTOP,April,4,0.0677,0.018165,0.0538,0.2195,Increasing,True,0.018165,0.021502,True,True,dimensionless (0-1 fraction)/decade
23.0,91.25,GWETTOP,May,5,0.0834,0.02029,0.085,0.2128,Increasing,True,0.02029,0.007674,True,True,dimensionless (0-1 fraction)/decade
23.0,91.25,GWETTOP,June,6,0.0875,0.004541,0.076,0.3007,Increasing,True,0.004541,0.021886,True,True,dimensionless (0-1 fraction)/decade
23.0,91.25,GWETTOP,July,7,0.0415,0.002263,0.0394,0.339,Increasing,True,0.002263,0.005875,True,True,dimensionless (0-1 fraction)/decade
23.0,91.25,GWETTOP,August,8,0.0389,0.000389,0.0348,0.4279,Increasing,True,0.000389,0.000418,True,True,dimensionless (0-1 fraction)/decade
23.0,91.25,GWETTOP,September,9,0.0368,8.4e-05,0.0304,0.4965,Increasing,True,8.4e-05,0.000208,True,True,dimensionless (0-1 fraction)/decade
23.0,91.25,GWETTOP,October,10,0.0332,0.00083,0.031,0.391,Increasing,True,0.00083,0.002929,True,True,dimensionless (0-1 fraction)/decade
23.0,91.25,GWETTOP,November,11,0.0345,0.002894,0.029,0.3256,Increasing,True,0.002894,0.004112,True,True,dimensionless (0-1 fraction)/decade
23.0,91.25,GWETTOP,December,12,0.0428,0.003494,0.0387,0.3153,Increasing,True,0.003494,0.00786,True,True,dimensionless (0-1 fraction)/decade
23.0,91.875,GWETTOP,January,1,0.0617,0.000595,0.0545,0.4076,Increasing,True,0.000595,0.000436,True,True,dimensionless (0-1 fraction)/decade
23.0,91.875,GWETTOP,February,2,0.0585,0.001412,0.0527,0.3639,Increasing,True,0.001412,0.000677,True,True,dimensionless (0-1 fraction)/decade
23.0,91.875,GWETTOP,March,3,0.0659,0.001865,0.0643,0.3493,Increasing,True,0.001865,0.004639,True,True,dimensionless (0-1 fraction)/decade
23.0,91.875,GWETTOP,April,4,0.0665,0.011804,0.0559,0.2454,Increasing,True,0.011804,0.017868,True,True,dimensionless (0-1 fraction)/decade
23.0,91.875,GWETTOP,May,5,0.0711,0.018799,0.0714,0.2174,Increasing,True,0.018799,0.012407,True,True,dimensionless (0-1 fraction)/decade
23.0,91.875,GWETTOP,June,6,0.0735,0.005252,0.0631,0.2924,Increasing,True,0.005252,0.028818,True,True,dimensionless (0-1 fraction)/decade
23.0,91.875,GWETTOP,July,7,0.0422,0.001041,0.0385,0.3796,Increasing,True,0.001041,0.003121,True,True,dimensionless (0-1 fraction)/decade
23.0,91.875,GWETTOP,August,8,0.0436,0.000198,0.04,0.4592,Increasing,True,0.000198,0.000362,True,True,dimensionless (0-1 fraction)/decade
23.0,91.875,GWETTOP,September,9,0.0428,3.1e-05,0.04,0.5375,Increasing,True,3.1e-05,6e-05,True,True,dimensionless (0-1 fraction)/decade
23.0,91.875,GWETTOP,October,10,0.0435,9.7e-05,0.04,0.4907,Increasing,True,9.7e-05,0.001352,True,True,dimensionless (0-1 fraction)/decade
23.0,91.875,GWETTOP,November,11,0.0464,0.00046,0.0439,0.42,Increasing,True,0.00046,0.00144,True,True,dimensionless (0-1 fraction)/decade
23.0,91.875,GWETTOP,December,12,0.0535,0.0006,0.05,0.4071,Increasing,True,0.0006,0.001013,True,True,dimensionless (0-1 fraction)/decade
22.5,89.375,GWETTOP,January,1,0.0611,0.038899,0.0552,0.1726,Increasing,True,0.038899,0.054614,True,False,dimensionless (0-1 fraction)/decade
22.5,89.375,GWETTOP,February,2,0.0693,0.046937,0.0583,0.1608,Increasing,True,0.046937,0.043871,True,True,dimensionless (0-1 fraction)/decade
22.5,89.375,GWETTOP,March,3,0.0579,0.113257,0.0488,0.1054,Increasing,False,0.113257,0.349543,False,False,dimensionless (0-1 fraction)/decade
22.5,89.375,GWETTOP,April,4,0.0058,0.878513,0.0138,0.001,Increasing,False,0.878513,0.743353,False,False,dimensionless (0-1 fraction)/decade
22.5,89.375,GWETTOP,May,5,0.0752,0.003532,0.0807,0.3147,Increasing,True,0.003532,0.003436,True,True,dimensionless (0-1 fraction)/decade
22.5,89.375,GWETTOP,June,6,0.0467,0.082151,0.05,0.1256,Increasing,False,0.082151,0.060974,False,False,dimensionless (0-1 fraction)/decade
22.5,89.375,GWETTOP,July,7,0.0115,0.290785,0.0111,0.0484,Increasing,False,0.290785,0.195429,False,False,dimensionless (0-1 fraction)/decade
22.5,89.375,GWETTOP,August,8,0.0198,0.003281,0.02,0.3187,Increasing,True,0.003281,0.000754,True,True,dimensionless (0-1 fraction)/decade
22.5,89.375,GWETTOP,September,9,0.0153,0.001678,0.0111,0.3549,Increasing,True,0.001678,0.002825,True,True,dimensionless (0-1 fraction)/decade
22.5,89.375,GWETTOP,October,10,0.0138,0.130479,0.0125,0.0966,Increasing,False,0.130479,0.114088,False,False,dimensionless (0-1 fraction)/decade
22.5,89.375,GWETTOP,November,11,0.0255,0.217684,0.0205,0.0653,Increasing,False,0.217684,0.452495,False,False,dimensionless (0-1 fraction)/decade
22.5,89.375,GWETTOP,December,12,0.0405,0.073629,0.0333,0.1325,Increasing,False,0.073629,0.167059,False,False,dimensionless (0-1 fraction)/decade
22.5,90.0,GWETTOP,January,1,0.0733,0.00898,0.06,0.2615,Increasing,True,0.00898,0.019197,True,True,dimensionless (0-1 fraction)/decade
22.5,90.0,GWETTOP,February,2,0.0751,0.010923,0.0586,0.25,Increasing,True,0.010923,0.010719,True,True,dimensionless (0-1 fraction)/decade
22.5,90.0,GWETTOP,March,3,0.0593,0.031572,0.0378,0.1856,Increasing,True,0.031572,0.214615,True,False,dimensionless (0-1 fraction)/decade
22.5,90.0,GWETTOP,April,4,0.027,0.407266,0.0306,0.0301,Increasing,False,0.407266,0.426777,False,False,dimensionless (0-1 fraction)/decade
22.5,90.0,GWETTOP,May,5,0.0929,0.003213,0.0846,0.3199,Increasing,True,0.003213,0.002021,True,True,dimensionless (0-1 fraction)/decade
22.5,90.0,GWETTOP,June,6,0.0776,0.013421,0.0743,0.2377,Increasing,True,0.013421,0.033368,True,True,dimensionless (0-1 fraction)/decade
22.5,90.0,GWETTOP,July,7,0.0235,0.047155,0.0261,0.1605,Increasing,True,0.047155,0.032248,True,True,dimensionless (0-1 fraction)/decade
22.5,90.0,GWETTOP,August,8,0.0265,0.00045,0.0279,0.4211,Increasing,True,0.00045,0.000593,True,True,dimensionless (0-1 fraction)/decade
22.5,90.0,GWETTOP,September,9,0.0205,0.002198,0.02,0.3405,Increasing,True,0.002198,0.010192,True,True,dimensionless (0-1 fraction)/decade
22.5,90.0,GWETTOP,October,10,0.0188,0.03755,0.0178,0.1748,Increasing,True,0.03755,0.038152,True,True,dimensionless (0-1 fraction)/decade
22.5,90.0,GWETTOP,November,11,0.0302,0.077311,0.0258,0.1294,Increasing,False,0.077311,0.145659,False,False,dimensionless (0-1 fraction)/decade
22.5,90.0,GWETTOP,December,12,0.0502,0.03053,0.0475,0.1877,Increasing,True,0.03053,0.051837,True,False,dimensionless (0-1 fraction)/decade
22.5,91.875,GWETTOP,January,1,0.1048,8e-05,0.1,0.4986,Increasing,True,8e-05,0.000214,True,True,dimensionless (0-1 fraction)/decade
22.5,91.875,GWETTOP,February,2,0.0765,0.001128,0.0764,0.3755,Increasing,True,0.001128,0.00343,True,True,dimensionless (0-1 fraction)/decade
22.5,91.875,GWETTOP,March,3,0.0721,0.001514,0.0643,0.3603,Increasing,True,0.001514,0.001675,True,True,dimensionless (0-1 fraction)/decade
22.5,91.875,GWETTOP,April,4,0.0771,0.009156,0.0756,0.2604,Increasing,True,0.009156,0.002743,True,True,dimensionless (0-1 fraction)/decade
22.5,91.875,GWETTOP,May,5,0.0957,0.012923,0.1,0.24,Increasing,True,0.012923,0.01082,True,True,dimensionless (0-1 fraction)/decade
22.5,91.875,GWETTOP,June,6,0.1079,0.001555,0.075,0.3589,Increasing,True,0.001555,0.009401,True,True,dimensionless (0-1 fraction)/decade
22.5,91.875,GWETTOP,July,7,0.0506,0.000787,0.0348,0.3937,Increasing,True,0.000787,0.003041,True,True,dimensionless (0-1 fraction)/decade
22.5,91.875,GWETTOP,August,8,0.0531,5.1e-05,0.0423,0.5175,Increasing,True,5.1e-05,6.2e-05,True,True,dimensionless (0-1 fraction)/decade
22.5,91.875,GWETTOP,September,9,0.0565,4.5e-05,0.0433,0.5225,Increasing,True,4.5e-05,8.7e-05,True,True,dimensionless (0-1 fraction)/decade
22.5,91.875,GWETTOP,October,10,0.0572,6.1e-05,0.0429,0.5097,Increasing,True,6.1e-05,0.000764,True,True,dimensionless (0-1 fraction)/decade
22.5,91.875,GWETTOP,November,11,0.0699,8.1e-05,0.0667,0.4982,Increasing,True,8.1e-05,0.000715,True,True,dimensionless (0-1 fraction)/decade
22.5,91.875,GWETTOP,December,12,0.095,6.4e-05,0.0972,0.5077,Increasing,True,6.4e-05,0.000408,True,True,dimensionless (0-1 fraction)/decade
22.5,92.5,GWETTOP,January,1,0.0921,9.8e-05,0.0907,0.4901,Increasing,True,9.8e-05,0.000179,True,True,dimensionless (0-1 fraction)/decade
22.5,92.5,GWETTOP,February,2,0.069,0.000165,0.0667,0.4672,Increasing,True,0.000165,0.001859,True,True,dimensionless (0-1 fraction)/decade
22.5,92.5,GWETTOP,March,3,0.0729,0.000434,0.0614,0.4228,Increasing,True,0.000434,0.000466,True,True,dimensionless (0-1 fraction)/decade
22.5,92.5,GWETTOP,April,4,0.0665,0.006969,0.0652,0.2763,Increasing,True,0.006969,0.003688,True,True,dimensionless (0-1 fraction)/decade
22.5,92.5,GWETTOP,May,5,0.0849,0.006783,0.0933,0.2778,Increasing,True,0.006783,0.011484,True,True,dimensionless (0-1 fraction)/decade
22.5,92.5,GWETTOP,June,6,0.128,0.000367,0.1,0.4307,Increasing,True,0.000367,0.002148,True,True,dimensionless (0-1 fraction)/decade
22.5,92.5,GWETTOP,July,7,0.0967,0.000297,0.0556,0.4407,Increasing,True,0.000297,0.001121,True,True,dimensionless (0-1 fraction)/decade
22.5,92.5,GWETTOP,August,8,0.1062,2.3e-05,0.0667,0.5482,Increasing,True,2.3e-05,2.6e-05,True,True,dimensionless (0-1 fraction)/decade
22.5,92.5,GWETTOP,September,9,0.1183,1.4e-05,0.0667,0.5677,Increasing,True,1.4e-05,1.7e-05,True,True,dimensionless (0-1 fraction)/decade
22.5,92.5,GWETTOP,October,10,0.1281,1.4e-05,0.0833,0.568,Increasing,True,1.4e-05,9.3e-05,True,True,dimensionless (0-1 fraction)/decade
22.5,92.5,GWETTOP,November,11,0.1382,7e-06,0.1286,0.5903,Increasing,True,7e-06,0.000252,True,True,dimensionless (0-1 fraction)/decade
22.5,92.5,GWETTOP,December,12,0.1191,4.6e-05,0.1176,0.521,Increasing,True,4.6e-05,0.000433,True,True,dimensionless (0-1 fraction)/decade
22.0,89.375,GWETTOP,January,1,0.0485,0.031998,0.045,0.1847,Increasing,True,0.031998,0.074863,True,False,dimensionless (0-1 fraction)/decade
22.0,89.375,GWETTOP,February,2,0.0647,0.047534,0.06,0.16,Increasing,True,0.047534,0.0371,True,True,dimensionless (0-1 fraction)/decade
22.0,89.375,GWETTOP,March,3,0.0609,0.091318,0.0485,0.119,Increasing,False,0.091318,0.241061,False,False,dimensionless (0-1 fraction)/decade
22.0,89.375,GWETTOP,April,4,-0.0048,0.895595,0.0029,0.0008,Decreasing,False,0.895595,0.944081,False,False,dimensionless (0-1 fraction)/decade
22.0,89.375,GWETTOP,May,5,0.0655,0.00294,0.0726,0.3248,Increasing,True,0.00294,0.002542,True,True,dimensionless (0-1 fraction)/decade
22.0,89.375,GWETTOP,June,6,0.0435,0.058183,0.0467,0.1473,Increasing,False,0.058183,0.064544,False,False,dimensionless (0-1 fraction)/decade
22.0,89.375,GWETTOP,July,7,0.0124,0.095171,0.0125,0.1164,Increasing,False,0.095171,0.080534,False,False,dimensionless (0-1 fraction)/decade
22.0,89.375,GWETTOP,August,8,0.0135,0.000674,0.0133,0.4014,Increasing,True,0.000674,0.001006,True,True,dimensionless (0-1 fraction)/decade
22.0,89.375,GWETTOP,September,9,0.0099,0.003713,0.0091,0.3119,Increasing,True,0.003713,0.00406,True,True,dimensionless (0-1 fraction)/decade
22.0,89.375,GWETTOP,October,10,0.0099,0.23523,0.0067,0.0607,Increasing,False,0.23523,0.267416,False,False,dimensionless (0-1 fraction)/decade
22.0,89.375,GWETTOP,November,11,0.0164,0.331746,0.0089,0.041,Increasing,False,0.331746,0.46695,False,False,dimensionless (0-1 fraction)/decade
22.0,89.375,GWETTOP,December,12,0.0328,0.092727,0.0286,0.118,Increasing,False,0.092727,0.163943,False,False,dimensionless (0-1 fraction)/decade
22.0,90.625,GWETTOP,January,1,0.0616,0.00257,0.0559,0.3321,Increasing,True,0.00257,0.005256,True,True,dimensionless (0-1 fraction)/decade
22.0,90.625,GWETTOP,February,2,0.0914,0.003172,0.0905,0.3206,Increasing,True,0.003172,0.007629,True,True,dimensionless (0-1 fraction)/decade
22.0,90.625,GWETTOP,March,3,0.1044,0.002821,0.1,0.327,Increasing,True,0.002821,0.009362,True,True,dimensionless (0-1 fraction)/decade
22.0,90.625,GWETTOP,April,4,0.0828,0.037696,0.08,0.1746,Increasing,True,0.037696,0.079291,True,False,dimensionless (0-1 fraction)/decade
22.0,90.625,GWETTOP,May,5,0.1107,1.2e-05,0.1222,0.573,Increasing,True,1.2e-05,0.000104,True,True,dimensionless (0-1 fraction)/decade
22.0,90.625,GWETTOP,June,6,0.0613,0.000919,0.05,0.3859,Increasing,True,0.000919,0.000387,True,True,dimensionless (0-1 fraction)/decade
22.0,90.625,GWETTOP,July,7,0.0122,0.00429,0.0111,0.3039,Increasing,True,0.00429,0.011945,True,True,dimensionless (0-1 fraction)/decade
22.0,90.625,GWETTOP,August,8,0.0148,7e-06,0.0156,0.5927,Increasing,True,7e-06,3.8e-05,True,True,dimensionless (0-1 fraction)/decade
22.0,90.625,GWETTOP,September,9,0.0184,6.1e-05,0.0172,0.51,Increasing,True,6.1e-05,0.000281,True,True,dimensionless (0-1 fraction)/decade
22.0,90.625,GWETTOP,October,10,0.0185,0.001602,0.0167,0.3573,Increasing,True,0.001602,0.001765,True,True,dimensionless (0-1 fraction)/decade
22.0,90.625,GWETTOP,November,11,0.0285,0.019973,0.0293,0.2137,Increasing,True,0.019973,0.024262,True,True,dimensionless (0-1 fraction)/decade
22.0,90.625,GWETTOP,December,12,0.0515,0.005362,0.0555,0.2913,Increasing,True,0.005362,0.013794,True,True,dimensionless (0-1 fraction)/decade
22.0,92.5,GWETTOP,January,1,0.0958,8.5e-05,0.1,0.4959,Increasing,True,8.5e-05,0.000199,True,True,dimensionless (0-1 fraction)/decade
22.0,92.5,GWETTOP,February,2,0.061,0.000311,0.0571,0.4386,Increasing,True,0.000311,0.001579,True,True,dimensionless (0-1 fraction)/decade
22.0,92.5,GWETTOP,March,3,0.0604,0.001644,0.0471,0.3559,Increasing,True,0.001644,0.000864,True,True,dimensionless (0-1 fraction)/decade
22.0,92.5,GWETTOP,April,4,0.0586,0.009453,0.0512,0.2585,Increasing,True,0.009453,0.004986,True,True,dimensionless (0-1 fraction)/decade
22.0,92.5,GWETTOP,May,5,0.0706,0.01683,0.0667,0.2241,Increasing,True,0.01683,0.023159,True,True,dimensionless (0-1 fraction)/decade
22.0,92.5,GWETTOP,June,6,0.123,0.000497,0.1,0.4162,Increasing,True,0.000497,0.00216,True,True,dimensionless (0-1 fraction)/decade
22.0,92.5,GWETTOP,July,7,0.0847,0.001681,0.04,0.3548,Increasing,True,0.001681,0.000288,True,True,dimensionless (0-1 fraction)/decade
22.0,92.5,GWETTOP,August,8,0.0802,3.5e-05,0.05,0.5326,Increasing,True,3.5e-05,2.4e-05,True,True,dimensionless (0-1 fraction)/decade
22.0,92.5,GWETTOP,September,9,0.0877,2e-05,0.0652,0.5529,Increasing,True,2e-05,6.3e-05,True,True,dimensionless (0-1 fraction)/decade
22.0,92.5,GWETTOP,October,10,0.0961,3.7e-05,0.0767,0.5299,Increasing,True,3.7e-05,0.000526,True,True,dimensionless (0-1 fraction)/decade
22.0,92.5,GWETTOP,November,11,0.111,2.4e-05,0.1,0.5462,Increasing,True,2.4e-05,0.000678,True,True,dimensionless (0-1 fraction)/decade
22.0,92.5,GWETTOP,December,12,0.1174,1.8e-05,0.1106,0.5574,Increasing,True,1.8e-05,0.000528,True,True,dimensionless (0-1 fraction)/decade
21.5,92.5,GWETTOP,January,1,0.0909,0.000171,0.0931,0.4656,Increasing,True,0.000171,0.000583,True,True,dimensionless (0-1 fraction)/decade
21.5,92.5,GWETTOP,February,2,0.0542,0.000259,0.06,0.447,Increasing,True,0.000259,0.000574,True,True,dimensionless (0-1 fraction)/decade
21.5,92.5,GWETTOP,March,3,0.0442,0.01118,0.0369,0.2486,Increasing,True,0.01118,0.002048,True,True,dimensionless (0-1 fraction)/decade
21.5,92.5,GWETTOP,April,4,0.0445,0.037352,0.0369,0.1751,Increasing,True,0.037352,0.026013,True,True,dimensionless (0-1 fraction)/decade
21.5,92.5,GWETTOP,May,5,0.05,0.054081,0.05,0.1519,Increasing,False,0.054081,0.061116,False,False,dimensionless (0-1 fraction)/decade
21.5,92.5,GWETTOP,June,6,0.1062,0.001155,0.1,0.3743,Increasing,True,0.001155,0.003957,True,True,dimensionless (0-1 fraction)/decade
21.5,92.5,GWETTOP,July,7,0.0704,0.004841,0.0449,0.2971,Increasing,True,0.004841,0.000368,True,True,dimensionless (0-1 fraction)/decade
21.5,92.5,GWETTOP,August,8,0.0611,2.9e-05,0.05,0.54,Increasing,True,2.9e-05,4.5e-05,True,True,dimensionless (0-1 fraction)/decade
21.5,92.5,GWETTOP,September,9,0.0639,7e-06,0.0539,0.5924,Increasing,True,7e-06,2.5e-05,True,True,dimensionless (0-1 fraction)/decade
21.5,92.5,GWETTOP,October,10,0.0717,7e-06,0.0667,0.592,Increasing,True,7e-06,0.000182,True,True,dimensionless (0-1 fraction)/decade
21.5,92.5,GWETTOP,November,11,0.0801,3.5e-05,0.075,0.5325,Increasing,True,3.5e-05,0.000554,True,True,dimensionless (0-1 fraction)/decade
21.5,92.5,GWETTOP,December,12,0.0906,0.000224,0.0879,0.4536,Increasing,True,0.000224,0.000876,True,True,dimensionless (0-1 fraction)/decade
26.0,88.75,ALLSKY_SFC_SW_DWN,January,1,-0.8148,0.009751,-0.9293,0.2567,Decreasing,True,0.009751,0.00407,True,True,MJ/m^2/day/decade
26.0,88.75,ALLSKY_SFC_SW_DWN,February,2,-0.697,0.014001,-0.7209,0.2352,Decreasing,True,0.014001,0.016148,True,True,MJ/m^2/day/decade
26.0,88.75,ALLSKY_SFC_SW_DWN,March,3,-0.7342,0.012632,-0.7472,0.2414,Decreasing,True,0.012632,0.02077,True,True,MJ/m^2/day/decade
26.0,88.75,ALLSKY_SFC_SW_DWN,April,4,-0.227,0.604536,-0.1406,0.0118,Decreasing,False,0.604536,0.761422,False,False,MJ/m^2/day/decade
26.0,88.75,ALLSKY_SFC_SW_DWN,May,5,-1.1237,0.004863,-1.1538,0.2968,Decreasing,True,0.004863,0.011635,True,True,MJ/m^2/day/decade
26.0,88.75,ALLSKY_SFC_SW_DWN,June,6,0.0003,0.999308,0.06,0.0,Increasing,False,0.999308,0.907038,False,False,MJ/m^2/day/decade
26.0,88.75,ALLSKY_SFC_SW_DWN,July,7,0.1712,0.713977,-0.0375,0.006,Increasing,False,0.713977,0.92555,False,False,MJ/m^2/day/decade
26.0,88.75,ALLSKY_SFC_SW_DWN,August,8,-0.5305,0.20567,-0.6007,0.0687,Decreasing,False,0.20567,0.168221,False,False,MJ/m^2/day/decade
26.0,88.75,ALLSKY_SFC_SW_DWN,September,9,-0.3198,0.431084,-0.265,0.0272,Decreasing,False,0.431084,0.623812,False,False,MJ/m^2/day/decade
26.0,88.75,ALLSKY_SFC_SW_DWN,October,10,-0.4287,0.319259,-0.5387,0.0431,Decreasing,False,0.319259,0.233613,False,False,MJ/m^2/day/decade
26.0,88.75,ALLSKY_SFC_SW_DWN,November,11,-0.0942,0.658325,-0.0569,0.0087,Decreasing,False,0.658325,0.743623,False,False,MJ/m^2/day/decade
26.0,88.75,ALLSKY_SFC_SW_DWN,December,12,-0.5349,0.054213,-0.4887,0.1518,Decreasing,False,0.054213,0.065031,False,False,MJ/m^2/day/decade
25.5,89.375,ALLSKY_SFC_SW_DWN,January,1,-0.6289,0.03849,-0.6909,0.1732,Decreasing,True,0.03849,0.029855,True,True,MJ/m^2/day/decade
25.5,89.375,ALLSKY_SFC_SW_DWN,February,2,-0.8184,0.002934,-0.8649,0.3249,Decreasing,True,0.002934,0.005449,True,True,MJ/m^2/day/decade
25.5,89.375,ALLSKY_SFC_SW_DWN,March,3,-0.7006,0.020318,-0.7258,0.2127,Decreasing,True,0.020318,0.023486,True,True,MJ/m^2/day/decade
25.5,89.375,ALLSKY_SFC_SW_DWN,April,4,-0.1158,0.801541,0.017,0.0028,Decreasing,False,0.801541,0.981367,False,False,MJ/m^2/day/decade
25.5,89.375,ALLSKY_SFC_SW_DWN,May,5,-0.9956,0.006868,-1.0274,0.2771,Decreasing,True,0.006868,0.010906,True,True,MJ/m^2/day/decade
25.5,89.375,ALLSKY_SFC_SW_DWN,June,6,0.1274,0.744748,0.2958,0.0047,Increasing,False,0.744748,0.559305,False,False,MJ/m^2/day/decade
25.5,89.375,ALLSKY_SFC_SW_DWN,July,7,0.43,0.375188,0.2857,0.0343,Increasing,False,0.375188,0.657227,False,False,MJ/m^2/day/decade
25.5,89.375,ALLSKY_SFC_SW_DWN,August,8,-0.4585,0.270218,-0.4544,0.0526,Decreasing,False,0.270218,0.198959,False,False,MJ/m^2/day/decade
25.5,89.375,ALLSKY_SFC_SW_DWN,September,9,-0.339,0.380699,-0.4,0.0336,Decreasing,False,0.380699,0.303997,False,False,MJ/m^2/day/decade
25.5,89.375,ALLSKY_SFC_SW_DWN,October,10,-0.4798,0.279139,-0.5893,0.0507,Decreasing,False,0.279139,0.261533,False,False,MJ/m^2/day/decade
25.5,89.375,ALLSKY_SFC_SW_DWN,November,11,0.0616,0.769902,0.113,0.0038,Increasing,False,0.769902,0.623623,False,False,MJ/m^2/day/decade
25.5,89.375,ALLSKY_SFC_SW_DWN,December,12,-0.5219,0.052493,-0.4712,0.1538,Decreasing,False,0.052493,0.052567,False,False,MJ/m^2/day/decade
25.0,88.75,ALLSKY_SFC_SW_DWN,January,1,-0.7702,0.005104,-0.7971,0.2941,Decreasing,True,0.005104,0.010906,True,True,MJ/m^2/day/decade
25.0,88.75,ALLSKY_SFC_SW_DWN,February,2,-0.6452,0.021461,-0.7199,0.2094,Decreasing,True,0.021461,0.039658,True,True,MJ/m^2/day/decade
25.0,88.75,ALLSKY_SFC_SW_DWN,March,3,-0.6566,0.03191,-0.6291,0.1849,Decreasing,True,0.03191,0.039802,True,True,MJ/m^2/day/decade
25.0,88.75,ALLSKY_SFC_SW_DWN,April,4,-0.6395,0.059687,-0.6608,0.1457,Decreasing,False,0.059687,0.12311,False,False,MJ/m^2/day/decade
25.0,88.75,ALLSKY_SFC_SW_DWN,May,5,-0.9054,0.031889,-0.9592,0.185,Decreasing,True,0.031889,0.052567,True,False,MJ/m^2/day/decade
25.0,88.75,ALLSKY_SFC_SW_DWN,June,6,0.3233,0.322976,0.3147,0.0425,Increasing,False,0.322976,0.374425,False,False,MJ/m^2/day/decade
25.0,88.75,ALLSKY_SFC_SW_DWN,July,7,0.1311,0.759798,0.0656,0.0041,Increasing,False,0.759798,0.907038,False,False,MJ/m^2/day/decade
25.0,88.75,ALLSKY_SFC_SW_DWN,August,8,-0.8891,0.005892,-0.9062,0.2859,Decreasing,True,0.005892,0.00403,True,True,MJ/m^2/day/decade
25.0,88.75,ALLSKY_SFC_SW_DWN,September,9,-0.5894,0.036867,-0.6125,0.1759,Decreasing,True,0.036867,0.039802,True,True,MJ/m^2/day/decade
25.0,88.75,ALLSKY_SFC_SW_DWN,October,10,-0.4029,0.315021,-0.6115,0.0439,Decreasing,False,0.315021,0.161011,False,False,MJ/m^2/day/decade
25.0,88.75,ALLSKY_SFC_SW_DWN,November,11,-0.4082,0.036962,-0.4,0.1758,Decreasing,True,0.036962,0.058386,True,False,MJ/m^2/day/decade
25.0,88.75,ALLSKY_SFC_SW_DWN,December,12,-0.8208,0.002304,-0.7923,0.338,Decreasing,True,0.002304,0.004714,True,True,MJ/m^2/day/decade
25.0,89.375,ALLSKY_SFC_SW_DWN,January,1,-0.8222,0.004671,-0.839,0.2991,Decreasing,True,0.004671,0.001746,True,True,MJ/m^2/day/decade
25.0,89.375,ALLSKY_SFC_SW_DWN,February,2,-0.861,0.00198,-0.8993,0.3461,Decreasing,True,0.00198,0.00377,True,True,MJ/m^2/day/decade
25.0,89.375,ALLSKY_SFC_SW_DWN,March,3,-0.7192,0.026338,-0.7444,0.1968,Decreasing,True,0.026338,0.019484,True,True,MJ/m^2/day/decade
25.0,89.375,ALLSKY_SFC_SW_DWN,April,4,-0.6159,0.068617,-0.7022,0.137,Decreasing,False,0.068617,0.107072,False,False,MJ/m^2/day/decade
25.0,89.375,ALLSKY_SFC_SW_DWN,May,5,-0.7771,0.047578,-0.8377,0.16,Decreasing,True,0.047578,0.061636,True,False,MJ/m^2/day/decade
25.0,89.375,ALLSKY_SFC_SW_DWN,June,6,0.3016,0.35039,0.2823,0.038,Increasing,False,0.35039,0.483403,False,False,MJ/m^2/day/decade
25.0,89.375,ALLSKY_SFC_SW_DWN,July,7,0.4425,0.323763,0.225,0.0423,Increasing,False,0.323763,0.483403,False,False,MJ/m^2/day/decade
25.0,89.375,ALLSKY_SFC_SW_DWN,August,8,-0.7284,0.066724,-0.8055,0.1387,Decreasing,False,0.066724,0.092566,False,False,MJ/m^2/day/decade
25.0,89.375,ALLSKY_SFC_SW_DWN,September,9,-0.3806,0.255137,-0.5338,0.0559,Decreasing,False,0.255137,0.147504,False,False,MJ/m^2/day/decade
25.0,89.375,ALLSKY_SFC_SW_DWN,October,10,-0.4248,0.286474,-0.6,0.0492,Decreasing,False,0.286474,0.167989,False,False,MJ/m^2/day/decade
25.0,89.375,ALLSKY_SFC_SW_DWN,November,11,-0.1787,0.388916,-0.0962,0.0324,Decreasing,False,0.388916,0.657052,False,False,MJ/m^2/day/decade
25.0,89.375,ALLSKY_SFC_SW_DWN,December,12,-0.8158,0.00494,-0.7214,0.2959,Decreasing,True,0.00494,0.010906,True,True,MJ/m^2/day/decade
25.0,90.0,ALLSKY_SFC_SW_DWN,January,1,-0.8222,0.004671,-0.839,0.2991,Decreasing,True,0.004671,0.001746,True,True,MJ/m^2/day/decade
25.0,90.0,ALLSKY_SFC_SW_DWN,February,2,-0.861,0.00198,-0.8993,0.3461,Decreasing,True,0.00198,0.00377,True,True,MJ/m^2/day/decade
25.0,90.0,ALLSKY_SFC_SW_DWN,March,3,-0.7192,0.026338,-0.7444,0.1968,Decreasing,True,0.026338,0.019484,True,True,MJ/m^2/day/decade
25.0,90.0,ALLSKY_SFC_SW_DWN,April,4,-0.6159,0.068617,-0.7022,0.137,Decreasing,False,0.068617,0.107072,False,False,MJ/m^2/day/decade
25.0,90.0,ALLSKY_SFC_SW_DWN,May,5,-0.7771,0.047578,-0.8377,0.16,Decreasing,True,0.047578,0.061636,True,False,MJ/m^2/day/decade
25.0,90.0,ALLSKY_SFC_SW_DWN,June,6,0.3016,0.35039,0.2823,0.038,Increasing,False,0.35039,0.483403,False,False,MJ/m^2/day/decade
25.0,90.0,ALLSKY_SFC_SW_DWN,July,7,0.4425,0.323763,0.225,0.0423,Increasing,False,0.323763,0.483403,False,False,MJ/m^2/day/decade
25.0,90.0,ALLSKY_SFC_SW_DWN,August,8,-0.7284,0.066724,-0.8055,0.1387,Decreasing,False,0.066724,0.092566,False,False,MJ/m^2/day/decade
25.0,90.0,ALLSKY_SFC_SW_DWN,September,9,-0.3806,0.255137,-0.5338,0.0559,Decreasing,False,0.255137,0.147504,False,False,MJ/m^2/day/decade
25.0,90.0,ALLSKY_SFC_SW_DWN,October,10,-0.4248,0.286474,-0.6,0.0492,Decreasing,False,0.286474,0.167989,False,False,MJ/m^2/day/decade
25.0,90.0,ALLSKY_SFC_SW_DWN,November,11,-0.1787,0.388916,-0.0962,0.0324,Decreasing,False,0.388916,0.657052,False,False,MJ/m^2/day/decade
25.0,90.0,ALLSKY_SFC_SW_DWN,December,12,-0.8158,0.00494,-0.7214,0.2959,Decreasing,True,0.00494,0.010906,True,True,MJ/m^2/day/decade
25.0,90.625,ALLSKY_SFC_SW_DWN,January,1,-0.6658,0.018389,-0.7387,0.2188,Decreasing,True,0.018389,0.010906,True,True,MJ/m^2/day/decade
25.0,90.625,ALLSKY_SFC_SW_DWN,February,2,-0.775,0.003086,-0.7976,0.3221,Decreasing,True,0.003086,0.009492,True,True,MJ/m^2/day/decade
25.0,90.625,ALLSKY_SFC_SW_DWN,March,3,-0.4558,0.182677,-0.4461,0.0759,Decreasing,False,0.182677,0.134882,False,False,MJ/m^2/day/decade
25.0,90.625,ALLSKY_SFC_SW_DWN,April,4,-0.4346,0.259644,-0.5098,0.0549,Decreasing,False,0.259644,0.215785,False,False,MJ/m^2/day/decade
25.0,90.625,ALLSKY_SFC_SW_DWN,May,5,-0.6108,0.105873,-0.5881,0.1097,Decreasing,False,0.105873,0.101987,False,False,MJ/m^2/day/decade
25.0,90.625,ALLSKY_SFC_SW_DWN,June,6,-0.0009,0.998051,0.1821,0.0,Decreasing,False,0.998051,0.870137,False,False,MJ/m^2/day/decade
25.0,90.625,ALLSKY_SFC_SW_DWN,July,7,0.4916,0.326906,0.1929,0.0418,Increasing,False,0.326906,0.708567,False,False,MJ/m^2/day/decade
25.0,90.625,ALLSKY_SFC_SW_DWN,August,8,-0.7306,0.106755,-0.475,0.1091,Decreasing,False,0.106755,0.141193,False,False,MJ/m^2/day/decade
25.0,90.625,ALLSKY_SFC_SW_DWN,September,9,-0.1553,0.653829,-0.3974,0.0089,Decreasing,False,0.653829,0.252202,False,False,MJ/m^2/day/decade
25.0,90.625,ALLSKY_SFC_SW_DWN,October,10,-0.4423,0.16473,-0.4583,0.0822,Decreasing,False,0.16473,0.140976,False,False,MJ/m^2/day/decade
25.0,90.625,ALLSKY_SFC_SW_DWN,November,11,-0.1464,0.489116,-0.0229,0.021,Decreasing,False,0.489116,0.925509,False,False,MJ/m^2/day/decade
25.0,90.625,ALLSKY_SFC_SW_DWN,December,12,-0.7508,0.007179,-0.6901,0.2745,Decreasing,True,0.007179,0.015116,True,True,MJ/m^2/day/decade
25.0,91.25,ALLSKY_SFC_SW_DWN,January,1,-0.4031,0.152413,-0.395,0.087,Decreasing,False,0.152413,0.134882,False,False,MJ/m^2/day/decade
25.0,91.25,ALLSKY_SFC_SW_DWN,February,2,-0.6235,0.012701,-0.6092,0.241,Decreasing,True,0.012701,0.039802,True,True,MJ/m^2/day/decade
25.0,91.25,ALLSKY_SFC_SW_DWN,March,3,-0.2746,0.434456,-0.3071,0.0268,Decreasing,False,0.434456,0.413431,False,False,MJ/m^2/day/decade
25.0,91.25,ALLSKY_SFC_SW_DWN,April,4,-0.2465,0.583855,-0.3434,0.0132,Decreasing,False,0.583855,0.427029,False,False,MJ/m^2/day/decade
25.0,91.25,ALLSKY_SFC_SW_DWN,May,5,-0.5157,0.168462,-0.4477,0.0808,Decreasing,False,0.168462,0.215535,False,False,MJ/m^2/day/decade
25.0,91.25,ALLSKY_SFC_SW_DWN,June,6,-0.3324,0.471952,-0.4138,0.0227,Decreasing,False,0.471952,0.498219,False,False,MJ/m^2/day/decade
25.0,91.25,ALLSKY_SFC_SW_DWN,July,7,0.3851,0.411817,0.3609,0.0295,Increasing,False,0.411817,0.498219,False,False,MJ/m^2/day/decade
25.0,91.25,ALLSKY_SFC_SW_DWN,August,8,-0.998,0.027962,-1.0067,0.1931,Decreasing,True,0.027962,0.049721,True,True,MJ/m^2/day/decade
25.0,91.25,ALLSKY_SFC_SW_DWN,September,9,-0.0364,0.924847,-0.2028,0.0004,Decreasing,False,0.924847,0.591154,False,False,MJ/m^2/day/decade
25.0,91.25,ALLSKY_SFC_SW_DWN,October,10,-0.2568,0.391727,-0.2174,0.0321,Decreasing,False,0.391727,0.528312,False,False,MJ/m^2/day/decade
25.0,91.25,ALLSKY_SFC_SW_DWN,November,11,0.0073,0.975255,-0.0181,0.0,Increasing,False,0.975255,0.962734,False,False,MJ/m^2/day/decade
25.0,91.25,ALLSKY_SFC_SW_DWN,December,12,-0.4819,0.020721,-0.5033,0.2115,Decreasing,True,0.020721,0.033561,True,True,MJ/m^2/day/decade
25.0,91.875,ALLSKY_SFC_SW_DWN,January,1,-0.4031,0.152413,-0.395,0.087,Decreasing,False,0.152413,0.134882,False,False,MJ/m^2/day/decade
25.0,91.875,ALLSKY_SFC_SW_DWN,February,2,-0.6235,0.012701,-0.6092,0.241,Decreasing,True,0.012701,0.039802,True,True,MJ/m^2/day/decade
25.0,91.875,ALLSKY_SFC_SW_DWN,March,3,-0.2746,0.434456,-0.3071,0.0268,Decreasing,False,0.434456,0.413431,False,False,MJ/m^2/day/decade
25.0,91.875,ALLSKY_SFC_SW_DWN,April,4,-0.2465,0.583855,-0.3434,0.0132,Decreasing,False,0.583855,0.427029,False,False,MJ/m^2/day/decade
25.0,91.875,ALLSKY_SFC_SW_DWN,May,5,-0.5157,0.168462,-0.4477,0.0808,Decreasing,False,0.168462,0.215535,False,False,MJ/m^2/day/decade
25.0,91.875,ALLSKY_SFC_SW_DWN,June,6,-0.3324,0.471952,-0.4138,0.0227,Decreasing,False,0.471952,0.498219,False,False,MJ/m^2/day/decade
25.0,91.875,ALLSKY_SFC_SW_DWN,July,7,0.3851,0.411817,0.3609,0.0295,Increasing,False,0.411817,0.498219,False,False,MJ/m^2/day/decade
25.0,91.875,ALLSKY_SFC_SW_DWN,August,8,-0.998,0.027962,-1.0067,0.1931,Decreasing,True,0.027962,0.049721,True,True,MJ/m^2/day/decade
25.0,91.875,ALLSKY_SFC_SW_DWN,September,9,-0.0364,0.924847,-0.2028,0.0004,Decreasing,False,0.924847,0.591154,False,False,MJ/m^2/day/decade
25.0,91.875,ALLSKY_SFC_SW_DWN,October,10,-0.2568,0.391727,-0.2174,0.0321,Decreasing,False,0.391727,0.528312,False,False,MJ/m^2/day/decade
25.0,91.875,ALLSKY_SFC_SW_DWN,November,11,0.0073,0.975255,-0.0181,0.0,Increasing,False,0.975255,0.962734,False,False,MJ/m^2/day/decade
25.0,91.875,ALLSKY_SFC_SW_DWN,December,12,-0.4819,0.020721,-0.5033,0.2115,Decreasing,True,0.020721,0.033561,True,True,MJ/m^2/day/decade
24.5,88.75,ALLSKY_SFC_SW_DWN,January,1,-0.7702,0.005104,-0.7971,0.2941,Decreasing,True,0.005104,0.010906,True,True,MJ/m^2/day/decade
24.5,88.75,ALLSKY_SFC_SW_DWN,February,2,-0.6452,0.021461,-0.7199,0.2094,Decreasing,True,0.021461,0.039658,True,True,MJ/m^2/day/decade
24.5,88.75,ALLSKY_SFC_SW_DWN,March,3,-0.6566,0.03191,-0.6291,0.1849,Decreasing,True,0.03191,0.039802,True,True,MJ/m^2/day/decade
24.5,88.75,ALLSKY_SFC_SW_DWN,April,4,-0.6395,0.059687,-0.6608,0.1457,Decreasing,False,0.059687,0.12311,False,False,MJ/m^2/day/decade
24.5,88.75,ALLSKY_SFC_SW_DWN,May,5,-0.9054,0.031889,-0.9592,0.185,Decreasing,True,0.031889,0.052567,True,False,MJ/m^2/day/decade
24.5,88.75,ALLSKY_SFC_SW_DWN,June,6,0.3233,0.322976,0.3147,0.0425,Increasing,False,0.322976,0.374425,False,False,MJ/m^2/day/decade
24.5,88.75,ALLSKY_SFC_SW_DWN,July,7,0.1311,0.759798,0.0656,0.0041,Increasing,False,0.759798,0.907038,False,False,MJ/m^2/day/decade
24.5,88.75,ALLSKY_SFC_SW_DWN,August,8,-0.8891,0.005892,-0.9062,0.2859,Decreasing,True,0.005892,0.00403,True,True,MJ/m^2/day/decade
24.5,88.75,ALLSKY_SFC_SW_DWN,September,9,-0.5894,0.036867,-0.6125,0.1759,Decreasing,True,0.036867,0.039802,True,True,MJ/m^2/day/decade
24.5,88.75,ALLSKY_SFC_SW_DWN,October,10,-0.4029,0.315021,-0.6115,0.0439,Decreasing,False,0.315021,0.161011,False,False,MJ/m^2/day/decade
24.5,88.75,ALLSKY_SFC_SW_DWN,November,11,-0.4082,0.036962,-0.4,0.1758,Decreasing,True,0.036962,0.058386,True,False,MJ/m^2/day/decade
24.5,88.75,ALLSKY_SFC_SW_DWN,December,12,-0.8208,0.002304,-0.7923,0.338,Decreasing,True,0.002304,0.004714,True,True,MJ/m^2/day/decade
24.5,89.375,ALLSKY_SFC_SW_DWN,January,1,-0.8222,0.004671,-0.839,0.2991,Decreasing,True,0.004671,0.001746,True,True,MJ/m^2/day/decade
24.5,89.375,ALLSKY_SFC_SW_DWN,February,2,-0.861,0.00198,-0.8993,0.3461,Decreasing,True,0.00198,0.00377,True,True,MJ/m^2/day/decade
24.5,89.375,ALLSKY_SFC_SW_DWN,March,3,-0.7192,0.026338,-0.7444,0.1968,Decreasing,True,0.026338,0.019484,True,True,MJ/m^2/day/decade
24.5,89.375,ALLSKY_SFC_SW_DWN,April,4,-0.6159,0.068617,-0.7022,0.137,Decreasing,False,0.068617,0.107072,False,False,MJ/m^2/day/decade
24.5,89.375,ALLSKY_SFC_SW_DWN,May,5,-0.7771,0.047578,-0.8377,0.16,Decreasing,True,0.047578,0.061636,True,False,MJ/m^2/day/decade
24.5,89.375,ALLSKY_SFC_SW_DWN,June,6,0.3016,0.35039,0.2823,0.038,Increasing,False,0.35039,0.483403,False,False,MJ/m^2/day/decade
24.5,89.375,ALLSKY_SFC_SW_DWN,July,7,0.4425,0.323763,0.225,0.0423,Increasing,False,0.323763,0.483403,False,False,MJ/m^2/day/decade
24.5,89.375,ALLSKY_SFC_SW_DWN,August,8,-0.7284,0.066724,-0.8055,0.1387,Decreasing,False,0.066724,0.092566,False,False,MJ/m^2/day/decade
24.5,89.375,ALLSKY_SFC_SW_DWN,September,9,-0.3806,0.255137,-0.5338,0.0559,Decreasing,False,0.255137,0.147504,False,False,MJ/m^2/day/decade
24.5,89.375,ALLSKY_SFC_SW_DWN,October,10,-0.4248,0.286474,-0.6,0.0492,Decreasing,False,0.286474,0.167989,False,False,MJ/m^2/day/decade
24.5,89.375,ALLSKY_SFC_SW_DWN,November,11,-0.1787,0.388916,-0.0962,0.0324,Decreasing,False,0.388916,0.657052,False,False,MJ/m^2/day/decade
24.5,89.375,ALLSKY_SFC_SW_DWN,December,12,-0.8158,0.00494,-0.7214,0.2959,Decreasing,True,0.00494,0.010906,True,True,MJ/m^2/day/decade
24.5,90.0,ALLSKY_SFC_SW_DWN,January,1,-0.8222,0.004671,-0.839,0.2991,Decreasing,True,0.004671,0.001746,True,True,MJ/m^2/day/decade
24.5,90.0,ALLSKY_SFC_SW_DWN,February,2,-0.861,0.00198,-0.8993,0.3461,Decreasing,True,0.00198,0.00377,True,True,MJ/m^2/day/decade
24.5,90.0,ALLSKY_SFC_SW_DWN,March,3,-0.7192,0.026338,-0.7444,0.1968,Decreasing,True,0.026338,0.019484,True,True,MJ/m^2/day/decade
24.5,90.0,ALLSKY_SFC_SW_DWN,April,4,-0.6159,0.068617,-0.7022,0.137,Decreasing,False,0.068617,0.107072,False,False,MJ/m^2/day/decade
24.5,90.0,ALLSKY_SFC_SW_DWN,May,5,-0.7771,0.047578,-0.8377,0.16,Decreasing,True,0.047578,0.061636,True,False,MJ/m^2/day/decade
24.5,90.0,ALLSKY_SFC_SW_DWN,June,6,0.3016,0.35039,0.2823,0.038,Increasing,False,0.35039,0.483403,False,False,MJ/m^2/day/decade
24.5,90.0,ALLSKY_SFC_SW_DWN,July,7,0.4425,0.323763,0.225,0.0423,Increasing,False,0.323763,0.483403,False,False,MJ/m^2/day/decade
24.5,90.0,ALLSKY_SFC_SW_DWN,August,8,-0.7284,0.066724,-0.8055,0.1387,Decreasing,False,0.066724,0.092566,False,False,MJ/m^2/day/decade
24.5,90.0,ALLSKY_SFC_SW_DWN,September,9,-0.3806,0.255137,-0.5338,0.0559,Decreasing,False,0.255137,0.147504,False,False,MJ/m^2/day/decade
24.5,90.0,ALLSKY_SFC_SW_DWN,October,10,-0.4248,0.286474,-0.6,0.0492,Decreasing,False,0.286474,0.167989,False,False,MJ/m^2/day/decade
24.5,90.0,ALLSKY_SFC_SW_DWN,November,11,-0.1787,0.388916,-0.0962,0.0324,Decreasing,False,0.388916,0.657052,False,False,MJ/m^2/day/decade
24.5,90.0,ALLSKY_SFC_SW_DWN,December,12,-0.8158,0.00494,-0.7214,0.2959,Decreasing,True,0.00494,0.010906,True,True,MJ/m^2/day/decade
24.5,90.625,ALLSKY_SFC_SW_DWN,January,1,-0.6658,0.018389,-0.7387,0.2188,Decreasing,True,0.018389,0.010906,True,True,MJ/m^2/day/decade
24.5,90.625,ALLSKY_SFC_SW_DWN,February,2,-0.775,0.003086,-0.7976,0.3221,Decreasing,True,0.003086,0.009492,True,True,MJ/m^2/day/decade
24.5,90.625,ALLSKY_SFC_SW_DWN,March,3,-0.4558,0.182677,-0.4461,0.0759,Decreasing,False,0.182677,0.134882,False,False,MJ/m^2/day/decade
24.5,90.625,ALLSKY_SFC_SW_DWN,April,4,-0.4346,0.259644,-0.5098,0.0549,Decreasing,False,0.259644,0.215785,False,False,MJ/m^2/day/decade
24.5,90.625,ALLSKY_SFC_SW_DWN,May,5,-0.6108,0.105873,-0.5881,0.1097,Decreasing,False,0.105873,0.101987,False,False,MJ/m^2/day/decade
24.5,90.625,ALLSKY_SFC_SW_DWN,June,6,-0.0009,0.998051,0.1821,0.0,Decreasing,False,0.998051,0.870137,False,False,MJ/m^2/day/decade
24.5,90.625,ALLSKY_SFC_SW_DWN,July,7,0.4916,0.326906,0.1929,0.0418,Increasing,False,0.326906,0.708567,False,False,MJ/m^2/day/decade
24.5,90.625,ALLSKY_SFC_SW_DWN,August,8,-0.7306,0.106755,-0.475,0.1091,Decreasing,False,0.106755,0.141193,False,False,MJ/m^2/day/decade
24.5,90.625,ALLSKY_SFC_SW_DWN,September,9,-0.1553,0.653829,-0.3974,0.0089,Decreasing,False,0.653829,0.252202,False,False,MJ/m^2/day/decade
24.5,90.625,ALLSKY_SFC_SW_DWN,October,10,-0.4423,0.16473,-0.4583,0.0822,Decreasing,False,0.16473,0.140976,False,False,MJ/m^2/day/decade
24.5,90.625,ALLSKY_SFC_SW_DWN,November,11,-0.1464,0.489116,-0.0229,0.021,Decreasing,False,0.489116,0.925509,False,False,MJ/m^2/day/decade
24.5,90.625,ALLSKY_SFC_SW_DWN,December,12,-0.7508,0.007179,-0.6901,0.2745,Decreasing,True,0.007179,0.015116,True,True,MJ/m^2/day/decade
24.5,91.25,ALLSKY_SFC_SW_DWN,January,1,-0.4031,0.152413,-0.395,0.087,Decreasing,False,0.152413,0.134882,False,False,MJ/m^2/day/decade
24.5,91.25,ALLSKY_SFC_SW_DWN,February,2,-0.6235,0.012701,-0.6092,0.241,Decreasing,True,0.012701,0.039802,True,True,MJ/m^2/day/decade
24.5,91.25,ALLSKY_SFC_SW_DWN,March,3,-0.2746,0.434456,-0.3071,0.0268,Decreasing,False,0.434456,0.413431,False,False,MJ/m^2/day/decade
24.5,91.25,ALLSKY_SFC_SW_DWN,April,4,-0.2465,0.583855,-0.3434,0.0132,Decreasing,False,0.583855,0.427029,False,False,MJ/m^2/day/decade
24.5,91.25,ALLSKY_SFC_SW_DWN,May,5,-0.5157,0.168462,-0.4477,0.0808,Decreasing,False,0.168462,0.215535,False,False,MJ/m^2/day/decade
24.5,91.25,ALLSKY_SFC_SW_DWN,June,6,-0.3324,0.471952,-0.4138,0.0227,Decreasing,False,0.471952,0.498219,False,False,MJ/m^2/day/decade
24.5,91.25,ALLSKY_SFC_SW_DWN,July,7,0.3851,0.411817,0.3609,0.0295,Increasing,False,0.411817,0.498219,False,False,MJ/m^2/day/decade
24.5,91.25,ALLSKY_SFC_SW_DWN,August,8,-0.998,0.027962,-1.0067,0.1931,Decreasing,True,0.027962,0.049721,True,True,MJ/m^2/day/decade
24.5,91.25,ALLSKY_SFC_SW_DWN,September,9,-0.0364,0.924847,-0.2028,0.0004,Decreasing,False,0.924847,0.591154,False,False,MJ/m^2/day/decade
24.5,91.25,ALLSKY_SFC_SW_DWN,October,10,-0.2568,0.391727,-0.2174,0.0321,Decreasing,False,0.391727,0.528312,False,False,MJ/m^2/day/decade
24.5,91.25,ALLSKY_SFC_SW_DWN,November,11,0.0073,0.975255,-0.0181,0.0,Increasing,False,0.975255,0.962734,False,False,MJ/m^2/day/decade
24.5,91.25,ALLSKY_SFC_SW_DWN,December,12,-0.4819,0.020721,-0.5033,0.2115,Decreasing,True,0.020721,0.033561,True,True,MJ/m^2/day/decade
24.5,91.875,ALLSKY_SFC_SW_DWN,January,1,-0.4031,0.152413,-0.395,0.087,Decreasing,False,0.152413,0.134882,False,False,MJ/m^2/day/decade
24.5,91.875,ALLSKY_SFC_SW_DWN,February,2,-0.6235,0.012701,-0.6092,0.241,Decreasing,True,0.012701,0.039802,True,True,MJ/m^2/day/decade
24.5,91.875,ALLSKY_SFC_SW_DWN,March,3,-0.2746,0.434456,-0.3071,0.0268,Decreasing,False,0.434456,0.413431,False,False,MJ/m^2/day/decade
24.5,91.875,ALLSKY_SFC_SW_DWN,April,4,-0.2465,0.583855,-0.3434,0.0132,Decreasing,False,0.583855,0.427029,False,False,MJ/m^2/day/decade
24.5,91.875,ALLSKY_SFC_SW_DWN,May,5,-0.5157,0.168462,-0.4477,0.0808,Decreasing,False,0.168462,0.215535,False,False,MJ/m^2/day/decade
24.5,91.875,ALLSKY_SFC_SW_DWN,June,6,-0.3324,0.471952,-0.4138,0.0227,Decreasing,False,0.471952,0.498219,False,False,MJ/m^2/day/decade
24.5,91.875,ALLSKY_SFC_SW_DWN,July,7,0.3851,0.411817,0.3609,0.0295,Increasing,False,0.411817,0.498219,False,False,MJ/m^2/day/decade
24.5,91.875,ALLSKY_SFC_SW_DWN,August,8,-0.998,0.027962,-1.0067,0.1931,Decreasing,True,0.027962,0.049721,True,True,MJ/m^2/day/decade
24.5,91.875,ALLSKY_SFC_SW_DWN,September,9,-0.0364,0.924847,-0.2028,0.0004,Decreasing,False,0.924847,0.591154,False,False,MJ/m^2/day/decade
24.5,91.875,ALLSKY_SFC_SW_DWN,October,10,-0.2568,0.391727,-0.2174,0.0321,Decreasing,False,0.391727,0.528312,False,False,MJ/m^2/day/decade
24.5,91.875,ALLSKY_SFC_SW_DWN,November,11,0.0073,0.975255,-0.0181,0.0,Increasing,False,0.975255,0.962734,False,False,MJ/m^2/day/decade
24.5,91.875,ALLSKY_SFC_SW_DWN,December,12,-0.4819,0.020721,-0.5033,0.2115,Decreasing,True,0.020721,0.033561,True,True,MJ/m^2/day/decade
24.0,88.75,ALLSKY_SFC_SW_DWN,January,1,-0.7641,0.006263,-0.7811,0.2824,Decreasing,True,0.006263,0.010906,True,True,MJ/m^2/day/decade
24.0,88.75,ALLSKY_SFC_SW_DWN,February,2,-0.8418,0.004608,-0.9452,0.2998,Decreasing,True,0.004608,0.006285,True,True,MJ/m^2/day/decade
24.0,88.75,ALLSKY_SFC_SW_DWN,March,3,-0.5885,0.036199,-0.5895,0.1771,Decreasing,True,0.036199,0.065031,True,False,MJ/m^2/day/decade
24.0,88.75,ALLSKY_SFC_SW_DWN,April,4,-0.5806,0.045149,-0.4693,0.1633,Decreasing,True,0.045149,0.1018,True,False,MJ/m^2/day/decade
24.0,88.75,ALLSKY_SFC_SW_DWN,May,5,-0.9025,0.025329,-0.9198,0.1992,Decreasing,True,0.025329,0.047125,True,True,MJ/m^2/day/decade
24.0,88.75,ALLSKY_SFC_SW_DWN,June,6,0.3394,0.283208,0.5114,0.0499,Increasing,False,0.283208,0.198959,False,False,MJ/m^2/day/decade
24.0,88.75,ALLSKY_SFC_SW_DWN,July,7,0.2282,0.572962,0.155,0.014,Increasing,False,0.572962,0.674117,False,False,MJ/m^2/day/decade
24.0,88.75,ALLSKY_SFC_SW_DWN,August,8,-0.7111,0.007179,-0.7536,0.2745,Decreasing,True,0.007179,0.0207,True,True,MJ/m^2/day/decade
24.0,88.75,ALLSKY_SFC_SW_DWN,September,9,-0.3404,0.159145,-0.4293,0.0843,Decreasing,False,0.159145,0.147504,False,False,MJ/m^2/day/decade
24.0,88.75,ALLSKY_SFC_SW_DWN,October,10,-0.5002,0.22168,-0.5762,0.0642,Decreasing,False,0.22168,0.117434,False,False,MJ/m^2/day/decade
24.0,88.75,ALLSKY_SFC_SW_DWN,November,11,-0.4879,0.023569,-0.4517,0.2036,Decreasing,True,0.023569,0.055412,True,False,MJ/m^2/day/decade
24.0,88.75,ALLSKY_SFC_SW_DWN,December,12,-0.9264,0.000235,-0.927,0.4514,Decreasing,True,0.000235,0.000458,True,True,MJ/m^2/day/decade
24.0,89.375,ALLSKY_SFC_SW_DWN,January,1,-0.8892,0.002202,-0.8937,0.3404,Decreasing,True,0.002202,0.001746,True,True,MJ/m^2/day/decade
24.0,89.375,ALLSKY_SFC_SW_DWN,February,2,-1.0228,0.000351,-1.0785,0.4329,Decreasing,True,0.000351,0.001265,True,True,MJ/m^2/day/decade
24.0,89.375,ALLSKY_SFC_SW_DWN,March,3,-0.6396,0.043802,-0.5692,0.1652,Decreasing,True,0.043802,0.128996,True,False,MJ/m^2/day/decade
24.0,89.375,ALLSKY_SFC_SW_DWN,April,4,-0.5808,0.04598,-0.5675,0.1621,Decreasing,True,0.04598,0.140976,True,False,MJ/m^2/day/decade
24.0,89.375,ALLSKY_SFC_SW_DWN,May,5,-0.8804,0.026233,-0.9183,0.197,Decreasing,True,0.026233,0.013275,True,True,MJ/m^2/day/decade
24.0,89.375,ALLSKY_SFC_SW_DWN,June,6,0.4043,0.226742,0.4664,0.0629,Increasing,False,0.226742,0.147504,False,False,MJ/m^2/day/decade
24.0,89.375,ALLSKY_SFC_SW_DWN,July,7,0.2462,0.562444,0.12,0.0148,Increasing,False,0.562444,0.77922,False,False,MJ/m^2/day/decade
24.0,89.375,ALLSKY_SFC_SW_DWN,August,8,-0.7242,0.028909,-0.8376,0.191,Decreasing,True,0.028909,0.031615,True,True,MJ/m^2/day/decade
24.0,89.375,ALLSKY_SFC_SW_DWN,September,9,-0.1985,0.392841,-0.347,0.0319,Decreasing,False,0.392841,0.175431,False,False,MJ/m^2/day/decade
24.0,89.375,ALLSKY_SFC_SW_DWN,October,10,-0.3481,0.387409,-0.3635,0.0326,Decreasing,False,0.387409,0.198959,False,False,MJ/m^2/day/decade
24.0,89.375,ALLSKY_SFC_SW_DWN,November,11,-0.2705,0.240366,-0.2646,0.0594,Decreasing,False,0.240366,0.303997,False,False,MJ/m^2/day/decade
24.0,89.375,ALLSKY_SFC_SW_DWN,December,12,-0.8895,0.00057,-0.8658,0.4097,Decreasing,True,0.00057,0.001746,True,True,MJ/m^2/day/decade
24.0,90.0,ALLSKY_SFC_SW_DWN,January,1,-0.8892,0.002202,-0.8937,0.3404,Decreasing,True,0.002202,0.001746,True,True,MJ/m^2/day/decade
24.0,90.0,ALLSKY_SFC_SW_DWN,February,2,-1.0228,0.000351,-1.0785,0.4329,Decreasing,True,0.000351,0.001265,True,True,MJ/m^2/day/decade
24.0,90.0,ALLSKY_SFC_SW_DWN,March,3,-0.6396,0.043802,-0.5692,0.1652,Decreasing,True,0.043802,0.128996,True,False,MJ/m^2/day/decade
24.0,90.0,ALLSKY_SFC_SW_DWN,April,4,-0.5808,0.04598,-0.5675,0.1621,Decreasing,True,0.04598,0.140976,True,False,MJ/m^2/day/decade
24.0,90.0,ALLSKY_SFC_SW_DWN,May,5,-0.8804,0.026233,-0.9183,0.197,Decreasing,True,0.026233,0.013275,True,True,MJ/m^2/day/decade
24.0,90.0,ALLSKY_SFC_SW_DWN,June,6,0.4043,0.226742,0.4664,0.0629,Increasing,False,0.226742,0.147504,False,False,MJ/m^2/day/decade
24.0,90.0,ALLSKY_SFC_SW_DWN,July,7,0.2462,0.562444,0.12,0.0148,Increasing,False,0.562444,0.77922,False,False,MJ/m^2/day/decade
24.0,90.0,ALLSKY_SFC_SW_DWN,August,8,-0.7242,0.028909,-0.8376,0.191,Decreasing,True,0.028909,0.031615,True,True,MJ/m^2/day/decade
24.0,90.0,ALLSKY_SFC_SW_DWN,September,9,-0.1985,0.392841,-0.347,0.0319,Decreasing,False,0.392841,0.175431,False,False,MJ/m^2/day/decade
24.0,90.0,ALLSKY_SFC_SW_DWN,October,10,-0.3481,0.387409,-0.3635,0.0326,Decreasing,False,0.387409,0.198959,False,False,MJ/m^2/day/decade
24.0,90.0,ALLSKY_SFC_SW_DWN,November,11,-0.2705,0.240366,-0.2646,0.0594,Decreasing,False,0.240366,0.303997,False,False,MJ/m^2/day/decade
24.0,90.0,ALLSKY_SFC_SW_DWN,December,12,-0.8895,0.00057,-0.8658,0.4097,Decreasing,True,0.00057,0.001746,True,True,MJ/m^2/day/decade
24.0,90.625,ALLSKY_SFC_SW_DWN,January,1,-0.786,0.006222,-0.869,0.2828,Decreasing,True,0.006222,0.007203,True,True,MJ/m^2/day/decade
24.0,90.625,ALLSKY_SFC_SW_DWN,February,2,-0.9354,0.000885,-1.0072,0.3878,Decreasing,True,0.000885,0.004371,True,True,MJ/m^2/day/decade
24.0,90.625,ALLSKY_SFC_SW_DWN,March,3,-0.5078,0.145796,-0.5196,0.0897,Decreasing,False,0.145796,0.215785,False,False,MJ/m^2/day/decade
24.0,90.625,ALLSKY_SFC_SW_DWN,April,4,-0.3795,0.255715,-0.3967,0.0558,Decreasing,False,0.255715,0.272343,False,False,MJ/m^2/day/decade
24.0,90.625,ALLSKY_SFC_SW_DWN,May,5,-0.4582,0.282623,-0.4881,0.05,Decreasing,False,0.282623,0.190794,False,False,MJ/m^2/day/decade
24.0,90.625,ALLSKY_SFC_SW_DWN,June,6,0.149,0.691512,0.2,0.007,Increasing,False,0.691512,0.543589,False,False,MJ/m^2/day/decade
24.0,90.625,ALLSKY_SFC_SW_DWN,July,7,0.2188,0.653405,0.2011,0.0089,Increasing,False,0.653405,0.761422,False,False,MJ/m^2/day/decade
24.0,90.625,ALLSKY_SFC_SW_DWN,August,8,-0.8736,0.035063,-0.9336,0.1791,Decreasing,True,0.035063,0.035508,True,True,MJ/m^2/day/decade
24.0,90.625,ALLSKY_SFC_SW_DWN,September,9,-0.1239,0.627167,-0.25,0.0104,Decreasing,False,0.627167,0.282544,False,False,MJ/m^2/day/decade
24.0,90.625,ALLSKY_SFC_SW_DWN,October,10,-0.4431,0.110428,-0.4211,0.107,Decreasing,False,0.110428,0.154258,False,False,MJ/m^2/day/decade
24.0,90.625,ALLSKY_SFC_SW_DWN,November,11,-0.2663,0.256898,-0.1712,0.0555,Decreasing,False,0.256898,0.338024,False,False,MJ/m^2/day/decade
24.0,90.625,ALLSKY_SFC_SW_DWN,December,12,-0.8821,0.001105,-0.8622,0.3765,Decreasing,True,0.001105,0.002217,True,True,MJ/m^2/day/decade
24.0,91.25,ALLSKY_SFC_SW_DWN,January,1,-0.5268,0.097298,-0.5403,0.115,Decreasing,False,0.097298,0.107072,False,False,MJ/m^2/day/decade
24.0,91.25,ALLSKY_SFC_SW_DWN,February,2,-0.7691,0.002629,-0.7739,0.3309,Decreasing,True,0.002629,0.006285,True,True,MJ/m^2/day/decade
24.0,91.25,ALLSKY_SFC_SW_DWN,March,3,-0.3305,0.352531,-0.3837,0.0377,Decreasing,False,0.352531,0.440876,False,False,MJ/m^2/day/decade
24.0,91.25,ALLSKY_SFC_SW_DWN,April,4,-0.2378,0.561359,-0.3216,0.0149,Decreasing,False,0.561359,0.498219,False,False,MJ/m^2/day/decade
24.0,91.25,ALLSKY_SFC_SW_DWN,May,5,-0.1616,0.713805,-0.3036,0.006,Decreasing,False,0.713805,0.454724,False,False,MJ/m^2/day/decade
24.0,91.25,ALLSKY_SFC_SW_DWN,June,6,0.0278,0.947935,0.0019,0.0002,Increasing,False,0.947935,1.0,False,False,MJ/m^2/day/decade
24.0,91.25,ALLSKY_SFC_SW_DWN,July,7,0.4496,0.361232,0.5458,0.0364,Increasing,False,0.361232,0.338288,False,False,MJ/m^2/day/decade
24.0,91.25,ALLSKY_SFC_SW_DWN,August,8,-0.7572,0.080026,-0.795,0.1273,Decreasing,False,0.080026,0.141193,False,False,MJ/m^2/day/decade
24.0,91.25,ALLSKY_SFC_SW_DWN,September,9,0.1495,0.614769,0.0194,0.0112,Increasing,False,0.614769,0.907038,False,False,MJ/m^2/day/decade
24.0,91.25,ALLSKY_SFC_SW_DWN,October,10,-0.2448,0.367765,-0.1202,0.0354,Decreasing,False,0.367765,0.590952,False,False,MJ/m^2/day/decade
24.0,91.25,ALLSKY_SFC_SW_DWN,November,11,-0.0601,0.816562,-0.0971,0.0024,Decreasing,False,0.816562,0.761422,False,False,MJ/m^2/day/decade
24.0,91.25,ALLSKY_SFC_SW_DWN,December,12,-0.5165,0.020498,-0.5,0.2122,Decreasing,True,0.020498,0.023486,True,True,MJ/m^2/day/decade
23.5,89.375,ALLSKY_SFC_SW_DWN,January,1,-0.8892,0.002202,-0.8937,0.3404,Decreasing,True,0.002202,0.001746,True,True,MJ/m^2/day/decade
23.5,89.375,ALLSKY_SFC_SW_DWN,February,2,-1.0228,0.000351,-1.0785,0.4329,Decreasing,True,0.000351,0.001265,True,True,MJ/m^2/day/decade
23.5,89.375,ALLSKY_SFC_SW_DWN,March,3,-0.6396,0.043802,-0.5692,0.1652,Decreasing,True,0.043802,0.128996,True,False,MJ/m^2/day/decade
23.5,89.375,ALLSKY_SFC_SW_DWN,April,4,-0.5808,0.04598,-0.5675,0.1621,Decreasing,True,0.04598,0.140976,True,False,MJ/m^2/day/decade
23.5,89.375,ALLSKY_SFC_SW_DWN,May,5,-0.8804,0.026233,-0.9183,0.197,Decreasing,True,0.026233,0.013275,True,True,MJ/m^2/day/decade
23.5,89.375,ALLSKY_SFC_SW_DWN,June,6,0.4043,0.226742,0.4664,0.0629,Increasing,False,0.226742,0.147504,False,False,MJ/m^2/day/decade
23.5,89.375,ALLSKY_SFC_SW_DWN,July,7,0.2462,0.562444,0.12,0.0148,Increasing,False,0.562444,0.77922,False,False,MJ/m^2/day/decade
23.5,89.375,ALLSKY_SFC_SW_DWN,August,8,-0.7242,0.028909,-0.8376,0.191,Decreasing,True,0.028909,0.031615,True,True,MJ/m^2/day/decade
23.5,89.375,ALLSKY_SFC_SW_DWN,September,9,-0.1985,0.392841,-0.347,0.0319,Decreasing,False,0.392841,0.175431,False,False,MJ/m^2/day/decade
23.5,89.375,ALLSKY_SFC_SW_DWN,October,10,-0.3481,0.387409,-0.3635,0.0326,Decreasing,False,0.387409,0.198959,False,False,MJ/m^2/day/decade
23.5,89.375,ALLSKY_SFC_SW_DWN,November,11,-0.2705,0.240366,-0.2646,0.0594,Decreasing,False,0.240366,0.303997,False,False,MJ/m^2/day/decade
23.5,89.375,ALLSKY_SFC_SW_DWN,December,12,-0.8895,0.00057,-0.8658,0.4097,Decreasing,True,0.00057,0.001746,True,True,MJ/m^2/day/decade
23.5,90.0,ALLSKY_SFC_SW_DWN,January,1,-0.8892,0.002202,-0.8937,0.3404,Decreasing,True,0.002202,0.001746,True,True,MJ/m^2/day/decade
23.5,90.0,ALLSKY_SFC_SW_DWN,February,2,-1.0228,0.000351,-1.0785,0.4329,Decreasing,True,0.000351,0.001265,True,True,MJ/m^2/day/decade
23.5,90.0,ALLSKY_SFC_SW_DWN,March,3,-0.6396,0.043802,-0.5692,0.1652,Decreasing,True,0.043802,0.128996,True,False,MJ/m^2/day/decade
23.5,90.0,ALLSKY_SFC_SW_DWN,April,4,-0.5808,0.04598,-0.5675,0.1621,Decreasing,True,0.04598,0.140976,True,False,MJ/m^2/day/decade
23.5,90.0,ALLSKY_SFC_SW_DWN,May,5,-0.8804,0.026233,-0.9183,0.197,Decreasing,True,0.026233,0.013275,True,True,MJ/m^2/day/decade
23.5,90.0,ALLSKY_SFC_SW_DWN,June,6,0.4043,0.226742,0.4664,0.0629,Increasing,False,0.226742,0.147504,False,False,MJ/m^2/day/decade
23.5,90.0,ALLSKY_SFC_SW_DWN,July,7,0.2462,0.562444,0.12,0.0148,Increasing,False,0.562444,0.77922,False,False,MJ/m^2/day/decade
23.5,90.0,ALLSKY_SFC_SW_DWN,August,8,-0.7242,0.028909,-0.8376,0.191,Decreasing,True,0.028909,0.031615,True,True,MJ/m^2/day/decade
23.5,90.0,ALLSKY_SFC_SW_DWN,September,9,-0.1985,0.392841,-0.347,0.0319,Decreasing,False,0.392841,0.175431,False,False,MJ/m^2/day/decade
23.5,90.0,ALLSKY_SFC_SW_DWN,October,10,-0.3481,0.387409,-0.3635,0.0326,Decreasing,False,0.387409,0.198959,False,False,MJ/m^2/day/decade
23.5,90.0,ALLSKY_SFC_SW_DWN,November,11,-0.2705,0.240366,-0.2646,0.0594,Decreasing,False,0.240366,0.303997,False,False,MJ/m^2/day/decade
23.5,90.0,ALLSKY_SFC_SW_DWN,December,12,-0.8895,0.00057,-0.8658,0.4097,Decreasing,True,0.00057,0.001746,True,True,MJ/m^2/day/decade
23.5,90.625,ALLSKY_SFC_SW_DWN,January,1,-0.786,0.006222,-0.869,0.2828,Decreasing,True,0.006222,0.007203,True,True,MJ/m^2/day/decade
23.5,90.625,ALLSKY_SFC_SW_DWN,February,2,-0.9354,0.000885,-1.0072,0.3878,Decreasing,True,0.000885,0.004371,True,True,MJ/m^2/day/decade
23.5,90.625,ALLSKY_SFC_SW_DWN,March,3,-0.5078,0.145796,-0.5196,0.0897,Decreasing,False,0.145796,0.215785,False,False,MJ/m^2/day/decade
23.5,90.625,ALLSKY_SFC_SW_DWN,April,4,-0.3795,0.255715,-0.3967,0.0558,Decreasing,False,0.255715,0.272343,False,False,MJ/m^2/day/decade
23.5,90.625,ALLSKY_SFC_SW_DWN,May,5,-0.4582,0.282623,-0.4881,0.05,Decreasing,False,0.282623,0.190794,False,False,MJ/m^2/day/decade
23.5,90.625,ALLSKY_SFC_SW_DWN,June,6,0.149,0.691512,0.2,0.007,Increasing,False,0.691512,0.543589,False,False,MJ/m^2/day/decade
23.5,90.625,ALLSKY_SFC_SW_DWN,July,7,0.2188,0.653405,0.2011,0.0089,Increasing,False,0.653405,0.761422,False,False,MJ/m^2/day/decade
23.5,90.625,ALLSKY_SFC_SW_DWN,August,8,-0.8736,0.035063,-0.9336,0.1791,Decreasing,True,0.035063,0.035508,True,True,MJ/m^2/day/decade
23.5,90.625,ALLSKY_SFC_SW_DWN,September,9,-0.1239,0.627167,-0.25,0.0104,Decreasing,False,0.627167,0.282544,False,False,MJ/m^2/day/decade
23.5,90.625,ALLSKY_SFC_SW_DWN,October,10,-0.4431,0.110428,-0.4211,0.107,Decreasing,False,0.110428,0.154258,False,False,MJ/m^2/day/decade
23.5,90.625,ALLSKY_SFC_SW_DWN,November,11,-0.2663,0.256898,-0.1712,0.0555,Decreasing,False,0.256898,0.338024,False,False,MJ/m^2/day/decade
23.5,90.625,ALLSKY_SFC_SW_DWN,December,12,-0.8821,0.001105,-0.8622,0.3765,Decreasing,True,0.001105,0.002217,True,True,MJ/m^2/day/decade
23.0,89.375,ALLSKY_SFC_SW_DWN,January,1,-0.8553,0.001626,-0.8757,0.3565,Decreasing,True,0.001626,0.003245,True,True,MJ/m^2/day/decade
23.0,89.375,ALLSKY_SFC_SW_DWN,February,2,-1.3097,1e-05,-1.2633,0.5792,Decreasing,True,1e-05,4.4e-05,True,True,MJ/m^2/day/decade
23.0,89.375,ALLSKY_SFC_SW_DWN,March,3,-0.7318,0.018616,-0.6274,0.218,Decreasing,True,0.018616,0.061636,True,False,MJ/m^2/day/decade
23.0,89.375,ALLSKY_SFC_SW_DWN,April,4,-0.6133,0.019141,-0.6305,0.2163,Decreasing,True,0.019141,0.033561,True,True,MJ/m^2/day/decade
23.0,89.375,ALLSKY_SFC_SW_DWN,May,5,-0.8331,0.01227,-0.8943,0.2431,Decreasing,True,0.01227,0.002787,True,True,MJ/m^2/day/decade
23.0,89.375,ALLSKY_SFC_SW_DWN,June,6,0.4449,0.240564,0.4294,0.0594,Increasing,False,0.240564,0.293271,False,False,MJ/m^2/day/decade
23.0,89.375,ALLSKY_SFC_SW_DWN,July,7,0.1632,0.726057,0.2842,0.0054,Increasing,False,0.726057,0.640338,False,False,MJ/m^2/day/decade
23.0,89.375,ALLSKY_SFC_SW_DWN,August,8,-0.8498,0.023075,-0.8146,0.2049,Decreasing,True,0.023075,0.1018,True,False,MJ/m^2/day/decade
23.0,89.375,ALLSKY_SFC_SW_DWN,September,9,-0.2483,0.274591,-0.2837,0.0517,Decreasing,False,0.274591,0.161011,False,False,MJ/m^2/day/decade
23.0,89.375,ALLSKY_SFC_SW_DWN,October,10,-0.2817,0.398623,-0.3422,0.0312,Decreasing,False,0.398623,0.252461,False,False,MJ/m^2/day/decade
23.0,89.375,ALLSKY_SFC_SW_DWN,November,11,-0.2609,0.258425,-0.2506,0.0552,Decreasing,False,0.258425,0.198959,False,False,MJ/m^2/day/decade
23.0,89.375,ALLSKY_SFC_SW_DWN,December,12,-0.7998,0.001397,-0.7623,0.3645,Decreasing,True,0.001397,0.000498,True,True,MJ/m^2/day/decade
23.0,90.0,ALLSKY_SFC_SW_DWN,January,1,-0.8553,0.001626,-0.8757,0.3565,Decreasing,True,0.001626,0.003245,True,True,MJ/m^2/day/decade
23.0,90.0,ALLSKY_SFC_SW_DWN,February,2,-1.3097,1e-05,-1.2633,0.5792,Decreasing,True,1e-05,4.4e-05,True,True,MJ/m^2/day/decade
23.0,90.0,ALLSKY_SFC_SW_DWN,March,3,-0.7318,0.018616,-0.6274,0.218,Decreasing,True,0.018616,0.061636,True,False,MJ/m^2/day/decade
23.0,90.0,ALLSKY_SFC_SW_DWN,April,4,-0.6133,0.019141,-0.6305,0.2163,Decreasing,True,0.019141,0.033561,True,True,MJ/m^2/day/decade
23.0,90.0,ALLSKY_SFC_SW_DWN,May,5,-0.8331,0.01227,-0.8943,0.2431,Decreasing,True,0.01227,0.002787,True,True,MJ/m^2/day/decade
23.0,90.0,ALLSKY_SFC_SW_DWN,June,6,0.4449,0.240564,0.4294,0.0594,Increasing,False,0.240564,0.293271,False,False,MJ/m^2/day/decade
23.0,90.0,ALLSKY_SFC_SW_DWN,July,7,0.1632,0.726057,0.2842,0.0054,Increasing,False,0.726057,0.640338,False,False,MJ/m^2/day/decade
23.0,90.0,ALLSKY_SFC_SW_DWN,August,8,-0.8498,0.023075,-0.8146,0.2049,Decreasing,True,0.023075,0.1018,True,False,MJ/m^2/day/decade
23.0,90.0,ALLSKY_SFC_SW_DWN,September,9,-0.2483,0.274591,-0.2837,0.0517,Decreasing,False,0.274591,0.161011,False,False,MJ/m^2/day/decade
23.0,90.0,ALLSKY_SFC_SW_DWN,October,10,-0.2817,0.398623,-0.3422,0.0312,Decreasing,False,0.398623,0.252461,False,False,MJ/m^2/day/decade
23.0,90.0,ALLSKY_SFC_SW_DWN,November,11,-0.2609,0.258425,-0.2506,0.0552,Decreasing,False,0.258425,0.198959,False,False,MJ/m^2/day/decade
23.0,90.0,ALLSKY_SFC_SW_DWN,December,12,-0.7998,0.001397,-0.7623,0.3645,Decreasing,True,0.001397,0.000498,True,True,MJ/m^2/day/decade
23.0,91.25,ALLSKY_SFC_SW_DWN,January,1,-0.2895,0.275849,-0.3325,0.0514,Decreasing,False,0.275849,0.362378,False,False,MJ/m^2/day/decade
23.0,91.25,ALLSKY_SFC_SW_DWN,February,2,-0.6285,0.010146,-0.5681,0.2544,Decreasing,True,0.010146,0.017098,True,True,MJ/m^2/day/decade
23.0,91.25,ALLSKY_SFC_SW_DWN,March,3,-0.3538,0.276197,-0.3095,0.0513,Decreasing,False,0.276197,0.387514,False,False,MJ/m^2/day/decade
23.0,91.25,ALLSKY_SFC_SW_DWN,April,4,-0.1865,0.62694,-0.2783,0.0104,Decreasing,False,0.62694,0.640338,False,False,MJ/m^2/day/decade
23.0,91.25,ALLSKY_SFC_SW_DWN,May,5,0.0433,0.928856,0.0986,0.0004,Increasing,False,0.928856,0.888527,False,False,MJ/m^2/day/decade
23.0,91.25,ALLSKY_SFC_SW_DWN,June,6,0.1518,0.745762,0.0024,0.0047,Increasing,False,0.745762,1.0,False,False,MJ/m^2/day/decade
23.0,91.25,ALLSKY_SFC_SW_DWN,July,7,0.2272,0.711153,-0.0133,0.0061,Increasing,False,0.711153,1.0,False,False,MJ/m^2/day/decade
23.0,91.25,ALLSKY_SFC_SW_DWN,August,8,-0.9995,0.04912,-0.7962,0.158,Decreasing,True,0.04912,0.065031,True,False,MJ/m^2/day/decade
23.0,91.25,ALLSKY_SFC_SW_DWN,September,9,0.1433,0.625119,0.0824,0.0106,Increasing,False,0.625119,0.77922,False,False,MJ/m^2/day/decade
23.0,91.25,ALLSKY_SFC_SW_DWN,October,10,-0.0654,0.774634,-0.1,0.0036,Decreasing,False,0.774634,0.691342,False,False,MJ/m^2/day/decade
23.0,91.25,ALLSKY_SFC_SW_DWN,November,11,0.1992,0.465487,0.1473,0.0234,Increasing,False,0.465487,0.691182,False,False,MJ/m^2/day/decade
23.0,91.25,ALLSKY_SFC_SW_DWN,December,12,-0.3055,0.155411,-0.3293,0.0858,Decreasing,False,0.155411,0.052438,False,False,MJ/m^2/day/decade
23.0,91.875,ALLSKY_SFC_SW_DWN,January,1,-0.2895,0.275849,-0.3325,0.0514,Decreasing,False,0.275849,0.362378,False,False,MJ/m^2/day/decade
23.0,91.875,ALLSKY_SFC_SW_DWN,February,2,-0.6285,0.010146,-0.5681,0.2544,Decreasing,True,0.010146,0.017098,True,True,MJ/m^2/day/decade
23.0,91.875,ALLSKY_SFC_SW_DWN,March,3,-0.3538,0.276197,-0.3095,0.0513,Decreasing,False,0.276197,0.387514,False,False,MJ/m^2/day/decade
23.0,91.875,ALLSKY_SFC_SW_DWN,April,4,-0.1865,0.62694,-0.2783,0.0104,Decreasing,False,0.62694,0.640338,False,False,MJ/m^2/day/decade
23.0,91.875,ALLSKY_SFC_SW_DWN,May,5,0.0433,0.928856,0.0986,0.0004,Increasing,False,0.928856,0.888527,False,False,MJ/m^2/day/decade
23.0,91.875,ALLSKY_SFC_SW_DWN,June,6,0.1518,0.745762,0.0024,0.0047,Increasing,False,0.745762,1.0,False,False,MJ/m^2/day/decade
23.0,91.875,ALLSKY_SFC_SW_DWN,July,7,0.2272,0.711153,-0.0133,0.0061,Increasing,False,0.711153,1.0,False,False,MJ/m^2/day/decade
23.0,91.875,ALLSKY_SFC_SW_DWN,August,8,-0.9995,0.04912,-0.7962,0.158,Decreasing,True,0.04912,0.065031,True,False,MJ/m^2/day/decade
23.0,91.875,ALLSKY_SFC_SW_DWN,September,9,0.1433,0.625119,0.0824,0.0106,Increasing,False,0.625119,0.77922,False,False,MJ/m^2/day/decade
23.0,91.875,ALLSKY_SFC_SW_DWN,October,10,-0.0654,0.774634,-0.1,0.0036,Decreasing,False,0.774634,0.691342,False,False,MJ/m^2/day/decade
23.0,91.875,ALLSKY_SFC_SW_DWN,November,11,0.1992,0.465487,0.1473,0.0234,Increasing,False,0.465487,0.691182,False,False,MJ/m^2/day/decade
23.0,91.875,ALLSKY_SFC_SW_DWN,December,12,-0.3055,0.155411,-0.3293,0.0858,Decreasing,False,0.155411,0.052438,False,False,MJ/m^2/day/decade
22.5,89.375,ALLSKY_SFC_SW_DWN,January,1,-0.8553,0.001626,-0.8757,0.3565,Decreasing,True,0.001626,0.003245,True,True,MJ/m^2/day/decade
22.5,89.375,ALLSKY_SFC_SW_DWN,February,2,-1.3097,1e-05,-1.2633,0.5792,Decreasing,True,1e-05,4.4e-05,True,True,MJ/m^2/day/decade
22.5,89.375,ALLSKY_SFC_SW_DWN,March,3,-0.7318,0.018616,-0.6274,0.218,Decreasing,True,0.018616,0.061636,True,False,MJ/m^2/day/decade
22.5,89.375,ALLSKY_SFC_SW_DWN,April,4,-0.6133,0.019141,-0.6305,0.2163,Decreasing,True,0.019141,0.033561,True,True,MJ/m^2/day/decade
22.5,89.375,ALLSKY_SFC_SW_DWN,May,5,-0.8331,0.01227,-0.8943,0.2431,Decreasing,True,0.01227,0.002787,True,True,MJ/m^2/day/decade
22.5,89.375,ALLSKY_SFC_SW_DWN,June,6,0.4449,0.240564,0.4294,0.0594,Increasing,False,0.240564,0.293271,False,False,MJ/m^2/day/decade
22.5,89.375,ALLSKY_SFC_SW_DWN,July,7,0.1632,0.726057,0.2842,0.0054,Increasing,False,0.726057,0.640338,False,False,MJ/m^2/day/decade
22.5,89.375,ALLSKY_SFC_SW_DWN,August,8,-0.8498,0.023075,-0.8146,0.2049,Decreasing,True,0.023075,0.1018,True,False,MJ/m^2/day/decade
22.5,89.375,ALLSKY_SFC_SW_DWN,September,9,-0.2483,0.274591,-0.2837,0.0517,Decreasing,False,0.274591,0.161011,False,False,MJ/m^2/day/decade
22.5,89.375,ALLSKY_SFC_SW_DWN,October,10,-0.2817,0.398623,-0.3422,0.0312,Decreasing,False,0.398623,0.252461,False,False,MJ/m^2/day/decade
22.5,89.375,ALLSKY_SFC_SW_DWN,November,11,-0.2609,0.258425,-0.2506,0.0552,Decreasing,False,0.258425,0.198959,False,False,MJ/m^2/day/decade
22.5,89.375,ALLSKY_SFC_SW_DWN,December,12,-0.7998,0.001397,-0.7623,0.3645,Decreasing,True,0.001397,0.000498,True,True,MJ/m^2/day/decade
22.5,90.0,ALLSKY_SFC_SW_DWN,January,1,-0.8553,0.001626,-0.8757,0.3565,Decreasing,True,0.001626,0.003245,True,True,MJ/m^2/day/decade
22.5,90.0,ALLSKY_SFC_SW_DWN,February,2,-1.3097,1e-05,-1.2633,0.5792,Decreasing,True,1e-05,4.4e-05,True,True,MJ/m^2/day/decade
22.5,90.0,ALLSKY_SFC_SW_DWN,March,3,-0.7318,0.018616,-0.6274,0.218,Decreasing,True,0.018616,0.061636,True,False,MJ/m^2/day/decade
22.5,90.0,ALLSKY_SFC_SW_DWN,April,4,-0.6133,0.019141,-0.6305,0.2163,Decreasing,True,0.019141,0.033561,True,True,MJ/m^2/day/decade
22.5,90.0,ALLSKY_SFC_SW_DWN,May,5,-0.8331,0.01227,-0.8943,0.2431,Decreasing,True,0.01227,0.002787,True,True,MJ/m^2/day/decade
22.5,90.0,ALLSKY_SFC_SW_DWN,June,6,0.4449,0.240564,0.4294,0.0594,Increasing,False,0.240564,0.293271,False,False,MJ/m^2/day/decade
22.5,90.0,ALLSKY_SFC_SW_DWN,July,7,0.1632,0.726057,0.2842,0.0054,Increasing,False,0.726057,0.640338,False,False,MJ/m^2/day/decade
22.5,90.0,ALLSKY_SFC_SW_DWN,August,8,-0.8498,0.023075,-0.8146,0.2049,Decreasing,True,0.023075,0.1018,True,False,MJ/m^2/day/decade
22.5,90.0,ALLSKY_SFC_SW_DWN,September,9,-0.2483,0.274591,-0.2837,0.0517,Decreasing,False,0.274591,0.161011,False,False,MJ/m^2/day/decade
22.5,90.0,ALLSKY_SFC_SW_DWN,October,10,-0.2817,0.398623,-0.3422,0.0312,Decreasing,False,0.398623,0.252461,False,False,MJ/m^2/day/decade
22.5,90.0,ALLSKY_SFC_SW_DWN,November,11,-0.2609,0.258425,-0.2506,0.0552,Decreasing,False,0.258425,0.198959,False,False,MJ/m^2/day/decade
22.5,90.0,ALLSKY_SFC_SW_DWN,December,12,-0.7998,0.001397,-0.7623,0.3645,Decreasing,True,0.001397,0.000498,True,True,MJ/m^2/day/decade
22.5,91.875,ALLSKY_SFC_SW_DWN,January,1,-0.2895,0.275849,-0.3325,0.0514,Decreasing,False,0.275849,0.362378,False,False,MJ/m^2/day/decade
22.5,91.875,ALLSKY_SFC_SW_DWN,February,2,-0.6285,0.010146,-0.5681,0.2544,Decreasing,True,0.010146,0.017098,True,True,MJ/m^2/day/decade
22.5,91.875,ALLSKY_SFC_SW_DWN,March,3,-0.3538,0.276197,-0.3095,0.0513,Decreasing,False,0.276197,0.387514,False,False,MJ/m^2/day/decade
22.5,91.875,ALLSKY_SFC_SW_DWN,April,4,-0.1865,0.62694,-0.2783,0.0104,Decreasing,False,0.62694,0.640338,False,False,MJ/m^2/day/decade
22.5,91.875,ALLSKY_SFC_SW_DWN,May,5,0.0433,0.928856,0.0986,0.0004,Increasing,False,0.928856,0.888527,False,False,MJ/m^2/day/decade
22.5,91.875,ALLSKY_SFC_SW_DWN,June,6,0.1518,0.745762,0.0024,0.0047,Increasing,False,0.745762,1.0,False,False,MJ/m^2/day/decade
22.5,91.875,ALLSKY_SFC_SW_DWN,July,7,0.2272,0.711153,-0.0133,0.0061,Increasing,False,0.711153,1.0,False,False,MJ/m^2/day/decade
22.5,91.875,ALLSKY_SFC_SW_DWN,August,8,-0.9995,0.04912,-0.7962,0.158,Decreasing,True,0.04912,0.065031,True,False,MJ/m^2/day/decade
22.5,91.875,ALLSKY_SFC_SW_DWN,September,9,0.1433,0.625119,0.0824,0.0106,Increasing,False,0.625119,0.77922,False,False,MJ/m^2/day/decade
22.5,91.875,ALLSKY_SFC_SW_DWN,October,10,-0.0654,0.774634,-0.1,0.0036,Decreasing,False,0.774634,0.691342,False,False,MJ/m^2/day/decade
22.5,91.875,ALLSKY_SFC_SW_DWN,November,11,0.1992,0.465487,0.1473,0.0234,Increasing,False,0.465487,0.691182,False,False,MJ/m^2/day/decade
22.5,91.875,ALLSKY_SFC_SW_DWN,December,12,-0.3055,0.155411,-0.3293,0.0858,Decreasing,False,0.155411,0.052438,False,False,MJ/m^2/day/decade
22.5,92.5,ALLSKY_SFC_SW_DWN,January,1,-0.3213,0.25165,-0.3293,0.0567,Decreasing,False,0.25165,0.24278,False,False,MJ/m^2/day/decade
22.5,92.5,ALLSKY_SFC_SW_DWN,February,2,-0.5742,0.036427,-0.4939,0.1767,Decreasing,True,0.036427,0.047125,True,True,MJ/m^2/day/decade
22.5,92.5,ALLSKY_SFC_SW_DWN,March,3,-0.4556,0.17162,-0.4561,0.0797,Decreasing,False,0.17162,0.161011,False,False,MJ/m^2/day/decade
22.5,92.5,ALLSKY_SFC_SW_DWN,April,4,-0.3208,0.455562,-0.3972,0.0244,Decreasing,False,0.455562,0.362378,False,False,MJ/m^2/day/decade
22.5,92.5,ALLSKY_SFC_SW_DWN,May,5,0.3089,0.500277,0.3437,0.02,Increasing,False,0.500277,0.513036,False,False,MJ/m^2/day/decade
22.5,92.5,ALLSKY_SFC_SW_DWN,June,6,0.1002,0.79543,-0.0052,0.003,Increasing,False,0.79543,1.0,False,False,MJ/m^2/day/decade
22.5,92.5,ALLSKY_SFC_SW_DWN,July,7,0.2169,0.661116,0.18,0.0085,Increasing,False,0.661116,0.725952,False,False,MJ/m^2/day/decade
22.5,92.5,ALLSKY_SFC_SW_DWN,August,8,-0.7381,0.096561,-0.5974,0.1154,Decreasing,False,0.096561,0.154258,False,False,MJ/m^2/day/decade
22.5,92.5,ALLSKY_SFC_SW_DWN,September,9,0.301,0.219438,0.2329,0.0648,Increasing,False,0.219438,0.175431,False,False,MJ/m^2/day/decade
22.5,92.5,ALLSKY_SFC_SW_DWN,October,10,0.1205,0.580292,0.09,0.0135,Increasing,False,0.580292,0.640338,False,False,MJ/m^2/day/decade
22.5,92.5,ALLSKY_SFC_SW_DWN,November,11,0.18,0.526858,0.0236,0.0176,Increasing,False,0.526858,0.888527,False,False,MJ/m^2/day/decade
22.5,92.5,ALLSKY_SFC_SW_DWN,December,12,-0.2477,0.247318,-0.1764,0.0577,Decreasing,False,0.247318,0.272343,False,False,MJ/m^2/day/decade
22.0,89.375,ALLSKY_SFC_SW_DWN,January,1,-0.7458,0.005013,-0.784,0.2951,Decreasing,True,0.005013,0.00774,True,True,MJ/m^2/day/decade
22.0,89.375,ALLSKY_SFC_SW_DWN,February,2,-1.0295,0.000449,-0.9187,0.4211,Decreasing,True,0.000449,0.001169,True,True,MJ/m^2/day/decade
22.0,89.375,ALLSKY_SFC_SW_DWN,March,3,-0.5528,0.054747,-0.4638,0.1512,Decreasing,False,0.054747,0.12311,False,False,MJ/m^2/day/decade
22.0,89.375,ALLSKY_SFC_SW_DWN,April,4,-0.3783,0.121188,-0.415,0.1012,Decreasing,False,0.121188,0.088211,False,False,MJ/m^2/day/decade
22.0,89.375,ALLSKY_SFC_SW_DWN,May,5,-0.5792,0.093601,-0.6158,0.1174,Decreasing,False,0.093601,0.02077,False,True,MJ/m^2/day/decade
22.0,89.375,ALLSKY_SFC_SW_DWN,June,6,0.3647,0.4222,0.0321,0.0282,Increasing,False,0.4222,0.907038,False,False,MJ/m^2/day/decade
22.0,89.375,ALLSKY_SFC_SW_DWN,July,7,0.0985,0.860648,-0.0278,0.0014,Increasing,False,0.860648,0.981367,False,False,MJ/m^2/day/decade
22.0,89.375,ALLSKY_SFC_SW_DWN,August,8,-0.6428,0.207487,-0.5808,0.0682,Decreasing,False,0.207487,0.413686,False,False,MJ/m^2/day/decade
22.0,89.375,ALLSKY_SFC_SW_DWN,September,9,-0.2348,0.452804,-0.1396,0.0247,Decreasing,False,0.452804,0.623812,False,False,MJ/m^2/day/decade
22.0,89.375,ALLSKY_SFC_SW_DWN,October,10,-0.3818,0.232921,-0.508,0.0613,Decreasing,False,0.232921,0.134882,False,False,MJ/m^2/day/decade
22.0,89.375,ALLSKY_SFC_SW_DWN,November,11,-0.2378,0.334417,-0.3278,0.0406,Decreasing,False,0.334417,0.24278,False,False,MJ/m^2/day/decade
22.0,89.375,ALLSKY_SFC_SW_DWN,December,12,-0.743,0.001724,-0.6816,0.3534,Decreasing,True,0.001724,3e-06,True,True,MJ/m^2/day/decade
22.0,90.625,ALLSKY_SFC_SW_DWN,January,1,-0.6655,0.007494,-0.6833,0.2721,Decreasing,True,0.007494,0.015116,True,True,MJ/m^2/day/decade
22.0,90.625,ALLSKY_SFC_SW_DWN,February,2,-0.9035,0.001366,-0.8306,0.3656,Decreasing,True,0.001366,0.00377,True,True,MJ/m^2/day/decade
22.0,90.625,ALLSKY_SFC_SW_DWN,March,3,-0.5518,0.080258,-0.4861,0.1271,Decreasing,False,0.080258,0.183112,False,False,MJ/m^2/day/decade
22.0,90.625,ALLSKY_SFC_SW_DWN,April,4,-0.4066,0.166501,-0.4433,0.0815,Decreasing,False,0.166501,0.052567,False,False,MJ/m^2/day/decade
22.0,90.625,ALLSKY_SFC_SW_DWN,May,5,-0.1783,0.664707,-0.2495,0.0083,Decreasing,False,0.664707,0.469063,False,False,MJ/m^2/day/decade
22.0,90.625,ALLSKY_SFC_SW_DWN,June,6,0.3927,0.414706,0.029,0.0291,Increasing,False,0.414706,0.981367,False,False,MJ/m^2/day/decade
22.0,90.625,ALLSKY_SFC_SW_DWN,July,7,0.1756,0.742809,0.1854,0.0048,Increasing,False,0.742809,0.743623,False,False,MJ/m^2/day/decade
22.0,90.625,ALLSKY_SFC_SW_DWN,August,8,-0.7216,0.186028,-0.6597,0.0748,Decreasing,False,0.186028,0.315252,False,False,MJ/m^2/day/decade
22.0,90.625,ALLSKY_SFC_SW_DWN,September,9,-0.2172,0.45551,-0.1786,0.0244,Decreasing,False,0.45551,0.623623,False,False,MJ/m^2/day/decade
22.0,90.625,ALLSKY_SFC_SW_DWN,October,10,-0.4072,0.166844,-0.3168,0.0814,Decreasing,False,0.166844,0.215785,False,False,MJ/m^2/day/decade
22.0,90.625,ALLSKY_SFC_SW_DWN,November,11,-0.1468,0.507895,-0.14,0.0193,Decreasing,False,0.507895,0.623623,False,False,MJ/m^2/day/decade
22.0,90.625,ALLSKY_SFC_SW_DWN,December,12,-0.5922,0.0052,-0.5967,0.293,Decreasing,True,0.0052,6.4e-05,True,True,MJ/m^2/day/decade
22.0,92.5,ALLSKY_SFC_SW_DWN,January,1,-0.2496,0.307424,-0.1994,0.0452,Decreasing,False,0.307424,0.362378,False,False,MJ/m^2/day/decade
22.0,92.5,ALLSKY_SFC_SW_DWN,February,2,-0.3317,0.177553,-0.2904,0.0776,Decreasing,False,0.177553,0.147504,False,False,MJ/m^2/day/decade
22.0,92.5,ALLSKY_SFC_SW_DWN,March,3,-0.2662,0.355509,-0.2811,0.0372,Decreasing,False,0.355509,0.483403,False,False,MJ/m^2/day/decade
22.0,92.5,ALLSKY_SFC_SW_DWN,April,4,-0.2446,0.505691,-0.3048,0.0195,Decreasing,False,0.505691,0.427029,False,False,MJ/m^2/day/decade
22.0,92.5,ALLSKY_SFC_SW_DWN,May,5,0.3333,0.493323,0.4535,0.0206,Increasing,False,0.493323,0.215785,False,False,MJ/m^2/day/decade
22.0,92.5,ALLSKY_SFC_SW_DWN,June,6,0.3358,0.445679,0.1774,0.0255,Increasing,False,0.445679,0.726095,False,False,MJ/m^2/day/decade
22.0,92.5,ALLSKY_SFC_SW_DWN,July,7,0.2969,0.580743,0.1071,0.0135,Increasing,False,0.580743,0.907038,False,False,MJ/m^2/day/decade
22.0,92.5,ALLSKY_SFC_SW_DWN,August,8,-0.2091,0.651742,-0.1628,0.009,Decreasing,False,0.651742,0.623812,False,False,MJ/m^2/day/decade
22.0,92.5,ALLSKY_SFC_SW_DWN,September,9,0.287,0.274129,0.1359,0.0517,Increasing,False,0.274129,0.427029,False,False,MJ/m^2/day/decade
22.0,92.5,ALLSKY_SFC_SW_DWN,October,10,-0.0773,0.757865,-0.0472,0.0042,Decreasing,False,0.757865,0.815285,False,False,MJ/m^2/day/decade
22.0,92.5,ALLSKY_SFC_SW_DWN,November,11,0.1988,0.504146,-0.0718,0.0196,Increasing,False,0.504146,0.77922,False,False,MJ/m^2/day/decade
22.0,92.5,ALLSKY_SFC_SW_DWN,December,12,-0.1318,0.542754,-0.1606,0.0163,Decreasing,False,0.542754,0.374425,False,False,MJ/m^2/day/decade
21.5,92.5,ALLSKY_SFC_SW_DWN,January,1,-0.2496,0.307424,-0.1994,0.0452,Decreasing,False,0.307424,0.362378,False,False,MJ/m^2/day/decade
21.5,92.5,ALLSKY_SFC_SW_DWN,February,2,-0.3317,0.177553,-0.2904,0.0776,Decreasing,False,0.177553,0.147504,False,False,MJ/m^2/day/decade
21.5,92.5,ALLSKY_SFC_SW_DWN,March,3,-0.2662,0.355509,-0.2811,0.0372,Decreasing,False,0.355509,0.483403,False,False,MJ/m^2/day/decade
21.5,92.5,ALLSKY_SFC_SW_DWN,April,4,-0.2446,0.505691,-0.3048,0.0195,Decreasing,False,0.505691,0.427029,False,False,MJ/m^2/day/decade
21.5,92.5,ALLSKY_SFC_SW_DWN,May,5,0.3333,0.493323,0.4535,0.0206,Increasing,False,0.493323,0.215785,False,False,MJ/m^2/day/decade
21.5,92.5,ALLSKY_SFC_SW_DWN,June,6,0.3358,0.445679,0.1774,0.0255,Increasing,False,0.445679,0.726095,False,False,MJ/m^2/day/decade
21.5,92.5,ALLSKY_SFC_SW_DWN,July,7,0.2969,0.580743,0.1071,0.0135,Increasing,False,0.580743,0.907038,False,False,MJ/m^2/day/decade
21.5,92.5,ALLSKY_SFC_SW_DWN,August,8,-0.2091,0.651742,-0.1628,0.009,Decreasing,False,0.651742,0.623812,False,False,MJ/m^2/day/decade
21.5,92.5,ALLSKY_SFC_SW_DWN,September,9,0.287,0.274129,0.1359,0.0517,Increasing,False,0.274129,0.427029,False,False,MJ/m^2/day/decade
21.5,92.5,ALLSKY_SFC_SW_DWN,October,10,-0.0773,0.757865,-0.0472,0.0042,Decreasing,False,0.757865,0.815285,False,False,MJ/m^2/day/decade
21.5,92.5,ALLSKY_SFC_SW_DWN,November,11,0.1988,0.504146,-0.0718,0.0196,Increasing,False,0.504146,0.77922,False,False,MJ/m^2/day/decade
21.5,92.5,ALLSKY_SFC_SW_DWN,December,12,-0.1318,0.542754,-0.1606,0.0163,Decreasing,False,0.542754,0.374425,False,False,MJ/m^2/day/decade
