latitude,longitude,month,month_num,variable_a,variable_b,pearson_r,pearson_p,spearman_rho,spearman_p,is_pearson_sig,is_spearman_sig,trend_a_slope,trend_b_slope,co_occurrence_type
26.0,88.75,January,1,T2M,PRECTOTCORR,0.0252,0.904659,0.0785,0.708997,False,False,0.3188,-0.0182,Opposite Directions
26.0,88.75,January,1,T2M,GWETTOP,-0.1265,0.546789,-0.1188,0.571651,False,False,0.3188,0.0345,Both Increasing
26.0,88.75,January,1,T2M,ALLSKY_SFC_SW_DWN,0.0943,0.653775,0.0823,0.695698,False,False,0.3188,-0.8148,Opposite Directions
26.0,88.75,January,1,PRECTOTCORR,GWETTOP,0.1639,0.433812,0.0262,0.901091,False,False,-0.0182,0.0345,Opposite Directions
26.0,88.75,January,1,PRECTOTCORR,ALLSKY_SFC_SW_DWN,-0.17,0.416469,-0.2144,0.303506,False,False,-0.0182,-0.8148,Both Decreasing
26.0,88.75,January,1,GWETTOP,ALLSKY_SFC_SW_DWN,-0.4987,0.011174,-0.5778,0.002486,True,True,0.0345,-0.8148,Opposite Directions
26.0,88.75,February,2,T2M,PRECTOTCORR,-0.5226,0.007363,-0.3718,0.067221,True,False,-0.2438,0.0729,Opposite Directions
26.0,88.75,February,2,T2M,GWETTOP,-0.5461,0.004739,-0.497,0.011486,True,True,-0.2438,0.027,Opposite Directions
26.0,88.75,February,2,T2M,ALLSKY_SFC_SW_DWN,0.2714,0.189469,0.3038,0.139777,False,False,-0.2438,-0.697,Both Decreasing
26.0,88.75,February,2,PRECTOTCORR,GWETTOP,0.5452,0.004825,0.2539,0.220615,True,False,0.0729,0.027,Both Increasing
26.0,88.75,February,2,PRECTOTCORR,ALLSKY_SFC_SW_DWN,-0.447,0.025081,-0.4554,0.022178,True,True,0.0729,-0.697,Opposite Directions
26.0,88.75,February,2,GWETTOP,ALLSKY_SFC_SW_DWN,-0.3884,0.055014,-0.4598,0.020759,False,True,0.027,-0.697,Opposite Directions
26.0,88.75,March,3,T2M,PRECTOTCORR,-0.3869,0.056081,-0.1531,0.464897,False,False,-0.1189,0.7202,Opposite Directions
26.0,88.75,March,3,T2M,GWETTOP,-0.545,0.004843,-0.5025,0.010464,True,True,-0.1189,0.0397,Opposite Directions
26.0,88.75,March,3,T2M,ALLSKY_SFC_SW_DWN,0.0797,0.704862,0.0838,0.690283,False,False,-0.1189,-0.7342,Both Decreasing
26.0,88.75,March,3,PRECTOTCORR,GWETTOP,0.6166,0.001028,0.5827,0.002239,True,True,0.7202,0.0397,Both Increasing
26.0,88.75,March,3,PRECTOTCORR,ALLSKY_SFC_SW_DWN,-0.6782,0.000195,-0.7992,2e-06,True,True,0.7202,-0.7342,Opposite Directions
26.0,88.75,March,3,GWETTOP,ALLSKY_SFC_SW_DWN,-0.5596,0.003628,-0.6094,0.001223,True,True,0.0397,-0.7342,Opposite Directions
26.0,88.75,April,4,T2M,PRECTOTCORR,-0.7986,2e-06,-0.8036,1e-06,True,True,-0.498,0.7661,Opposite Directions
26.0,88.75,April,4,T2M,GWETTOP,-0.8427,0.0,-0.8563,0.0,True,True,-0.498,0.0478,Opposite Directions
26.0,88.75,April,4,T2M,ALLSKY_SFC_SW_DWN,0.6221,0.0009,0.669,0.000256,True,True,-0.498,-0.227,Both Decreasing
26.0,88.75,April,4,PRECTOTCORR,GWETTOP,0.8147,1e-06,0.7659,8e-06,True,True,0.7661,0.0478,Both Increasing
26.0,88.75,April,4,PRECTOTCORR,ALLSKY_SFC_SW_DWN,-0.7625,9e-06,-0.7177,5.4e-05,True,True,0.7661,-0.227,Opposite Directions
26.0,88.75,April,4,GWETTOP,ALLSKY_SFC_SW_DWN,-0.6849,0.000159,-0.6384,0.000594,True,True,0.0478,-0.227,Opposite Directions
26.0,88.75,May,5,T2M,PRECTOTCORR,-0.7921,2e-06,-0.6891,0.000139,True,True,-0.9185,3.2332,Opposite Directions
26.0,88.75,May,5,T2M,GWETTOP,-0.9377,0.0,-0.8818,0.0,True,True,-0.9185,0.0898,Opposite Directions
26.0,88.75,May,5,T2M,ALLSKY_SFC_SW_DWN,0.7608,1e-05,0.7957,2e-06,True,True,-0.9185,-1.1237,Both Decreasing
26.0,88.75,May,5,PRECTOTCORR,GWETTOP,0.8808,0.0,0.8139,1e-06,True,True,3.2332,0.0898,Both Increasing
26.0,88.75,May,5,PRECTOTCORR,ALLSKY_SFC_SW_DWN,-0.7613,1e-05,-0.7318,3.2e-05,True,True,3.2332,-1.1237,Opposite Directions
26.0,88.75,May,5,GWETTOP,ALLSKY_SFC_SW_DWN,-0.6885,0.000142,-0.7433,2.1e-05,True,True,0.0898,-1.1237,Opposite Directions
26.0,88.75,June,6,T2M,PRECTOTCORR,-0.5444,0.004897,-0.5559,0.003912,True,True,-0.3959,4.6898,Opposite Directions
26.0,88.75,June,6,T2M,GWETTOP,-0.7679,7e-06,-0.6882,0.000143,True,True,-0.3959,0.1327,Opposite Directions
26.0,88.75,June,6,T2M,ALLSKY_SFC_SW_DWN,0.2856,0.166453,0.2581,0.212837,False,False,-0.3959,0.0003,Opposite Directions
26.0,88.75,June,6,PRECTOTCORR,GWETTOP,0.8239,0.0,0.8557,0.0,True,True,4.6898,0.1327,Both Increasing
26.0,88.75,June,6,PRECTOTCORR,ALLSKY_SFC_SW_DWN,-0.4895,0.012999,-0.3346,0.10206,True,False,4.6898,0.0003,Both Increasing
26.0,88.75,June,6,GWETTOP,ALLSKY_SFC_SW_DWN,-0.2631,0.203887,-0.2263,0.27664,False,False,0.1327,0.0003,Both Increasing
26.0,88.75,July,7,T2M,PRECTOTCORR,-0.4207,0.036261,-0.5025,0.010468,True,True,0.0125,1.8505,Both Increasing
26.0,88.75,July,7,T2M,GWETTOP,-0.5684,0.003031,-0.3865,0.056338,True,False,0.0125,0.0686,Both Increasing
26.0,88.75,July,7,T2M,ALLSKY_SFC_SW_DWN,0.5046,0.010097,0.5242,0.007154,True,True,0.0125,0.1712,Both Increasing
26.0,88.75,July,7,PRECTOTCORR,GWETTOP,0.5905,0.001886,0.629,0.000757,True,True,1.8505,0.0686,Both Increasing
26.0,88.75,July,7,PRECTOTCORR,ALLSKY_SFC_SW_DWN,-0.546,0.004752,-0.5466,0.004692,True,True,1.8505,0.1712,Both Increasing
26.0,88.75,July,7,GWETTOP,ALLSKY_SFC_SW_DWN,-0.3483,0.087919,-0.2943,0.15327,False,False,0.0686,0.1712,Both Increasing
26.0,88.75,August,8,T2M,PRECTOTCORR,-0.344,0.092226,-0.3547,0.081912,False,False,0.0192,3.5065,Both Increasing
26.0,88.75,August,8,T2M,GWETTOP,-0.2733,0.186171,-0.2117,0.309764,False,False,0.0192,0.0438,Both Increasing
26.0,88.75,August,8,T2M,ALLSKY_SFC_SW_DWN,0.4244,0.034485,0.4686,0.018156,True,True,0.0192,-0.5305,Opposite Directions
26.0,88.75,August,8,PRECTOTCORR,GWETTOP,0.6578,0.000352,0.692,0.000127,True,True,3.5065,0.0438,Both Increasing
26.0,88.75,August,8,PRECTOTCORR,ALLSKY_SFC_SW_DWN,-0.7937,2e-06,-0.8062,1e-06,True,True,3.5065,-0.5305,Opposite Directions
26.0,88.75,August,8,GWETTOP,ALLSKY_SFC_SW_DWN,-0.4158,0.038737,-0.3599,0.07719,True,False,0.0438,-0.5305,Opposite Directions
26.0,88.75,September,9,T2M,PRECTOTCORR,0.2371,0.25383,0.2609,0.207844,False,False,0.4004,3.6121,Both Increasing
26.0,88.75,September,9,T2M,GWETTOP,0.2693,0.192984,0.3412,0.095116,False,False,0.4004,0.0418,Both Increasing
26.0,88.75,September,9,T2M,ALLSKY_SFC_SW_DWN,0.1484,0.47908,0.2166,0.298401,False,False,0.4004,-0.3198,Opposite Directions
26.0,88.75,September,9,PRECTOTCORR,GWETTOP,0.5131,0.008714,0.5122,0.008849,True,True,3.6121,0.0418,Both Increasing
26.0,88.75,September,9,PRECTOTCORR,ALLSKY_SFC_SW_DWN,-0.7344,2.9e-05,-0.5093,0.009309,True,True,3.6121,-0.3198,Opposite Directions
26.0,88.75,September,9,GWETTOP,ALLSKY_SFC_SW_DWN,-0.2987,0.146962,-0.3087,0.133222,False,False,0.0418,-0.3198,Opposite Directions
26.0,88.75,October,10,T2M,PRECTOTCORR,0.0173,0.934735,-0.0885,0.674069,False,False,0.4329,0.2516,Both Increasing
26.0,88.75,October,10,T2M,GWETTOP,0.3475,0.088717,0.3478,0.088412,False,False,0.4329,0.0308,Both Increasing
26.0,88.75,October,10,T2M,ALLSKY_SFC_SW_DWN,-0.145,0.489304,-0.1239,0.555244,False,False,0.4329,-0.4287,Opposite Directions
26.0,88.75,October,10,PRECTOTCORR,GWETTOP,0.5751,0.002638,0.5193,0.007805,True,True,0.2516,0.0308,Both Increasing
26.0,88.75,October,10,PRECTOTCORR,ALLSKY_SFC_SW_DWN,-0.7026,9e-05,-0.6831,0.000168,True,True,0.2516,-0.4287,Opposite Directions
26.0,88.75,October,10,GWETTOP,ALLSKY_SFC_SW_DWN,-0.5356,0.005797,-0.5488,0.004497,True,True,0.0308,-0.4287,Opposite Directions
26.0,88.75,November,11,T2M,PRECTOTCORR,-0.0863,0.681593,0.0333,0.874606,False,False,0.2489,0.0417,Both Increasing
26.0,88.75,November,11,T2M,GWETTOP,-0.0351,0.867627,-0.027,0.898057,False,False,0.2489,0.0418,Both Increasing
26.0,88.75,November,11,T2M,ALLSKY_SFC_SW_DWN,0.0406,0.847109,0.0512,0.807917,False,False,0.2489,-0.0942,Opposite Directions
26.0,88.75,November,11,PRECTOTCORR,GWETTOP,0.0735,0.727061,-0.1854,0.374913,False,False,0.0417,0.0418,Both Increasing
26.0,88.75,November,11,PRECTOTCORR,ALLSKY_SFC_SW_DWN,0.0146,0.944879,-0.1625,0.437751,False,False,0.0417,-0.0942,Opposite Directions
26.0,88.75,November,11,GWETTOP,ALLSKY_SFC_SW_DWN,0.1109,0.597818,0.0418,0.842671,False,False,0.0418,-0.0942,Opposite Directions
26.0,88.75,December,12,T2M,PRECTOTCORR,0.2914,0.157555,0.3573,0.079493,False,False,0.1318,0.0028,Both Increasing
26.0,88.75,December,12,T2M,GWETTOP,0.0047,0.982253,-0.1397,0.505247,False,False,0.1318,0.044,Both Increasing
26.0,88.75,December,12,T2M,ALLSKY_SFC_SW_DWN,0.1183,0.573259,0.1192,0.570263,False,False,0.1318,-0.5349,Opposite Directions
26.0,88.75,December,12,PRECTOTCORR,GWETTOP,0.0026,0.990189,-0.0145,0.945011,False,False,0.0028,0.044,Both Increasing
26.0,88.75,December,12,PRECTOTCORR,ALLSKY_SFC_SW_DWN,0.3097,0.131944,0.2813,0.173088,False,False,0.0028,-0.5349,Opposite Directions
26.0,88.75,December,12,GWETTOP,ALLSKY_SFC_SW_DWN,0.2007,0.336082,0.1147,0.585018,False,False,0.044,-0.5349,Opposite Directions
25.5,89.375,January,1,T2M,PRECTOTCORR,0.1156,0.582249,0.0623,0.767494,False,False,0.3349,0.0392,Both Increasing
25.5,89.375,January,1,T2M,GWETTOP,-0.2569,0.215059,-0.2415,0.244898,False,False,0.3349,0.0295,Both Increasing
25.5,89.375,January,1,T2M,ALLSKY_SFC_SW_DWN,0.0874,0.677713,0.0631,0.764531,False,False,0.3349,-0.6289,Opposite Directions
25.5,89.375,January,1,PRECTOTCORR,GWETTOP,0.1026,0.625431,0.0905,0.666898,False,False,0.0392,0.0295,Both Increasing
25.5,89.375,January,1,PRECTOTCORR,ALLSKY_SFC_SW_DWN,-0.325,0.112942,-0.3697,0.068943,False,False,0.0392,-0.6289,Opposite Directions
25.5,89.375,January,1,GWETTOP,ALLSKY_SFC_SW_DWN,-0.5257,0.006962,-0.4771,0.015873,True,True,0.0295,-0.6289,Opposite Directions
25.5,89.375,February,2,T2M,PRECTOTCORR,-0.4551,0.022271,-0.2334,0.26152,True,False,-0.2098,0.0833,Opposite Directions
25.5,89.375,February,2,T2M,GWETTOP,-0.5267,0.006829,-0.3707,0.068151,True,False,-0.2098,0.0199,Opposite Directions
25.5,89.375,February,2,T2M,ALLSKY_SFC_SW_DWN,0.1552,0.458878,0.1816,0.385044,False,False,-0.2098,-0.8184,Both Decreasing
25.5,89.375,February,2,PRECTOTCORR,GWETTOP,0.4615,0.020215,0.1254,0.550295,True,False,0.0833,0.0199,Both Increasing
25.5,89.375,February,2,PRECTOTCORR,ALLSKY_SFC_SW_DWN,-0.3451,0.091163,-0.3485,0.087789,False,False,0.0833,-0.8184,Opposite Directions
25.5,89.375,February,2,GWETTOP,ALLSKY_SFC_SW_DWN,-0.3907,0.053511,-0.3883,0.055063,False,False,0.0199,-0.8184,Opposite Directions
25.5,89.375,March,3,T2M,PRECTOTCORR,-0.356,0.080742,-0.213,0.306732,False,False,-0.1129,0.5385,Opposite Directions
25.5,89.375,March,3,T2M,GWETTOP,-0.5085,0.009452,-0.4342,0.030108,True,True,-0.1129,0.0324,Opposite Directions
25.5,89.375,March,3,T2M,ALLSKY_SFC_SW_DWN,0.0673,0.74907,0.0554,0.792552,False,False,-0.1129,-0.7006,Both Decreasing
25.5,89.375,March,3,PRECTOTCORR,GWETTOP,0.5758,0.002595,0.5824,0.002254,True,True,0.5385,0.0324,Both Increasing
25.5,89.375,March,3,PRECTOTCORR,ALLSKY_SFC_SW_DWN,-0.7816,4e-06,-0.7324,3.1e-05,True,True,0.5385,-0.7006,Opposite Directions
25.5,89.375,March,3,GWETTOP,ALLSKY_SFC_SW_DWN,-0.5942,0.001737,-0.5699,0.002936,True,True,0.0324,-0.7006,Opposite Directions
25.5,89.375,April,4,T2M,PRECTOTCORR,-0.8644,0.0,-0.8182,1e-06,True,True,-0.3285,0.4882,Opposite Directions
25.5,89.375,April,4,T2M,GWETTOP,-0.8596,0.0,-0.8598,0.0,True,True,-0.3285,0.0352,Opposite Directions
25.5,89.375,April,4,T2M,ALLSKY_SFC_SW_DWN,0.621,0.000923,0.6277,0.000782,True,True,-0.3285,-0.1158,Both Decreasing
25.5,89.375,April,4,PRECTOTCORR,GWETTOP,0.849,0.0,0.7654,8e-06,True,True,0.4882,0.0352,Both Increasing
25.5,89.375,April,4,PRECTOTCORR,ALLSKY_SFC_SW_DWN,-0.7549,1.3e-05,-0.8386,0.0,True,True,0.4882,-0.1158,Opposite Directions
25.5,89.375,April,4,GWETTOP,ALLSKY_SFC_SW_DWN,-0.6873,0.000147,-0.5709,0.00288,True,True,0.0352,-0.1158,Opposite Directions
25.5,89.375,May,5,T2M,PRECTOTCORR,-0.7665,8e-06,-0.7794,4e-06,True,True,-0.7257,3.8209,Opposite Directions
25.5,89.375,May,5,T2M,GWETTOP,-0.9284,0.0,-0.9354,0.0,True,True,-0.7257,0.0892,Opposite Directions
25.5,89.375,May,5,T2M,ALLSKY_SFC_SW_DWN,0.6928,0.000124,0.6551,0.000379,True,True,-0.7257,-0.9956,Both Decreasing
25.5,89.375,May,5,PRECTOTCORR,GWETTOP,0.8278,0.0,0.832,0.0,True,True,3.8209,0.0892,Both Increasing
25.5,89.375,May,5,PRECTOTCORR,ALLSKY_SFC_SW_DWN,-0.7499,1.6e-05,-0.7677,7e-06,True,True,3.8209,-0.9956,Opposite Directions
25.5,89.375,May,5,GWETTOP,ALLSKY_SFC_SW_DWN,-0.64,0.00057,-0.6829,0.000169,True,True,0.0892,-0.9956,Opposite Directions
25.5,89.375,June,6,T2M,PRECTOTCORR,-0.4681,0.018291,-0.3987,0.048367,True,True,-0.1297,2.9458,Opposite Directions
25.5,89.375,June,6,T2M,GWETTOP,-0.7369,2.7e-05,-0.653,0.000402,True,True,-0.1297,0.0991,Opposite Directions
25.5,89.375,June,6,T2M,ALLSKY_SFC_SW_DWN,0.2032,0.330048,0.1978,0.343227,False,False,-0.1297,0.1274,Opposite Directions
25.5,89.375,June,6,PRECTOTCORR,GWETTOP,0.7146,6e-05,0.7028,8.9e-05,True,True,2.9458,0.0991,Both Increasing
25.5,89.375,June,6,PRECTOTCORR,ALLSKY_SFC_SW_DWN,-0.5954,0.00169,-0.5669,0.003126,True,True,2.9458,0.1274,Both Increasing
25.5,89.375,June,6,GWETTOP,ALLSKY_SFC_SW_DWN,-0.1318,0.529997,-0.1282,0.541468,False,False,0.0991,0.1274,Both Increasing
25.5,89.375,July,7,T2M,PRECTOTCORR,-0.4456,0.025603,-0.4001,0.047521,True,True,0.0855,0.8398,Both Increasing
25.5,89.375,July,7,T2M,GWETTOP,-0.4398,0.027794,-0.3917,0.052834,True,False,0.0855,0.0486,Both Increasing
25.5,89.375,July,7,T2M,ALLSKY_SFC_SW_DWN,0.537,0.005646,0.6028,0.001426,True,True,0.0855,0.43,Both Increasing
25.5,89.375,July,7,PRECTOTCORR,GWETTOP,0.5677,0.003079,0.6132,0.001116,True,True,0.8398,0.0486,Both Increasing
25.5,89.375,July,7,PRECTOTCORR,ALLSKY_SFC_SW_DWN,-0.5437,0.004968,-0.5946,0.00172,True,True,0.8398,0.43,Both Increasing
25.5,89.375,July,7,GWETTOP,ALLSKY_SFC_SW_DWN,-0.4068,0.043595,-0.4032,0.04568,True,True,0.0486,0.43,Both Increasing
25.5,89.375,August,8,T2M,PRECTOTCORR,-0.391,0.053254,-0.4671,0.018566,False,True,-0.0005,1.9632,Opposite Directions
25.5,89.375,August,8,T2M,GWETTOP,-0.2503,0.227434,-0.2309,0.26677,False,False,-0.0005,0.0288,Opposite Directions
25.5,89.375,August,8,T2M,ALLSKY_SFC_SW_DWN,0.3757,0.064202,0.3497,0.08656,False,False,-0.0005,-0.4585,Both Decreasing
25.5,89.375,August,8,PRECTOTCORR,GWETTOP,0.6689,0.000256,0.6985,0.000103,True,True,1.9632,0.0288,Both Increasing
25.5,89.375,August,8,PRECTOTCORR,ALLSKY_SFC_SW_DWN,-0.7808,4e-06,-0.7908,3e-06,True,True,1.9632,-0.4585,Opposite Directions
25.5,89.375,August,8,GWETTOP,ALLSKY_SFC_SW_DWN,-0.3855,0.057039,-0.3566,0.080159,False,False,0.0288,-0.4585,Opposite Directions
25.5,89.375,September,9,T2M,PRECTOTCORR,0.1213,0.563667,0.085,0.686174,False,False,0.366,1.7887,Both Increasing
25.5,89.375,September,9,T2M,GWETTOP,0.1735,0.406961,0.2647,0.201032,False,False,0.366,0.0252,Both Increasing
25.5,89.375,September,9,T2M,ALLSKY_SFC_SW_DWN,0.1708,0.414379,0.207,0.320792,False,False,0.366,-0.339,Opposite Directions
25.5,89.375,September,9,PRECTOTCORR,GWETTOP,0.5194,0.007792,0.5742,0.002685,True,True,1.7887,0.0252,Both Increasing
25.5,89.375,September,9,PRECTOTCORR,ALLSKY_SFC_SW_DWN,-0.67,0.000248,-0.559,0.003678,True,True,1.7887,-0.339,Opposite Directions
25.5,89.375,September,9,GWETTOP,ALLSKY_SFC_SW_DWN,-0.3259,0.111836,-0.4356,0.029523,False,True,0.0252,-0.339,Opposite Directions
25.5,89.375,October,10,T2M,PRECTOTCORR,-0.0631,0.764349,-0.1046,0.618719,False,False,0.488,0.0286,Both Increasing
25.5,89.375,October,10,T2M,GWETTOP,0.0752,0.720985,0.0803,0.70285,False,False,0.488,0.0158,Both Increasing
25.5,89.375,October,10,T2M,ALLSKY_SFC_SW_DWN,-0.1858,0.373773,-0.0774,0.713078,False,False,0.488,-0.4798,Opposite Directions
25.5,89.375,October,10,PRECTOTCORR,GWETTOP,0.7394,2.4e-05,0.8179,1e-06,True,True,0.0286,0.0158,Both Increasing
25.5,89.375,October,10,PRECTOTCORR,ALLSKY_SFC_SW_DWN,-0.748,1.7e-05,-0.7998,2e-06,True,True,0.0286,-0.4798,Opposite Directions
25.5,89.375,October,10,GWETTOP,ALLSKY_SFC_SW_DWN,-0.6396,0.000576,-0.6809,0.00018,True,True,0.0158,-0.4798,Opposite Directions
25.5,89.375,November,11,T2M,PRECTOTCORR,-0.2128,0.307051,-0.0083,0.968616,False,False,0.3642,-0.0007,Opposite Directions
25.5,89.375,November,11,T2M,GWETTOP,-0.2153,0.301359,-0.2332,0.26183,False,False,0.3642,0.0257,Both Increasing
25.5,89.375,November,11,T2M,ALLSKY_SFC_SW_DWN,-0.083,0.693151,-0.1258,0.548915,False,False,0.3642,0.0616,Both Increasing
25.5,89.375,November,11,PRECTOTCORR,GWETTOP,-0.0344,0.870332,-0.1558,0.457008,False,False,-0.0007,0.0257,Opposite Directions
25.5,89.375,November,11,PRECTOTCORR,ALLSKY_SFC_SW_DWN,0.1053,0.616245,-0.2045,0.326865,False,False,-0.0007,0.0616,Opposite Directions
25.5,89.375,November,11,GWETTOP,ALLSKY_SFC_SW_DWN,0.2971,0.149244,0.1651,0.430322,False,False,0.0257,0.0616,Both Increasing
25.5,89.375,December,12,T2M,PRECTOTCORR,0.3798,0.061082,0.373,0.0663,False,False,0.2686,0.0549,Both Increasing
25.5,89.375,December,12,T2M,GWETTOP,-0.173,0.408231,-0.2623,0.205224,False,False,0.2686,0.0255,Both Increasing
25.5,89.375,December,12,T2M,ALLSKY_SFC_SW_DWN,0.0993,0.636665,-0.075,0.721562,False,False,0.2686,-0.5219,Opposite Directions
25.5,89.375,December,12,PRECTOTCORR,GWETTOP,0.0676,0.748044,0.0352,0.867412,False,False,0.0549,0.0255,Both Increasing
25.5,89.375,December,12,PRECTOTCORR,ALLSKY_SFC_SW_DWN,0.1649,0.430878,0.2622,0.205413,False,False,0.0549,-0.5219,Opposite Directions
25.5,89.375,December,12,GWETTOP,ALLSKY_SFC_SW_DWN,0.181,0.386583,0.1775,0.395847,False,False,0.0255,-0.5219,Opposite Directions
25.0,88.75,January,1,T2M,PRECTOTCORR,-0.0843,0.688594,0.0359,0.86486,False,False,0.2165,0.1497,Both Increasing
25.0,88.75,January,1,T2M,GWETTOP,-0.3627,0.074806,-0.3614,0.07593,False,False,0.2165,0.0488,Both Increasing
25.0,88.75,January,1,T2M,ALLSKY_SFC_SW_DWN,-0.1421,0.498132,-0.1485,0.478622,False,False,0.2165,-0.7702,Opposite Directions
25.0,88.75,January,1,PRECTOTCORR,GWETTOP,0.3389,0.097523,0.1965,0.346527,False,False,0.1497,0.0488,Both Increasing
25.0,88.75,January,1,PRECTOTCORR,ALLSKY_SFC_SW_DWN,-0.6147,0.001077,-0.4668,0.018646,True,True,0.1497,-0.7702,Opposite Directions
25.0,88.75,January,1,GWETTOP,ALLSKY_SFC_SW_DWN,-0.2868,0.164572,-0.287,0.164161,False,False,0.0488,-0.7702,Opposite Directions
25.0,88.75,February,2,T2M,PRECTOTCORR,-0.3585,0.078482,-0.2711,0.189952,False,False,-0.3002,0.1115,Opposite Directions
25.0,88.75,February,2,T2M,GWETTOP,-0.5847,0.002145,-0.4271,0.033241,True,True,-0.3002,0.0373,Opposite Directions
25.0,88.75,February,2,T2M,ALLSKY_SFC_SW_DWN,0.2829,0.170637,0.2002,0.337413,False,False,-0.3002,-0.6452,Both Decreasing
25.0,88.75,February,2,PRECTOTCORR,GWETTOP,0.2922,0.156351,0.0828,0.694067,False,False,0.1115,0.0373,Both Increasing
25.0,88.75,February,2,PRECTOTCORR,ALLSKY_SFC_SW_DWN,-0.4123,0.040578,-0.4397,0.027855,True,True,0.1115,-0.6452,Opposite Directions
25.0,88.75,February,2,GWETTOP,ALLSKY_SFC_SW_DWN,-0.3612,0.076036,-0.3097,0.131875,False,False,0.0373,-0.6452,Opposite Directions
25.0,88.75,March,3,T2M,PRECTOTCORR,-0.409,0.042338,-0.2382,0.251601,True,False,-0.205,0.2121,Opposite Directions
25.0,88.75,March,3,T2M,GWETTOP,-0.6184,0.000986,-0.5748,0.002652,True,True,-0.205,0.0393,Opposite Directions
25.0,88.75,March,3,T2M,ALLSKY_SFC_SW_DWN,0.1767,0.398021,0.1766,0.398487,False,False,-0.205,-0.6566,Both Decreasing
25.0,88.75,March,3,PRECTOTCORR,GWETTOP,0.4953,0.01182,0.3292,0.108129,True,False,0.2121,0.0393,Both Increasing
25.0,88.75,March,3,PRECTOTCORR,ALLSKY_SFC_SW_DWN,-0.7557,1.3e-05,-0.6046,0.001369,True,True,0.2121,-0.6566,Opposite Directions
25.0,88.75,March,3,GWETTOP,ALLSKY_SFC_SW_DWN,-0.468,0.018316,-0.5379,0.005549,True,True,0.0393,-0.6566,Opposite Directions
25.0,88.75,April,4,T2M,PRECTOTCORR,-0.8489,0.0,-0.8582,0.0,True,True,-0.2625,0.2205,Opposite Directions
25.0,88.75,April,4,T2M,GWETTOP,-0.8555,0.0,-0.8588,0.0,True,True,-0.2625,0.0282,Opposite Directions
25.0,88.75,April,4,T2M,ALLSKY_SFC_SW_DWN,0.6977,0.000106,0.6792,0.000189,True,True,-0.2625,-0.6395,Both Decreasing
25.0,88.75,April,4,PRECTOTCORR,GWETTOP,0.8709,0.0,0.8543,0.0,True,True,0.2205,0.0282,Both Increasing
25.0,88.75,April,4,PRECTOTCORR,ALLSKY_SFC_SW_DWN,-0.6754,0.000212,-0.7805,4e-06,True,True,0.2205,-0.6395,Opposite Directions
25.0,88.75,April,4,GWETTOP,ALLSKY_SFC_SW_DWN,-0.7469,1.8e-05,-0.6905,0.000133,True,True,0.0282,-0.6395,Opposite Directions
25.0,88.75,May,5,T2M,PRECTOTCORR,-0.7599,1.1e-05,-0.7482,1.7e-05,True,True,-0.765,2.4137,Opposite Directions
25.0,88.75,May,5,T2M,GWETTOP,-0.962,0.0,-0.9485,0.0,True,True,-0.765,0.0582,Opposite Directions
25.0,88.75,May,5,T2M,ALLSKY_SFC_SW_DWN,0.7044,8.5e-05,0.7051,8.3e-05,True,True,-0.765,-0.9054,Both Decreasing
25.0,88.75,May,5,PRECTOTCORR,GWETTOP,0.7701,7e-06,0.7798,4e-06,True,True,2.4137,0.0582,Both Increasing
25.0,88.75,May,5,PRECTOTCORR,ALLSKY_SFC_SW_DWN,-0.7089,7.3e-05,-0.7462,1.8e-05,True,True,2.4137,-0.9054,Opposite Directions
25.0,88.75,May,5,GWETTOP,ALLSKY_SFC_SW_DWN,-0.6493,0.000444,-0.7258,4e-05,True,True,0.0582,-0.9054,Opposite Directions
25.0,88.75,June,6,T2M,PRECTOTCORR,-0.6657,0.000281,-0.4766,0.016003,True,True,-0.2072,0.705,Opposite Directions
25.0,88.75,June,6,T2M,GWETTOP,-0.856,0.0,-0.7931,2e-06,True,True,-0.2072,0.0702,Opposite Directions
25.0,88.75,June,6,T2M,ALLSKY_SFC_SW_DWN,0.2848,0.167611,0.2659,0.198854,False,False,-0.2072,0.3233,Opposite Directions
25.0,88.75,June,6,PRECTOTCORR,GWETTOP,0.7486,1.7e-05,0.5211,0.007562,True,True,0.705,0.0702,Both Increasing
25.0,88.75,June,6,PRECTOTCORR,ALLSKY_SFC_SW_DWN,-0.4847,0.014055,-0.4247,0.034309,True,True,0.705,0.3233,Both Increasing
25.0,88.75,June,6,GWETTOP,ALLSKY_SFC_SW_DWN,-0.1781,0.394369,-0.0127,0.951883,False,False,0.0702,0.3233,Both Increasing
25.0,88.75,July,7,T2M,PRECTOTCORR,-0.4225,0.03539,-0.4105,0.041544,True,True,0.1207,1.2265,Both Increasing
25.0,88.75,July,7,T2M,GWETTOP,-0.5751,0.002632,-0.5125,0.008801,True,True,0.1207,0.043,Both Increasing
25.0,88.75,July,7,T2M,ALLSKY_SFC_SW_DWN,0.5592,0.003659,0.6294,0.00075,True,True,0.1207,0.1311,Both Increasing
25.0,88.75,July,7,PRECTOTCORR,GWETTOP,0.6773,0.0002,0.7347,2.9e-05,True,True,1.2265,0.043,Both Increasing
25.0,88.75,July,7,PRECTOTCORR,ALLSKY_SFC_SW_DWN,-0.5262,0.006899,-0.5592,0.003658,True,True,1.2265,0.1311,Both Increasing
25.0,88.75,July,7,GWETTOP,ALLSKY_SFC_SW_DWN,-0.5344,0.005926,-0.5198,0.007742,True,True,0.043,0.1311,Both Increasing
25.0,88.75,August,8,T2M,PRECTOTCORR,-0.4903,0.012841,-0.5042,0.010164,True,True,-0.0055,1.7,Opposite Directions
25.0,88.75,August,8,T2M,GWETTOP,-0.4514,0.023528,-0.4306,0.031673,True,True,-0.0055,0.0438,Opposite Directions
25.0,88.75,August,8,T2M,ALLSKY_SFC_SW_DWN,0.3518,0.08463,0.3665,0.071528,False,False,-0.0055,-0.8891,Both Decreasing
25.0,88.75,August,8,PRECTOTCORR,GWETTOP,0.6327,0.000689,0.5952,0.001697,True,True,1.7,0.0438,Both Increasing
25.0,88.75,August,8,PRECTOTCORR,ALLSKY_SFC_SW_DWN,-0.8722,0.0,-0.9076,0.0,True,True,1.7,-0.8891,Opposite Directions
25.0,88.75,August,8,GWETTOP,ALLSKY_SFC_SW_DWN,-0.5283,0.006633,-0.4699,0.017779,True,True,0.0438,-0.8891,Opposite Directions
25.0,88.75,September,9,T2M,PRECTOTCORR,0.1594,0.446689,0.0828,0.694119,False,False,0.3388,1.4393,Both Increasing
25.0,88.75,September,9,T2M,GWETTOP,0.1501,0.473782,0.2546,0.219312,False,False,0.3388,0.041,Both Increasing
25.0,88.75,September,9,T2M,ALLSKY_SFC_SW_DWN,0.0522,0.804172,-0.0021,0.991985,False,False,0.3388,-0.5894,Opposite Directions
25.0,88.75,September,9,PRECTOTCORR,GWETTOP,0.4535,0.022796,0.4252,0.034119,True,True,1.4393,0.041,Both Increasing
25.0,88.75,September,9,PRECTOTCORR,ALLSKY_SFC_SW_DWN,-0.633,0.000684,-0.6282,0.000772,True,True,1.4393,-0.5894,Opposite Directions
25.0,88.75,September,9,GWETTOP,ALLSKY_SFC_SW_DWN,-0.3593,0.077754,-0.4723,0.017125,False,True,0.041,-0.5894,Opposite Directions
25.0,88.75,October,10,T2M,PRECTOTCORR,0.122,0.561416,0.0739,0.725682,False,False,0.4337,0.3722,Both Increasing
25.0,88.75,October,10,T2M,GWETTOP,0.2443,0.239183,0.2,0.337886,False,False,0.4337,0.0282,Both Increasing
25.0,88.75,October,10,T2M,ALLSKY_SFC_SW_DWN,-0.3096,0.132053,-0.2582,0.212746,False,False,0.4337,-0.4029,Opposite Directions
25.0,88.75,October,10,PRECTOTCORR,GWETTOP,0.6954,0.000114,0.7299,3.5e-05,True,True,0.3722,0.0282,Both Increasing
25.0,88.75,October,10,PRECTOTCORR,ALLSKY_SFC_SW_DWN,-0.7317,3.2e-05,-0.7274,3.8e-05,True,True,0.3722,-0.4029,Opposite Directions
25.0,88.75,October,10,GWETTOP,ALLSKY_SFC_SW_DWN,-0.488,0.013327,-0.537,0.00564,True,True,0.0282,-0.4029,Opposite Directions
25.0,88.75,November,11,T2M,PRECTOTCORR,-0.4152,0.039041,0.1047,0.618416,True,False,0.2079,0.0505,Both Increasing
25.0,88.75,November,11,T2M,GWETTOP,-0.2485,0.231012,-0.2611,0.207465,False,False,0.2079,0.0364,Both Increasing
25.0,88.75,November,11,T2M,ALLSKY_SFC_SW_DWN,-0.1124,0.59255,-0.2117,0.309778,False,False,0.2079,-0.4082,Opposite Directions
25.0,88.75,November,11,PRECTOTCORR,GWETTOP,0.0615,0.770131,0.0241,0.90881,False,False,0.0505,0.0364,Both Increasing
25.0,88.75,November,11,PRECTOTCORR,ALLSKY_SFC_SW_DWN,-0.0831,0.692804,-0.2172,0.297066,False,False,0.0505,-0.4082,Opposite Directions
25.0,88.75,November,11,GWETTOP,ALLSKY_SFC_SW_DWN,0.079,0.707286,0.0104,0.960624,False,False,0.0364,-0.4082,Opposite Directions
25.0,88.75,December,12,T2M,PRECTOTCORR,0.3069,0.135644,0.3708,0.068076,False,False,0.0632,0.0944,Both Increasing
25.0,88.75,December,12,T2M,GWETTOP,-0.2542,0.220101,-0.3013,0.143225,False,False,0.0632,0.0451,Both Increasing
25.0,88.75,December,12,T2M,ALLSKY_SFC_SW_DWN,-0.1108,0.598114,-0.0477,0.820871,False,False,0.0632,-0.8208,Opposite Directions
25.0,88.75,December,12,PRECTOTCORR,GWETTOP,0.0367,0.861793,-0.0475,0.821634,False,False,0.0944,0.0451,Both Increasing
25.0,88.75,December,12,PRECTOTCORR,ALLSKY_SFC_SW_DWN,0.0747,0.722583,0.1591,0.447512,False,False,0.0944,-0.8208,Opposite Directions
25.0,88.75,December,12,GWETTOP,ALLSKY_SFC_SW_DWN,0.1379,0.510859,0.0643,0.759942,False,False,0.0451,-0.8208,Opposite Directions
25.0,89.375,January,1,T2M,PRECTOTCORR,0.0335,0.873801,0.0333,0.874355,False,False,0.2397,0.178,Both Increasing
25.0,89.375,January,1,T2M,GWETTOP,-0.3376,0.098844,-0.3199,0.119001,False,False,0.2397,0.0439,Both Increasing
25.0,89.375,January,1,T2M,ALLSKY_SFC_SW_DWN,0.0454,0.829444,-0.0539,0.798159,False,False,0.2397,-0.8222,Opposite Directions
25.0,89.375,January,1,PRECTOTCORR,GWETTOP,0.2207,0.288973,0.1588,0.448316,False,False,0.178,0.0439,Both Increasing
25.0,89.375,January,1,PRECTOTCORR,ALLSKY_SFC_SW_DWN,-0.572,0.002811,-0.4494,0.024222,True,True,0.178,-0.8222,Opposite Directions
25.0,89.375,January,1,GWETTOP,ALLSKY_SFC_SW_DWN,-0.5089,0.009386,-0.4786,0.015506,True,True,0.0439,-0.8222,Opposite Directions
25.0,89.375,February,2,T2M,PRECTOTCORR,-0.3273,0.110305,-0.2616,0.206548,False,False,-0.3012,0.1125,Opposite Directions
25.0,89.375,February,2,T2M,GWETTOP,-0.5494,0.004446,-0.404,0.04518,True,True,-0.3012,0.0356,Opposite Directions
25.0,89.375,February,2,T2M,ALLSKY_SFC_SW_DWN,0.2263,0.276613,0.202,0.332976,False,False,-0.3012,-0.861,Both Decreasing
25.0,89.375,February,2,PRECTOTCORR,GWETTOP,0.2831,0.170339,-0.0081,0.969328,False,False,0.1125,0.0356,Both Increasing
25.0,89.375,February,2,PRECTOTCORR,ALLSKY_SFC_SW_DWN,-0.3174,0.12208,-0.3144,0.125921,False,False,0.1125,-0.861,Opposite Directions
25.0,89.375,February,2,GWETTOP,ALLSKY_SFC_SW_DWN,-0.3776,0.062728,-0.2347,0.258862,False,False,0.0356,-0.861,Opposite Directions
25.0,89.375,March,3,T2M,PRECTOTCORR,-0.4185,0.037322,-0.331,0.106095,True,False,-0.1995,0.3512,Opposite Directions
25.0,89.375,March,3,T2M,GWETTOP,-0.5969,0.001633,-0.5484,0.004533,True,True,-0.1995,0.0358,Opposite Directions
25.0,89.375,March,3,T2M,ALLSKY_SFC_SW_DWN,0.1003,0.633175,0.1181,0.573878,False,False,-0.1995,-0.7192,Both Decreasing
25.0,89.375,March,3,PRECTOTCORR,GWETTOP,0.5923,0.001813,0.5503,0.004373,True,True,0.3512,0.0358,Both Increasing
25.0,89.375,March,3,PRECTOTCORR,ALLSKY_SFC_SW_DWN,-0.7491,1.6e-05,-0.6408,0.000559,True,True,0.3512,-0.7192,Opposite Directions
25.0,89.375,March,3,GWETTOP,ALLSKY_SFC_SW_DWN,-0.4706,0.017588,-0.5712,0.00286,True,True,0.0358,-0.7192,Opposite Directions
25.0,89.375,April,4,T2M,PRECTOTCORR,-0.8758,0.0,-0.859,0.0,True,True,-0.2853,0.4195,Opposite Directions
25.0,89.375,April,4,T2M,GWETTOP,-0.8798,0.0,-0.8629,0.0,True,True,-0.2853,0.0303,Opposite Directions
25.0,89.375,April,4,T2M,ALLSKY_SFC_SW_DWN,0.5919,0.001827,0.5516,0.004255,True,True,-0.2853,-0.6159,Both Decreasing
25.0,89.375,April,4,PRECTOTCORR,GWETTOP,0.8895,0.0,0.8621,0.0,True,True,0.4195,0.0303,Both Increasing
25.0,89.375,April,4,PRECTOTCORR,ALLSKY_SFC_SW_DWN,-0.6798,0.000186,-0.7651,8e-06,True,True,0.4195,-0.6159,Opposite Directions
25.0,89.375,April,4,GWETTOP,ALLSKY_SFC_SW_DWN,-0.6512,0.000423,-0.605,0.001354,True,True,0.0303,-0.6159,Opposite Directions
25.0,89.375,May,5,T2M,PRECTOTCORR,-0.7833,4e-06,-0.7744,6e-06,True,True,-0.7374,3.71,Opposite Directions
25.0,89.375,May,5,T2M,GWETTOP,-0.9399,0.0,-0.9461,0.0,True,True,-0.7374,0.0881,Opposite Directions
25.0,89.375,May,5,T2M,ALLSKY_SFC_SW_DWN,0.6286,0.000765,0.6771,0.000202,True,True,-0.7374,-0.7771,Both Decreasing
25.0,89.375,May,5,PRECTOTCORR,GWETTOP,0.8171,1e-06,0.8612,0.0,True,True,3.71,0.0881,Both Increasing
25.0,89.375,May,5,PRECTOTCORR,ALLSKY_SFC_SW_DWN,-0.6045,0.00137,-0.6837,0.000165,True,True,3.71,-0.7771,Opposite Directions
25.0,89.375,May,5,GWETTOP,ALLSKY_SFC_SW_DWN,-0.5576,0.00378,-0.6429,0.000528,True,True,0.0881,-0.7771,Opposite Directions
25.0,89.375,June,6,T2M,PRECTOTCORR,-0.5147,0.008472,-0.3862,0.056569,True,False,-0.1402,1.9395,Opposite Directions
25.0,89.375,June,6,T2M,GWETTOP,-0.7661,8e-06,-0.7226,4.5e-05,True,True,-0.1402,0.0959,Opposite Directions
25.0,89.375,June,6,T2M,ALLSKY_SFC_SW_DWN,0.1696,0.417675,0.2254,0.278606,False,False,-0.1402,0.3016,Opposite Directions
25.0,89.375,June,6,PRECTOTCORR,GWETTOP,0.7285,3.6e-05,0.6124,0.001137,True,True,1.9395,0.0959,Both Increasing
25.0,89.375,June,6,PRECTOTCORR,ALLSKY_SFC_SW_DWN,-0.3868,0.056141,-0.3982,0.048699,False,True,1.9395,0.3016,Both Increasing
25.0,89.375,June,6,GWETTOP,ALLSKY_SFC_SW_DWN,-0.0234,0.911623,-0.0122,0.953943,False,False,0.0959,0.3016,Both Increasing
25.0,89.375,July,7,T2M,PRECTOTCORR,-0.4588,0.021048,-0.4197,0.036734,True,True,0.1178,1.349,Both Increasing
25.0,89.375,July,7,T2M,GWETTOP,-0.3812,0.060072,-0.3767,0.063406,False,False,0.1178,0.051,Both Increasing
25.0,89.375,July,7,T2M,ALLSKY_SFC_SW_DWN,0.4664,0.018761,0.575,0.00264,True,True,0.1178,0.4425,Both Increasing
25.0,89.375,July,7,PRECTOTCORR,GWETTOP,0.6565,0.000365,0.6785,0.000193,True,True,1.349,0.051,Both Increasing
25.0,89.375,July,7,PRECTOTCORR,ALLSKY_SFC_SW_DWN,-0.4721,0.017193,-0.5974,0.001614,True,True,1.349,0.4425,Both Increasing
25.0,89.375,July,7,GWETTOP,ALLSKY_SFC_SW_DWN,-0.3112,0.13001,-0.3331,0.103672,False,False,0.051,0.4425,Both Increasing
25.0,89.375,August,8,T2M,PRECTOTCORR,-0.3897,0.054158,-0.4066,0.043684,False,True,0.0102,1.9726,Both Increasing
25.0,89.375,August,8,T2M,GWETTOP,-0.2856,0.166405,-0.3174,0.122047,False,False,0.0102,0.0373,Both Increasing
25.0,89.375,August,8,T2M,ALLSKY_SFC_SW_DWN,0.3295,0.107747,0.3228,0.115579,False,False,0.0102,-0.7284,Opposite Directions
25.0,89.375,August,8,PRECTOTCORR,GWETTOP,0.6192,0.000967,0.6089,0.001236,True,True,1.9726,0.0373,Both Increasing
25.0,89.375,August,8,PRECTOTCORR,ALLSKY_SFC_SW_DWN,-0.8183,1e-06,-0.8036,1e-06,True,True,1.9726,-0.7284,Opposite Directions
25.0,89.375,August,8,GWETTOP,ALLSKY_SFC_SW_DWN,-0.3818,0.05966,-0.3036,0.140122,False,False,0.0373,-0.7284,Opposite Directions
25.0,89.375,September,9,T2M,PRECTOTCORR,0.1756,0.401196,0.2102,0.313105,False,False,0.3632,1.3794,Both Increasing
25.0,89.375,September,9,T2M,GWETTOP,0.2209,0.28853,0.3828,0.058948,False,False,0.3632,0.0314,Both Increasing
25.0,89.375,September,9,T2M,ALLSKY_SFC_SW_DWN,0.1422,0.497637,-0.0934,0.657013,False,False,0.3632,-0.3806,Opposite Directions
25.0,89.375,September,9,PRECTOTCORR,GWETTOP,0.5303,0.006392,0.4958,0.011729,True,True,1.3794,0.0314,Both Increasing
25.0,89.375,September,9,PRECTOTCORR,ALLSKY_SFC_SW_DWN,-0.5927,0.001795,-0.5659,0.003194,True,True,1.3794,-0.3806,Opposite Directions
25.0,89.375,September,9,GWETTOP,ALLSKY_SFC_SW_DWN,-0.3279,0.10955,-0.3616,0.075753,False,False,0.0314,-0.3806,Opposite Directions
25.0,89.375,October,10,T2M,PRECTOTCORR,0.0598,0.776535,0.0312,0.882455,False,False,0.4403,0.7226,Both Increasing
25.0,89.375,October,10,T2M,GWETTOP,0.1612,0.441491,0.1835,0.379826,False,False,0.4403,0.0209,Both Increasing
25.0,89.375,October,10,T2M,ALLSKY_SFC_SW_DWN,-0.2236,0.282727,-0.1409,0.501865,False,False,0.4403,-0.4248,Opposite Directions
25.0,89.375,October,10,PRECTOTCORR,GWETTOP,0.7965,2e-06,0.8549,0.0,True,True,0.7226,0.0209,Both Increasing
25.0,89.375,October,10,PRECTOTCORR,ALLSKY_SFC_SW_DWN,-0.7305,3.4e-05,-0.8088,1e-06,True,True,0.7226,-0.4248,Opposite Directions
25.0,89.375,October,10,GWETTOP,ALLSKY_SFC_SW_DWN,-0.5955,0.001685,-0.6622,0.000311,True,True,0.0209,-0.4248,Opposite Directions
25.0,89.375,November,11,T2M,PRECTOTCORR,-0.3477,0.088518,0.0304,0.885184,False,False,0.3437,0.0572,Both Increasing
25.0,89.375,November,11,T2M,GWETTOP,-0.15,0.474174,-0.1038,0.621398,False,False,0.3437,0.0259,Both Increasing
25.0,89.375,November,11,T2M,ALLSKY_SFC_SW_DWN,-0.0461,0.826688,-0.2416,0.244567,False,False,0.3437,-0.1787,Opposite Directions
25.0,89.375,November,11,PRECTOTCORR,GWETTOP,0.1468,0.483646,0.0334,0.873931,False,False,0.0572,0.0259,Both Increasing
25.0,89.375,November,11,PRECTOTCORR,ALLSKY_SFC_SW_DWN,-0.0894,0.670752,-0.3272,0.110404,False,False,0.0572,-0.1787,Opposite Directions
25.0,89.375,November,11,GWETTOP,ALLSKY_SFC_SW_DWN,0.2688,0.193807,0.2257,0.278062,False,False,0.0259,-0.1787,Opposite Directions
25.0,89.375,December,12,T2M,PRECTOTCORR,0.363,0.074546,0.3391,0.097235,False,False,0.1946,0.1307,Both Increasing
25.0,89.375,December,12,T2M,GWETTOP,-0.1603,0.443994,-0.1833,0.380349,False,False,0.1946,0.0362,Both Increasing
25.0,89.375,December,12,T2M,ALLSKY_SFC_SW_DWN,0.0006,0.997915,-0.1139,0.587774,False,False,0.1946,-0.8158,Opposite Directions
25.0,89.375,December,12,PRECTOTCORR,GWETTOP,0.1889,0.365809,0.1562,0.455877,False,False,0.1307,0.0362,Both Increasing
25.0,89.375,December,12,PRECTOTCORR,ALLSKY_SFC_SW_DWN,0.0283,0.893157,0.1335,0.524661,False,False,0.1307,-0.8158,Opposite Directions
25.0,89.375,December,12,GWETTOP,ALLSKY_SFC_SW_DWN,0.0881,0.67533,0.0991,0.63758,False,False,0.0362,-0.8158,Opposite Directions
25.0,90.0,January,1,T2M,PRECTOTCORR,0.115,0.584019,-0.0012,0.995598,False,False,0.2848,0.1698,Both Increasing
25.0,90.0,January,1,T2M,GWETTOP,-0.3535,0.083039,-0.3146,0.12564,False,False,0.2848,0.0402,Both Increasing
25.0,90.0,January,1,T2M,ALLSKY_SFC_SW_DWN,0.0574,0.785084,-0.0677,0.747783,False,False,0.2848,-0.8222,Opposite Directions
25.0,90.0,January,1,PRECTOTCORR,GWETTOP,0.022,0.916863,0.2633,0.20355,False,False,0.1698,0.0402,Both Increasing
25.0,90.0,January,1,PRECTOTCORR,ALLSKY_SFC_SW_DWN,-0.4083,0.042715,-0.5809,0.002329,True,True,0.1698,-0.8222,Opposite Directions
25.0,90.0,January,1,GWETTOP,ALLSKY_SFC_SW_DWN,-0.5011,0.010722,-0.4989,0.011119,True,True,0.0402,-0.8222,Opposite Directions
25.0,90.0,February,2,T2M,PRECTOTCORR,-0.2614,0.206943,-0.085,0.686174,False,False,-0.2574,0.0825,Opposite Directions
25.0,90.0,February,2,T2M,GWETTOP,-0.4933,0.012214,-0.3657,0.072228,True,False,-0.2574,0.0298,Opposite Directions
25.0,90.0,February,2,T2M,ALLSKY_SFC_SW_DWN,0.2368,0.254352,0.2559,0.21701,False,False,-0.2574,-0.861,Both Decreasing
25.0,90.0,February,2,PRECTOTCORR,GWETTOP,0.1637,0.434254,-0.0775,0.71285,False,False,0.0825,0.0298,Both Increasing
25.0,90.0,February,2,PRECTOTCORR,ALLSKY_SFC_SW_DWN,-0.3094,0.132377,-0.2901,0.159582,False,False,0.0825,-0.861,Opposite Directions
25.0,90.0,February,2,GWETTOP,ALLSKY_SFC_SW_DWN,-0.4608,0.02045,-0.3911,0.053239,True,False,0.0298,-0.861,Opposite Directions
25.0,90.0,March,3,T2M,PRECTOTCORR,-0.3938,0.051467,-0.2578,0.213442,False,False,-0.1365,0.472,Opposite Directions
25.0,90.0,March,3,T2M,GWETTOP,-0.5474,0.004625,-0.4144,0.039432,True,True,-0.1365,0.0245,Opposite Directions
25.0,90.0,March,3,T2M,ALLSKY_SFC_SW_DWN,0.1457,0.486991,0.1168,0.578062,False,False,-0.1365,-0.7192,Both Decreasing
25.0,90.0,March,3,PRECTOTCORR,GWETTOP,0.751,1.5e-05,0.7098,7.1e-05,True,True,0.472,0.0245,Both Increasing
25.0,90.0,March,3,PRECTOTCORR,ALLSKY_SFC_SW_DWN,-0.7702,7e-06,-0.7139,6.1e-05,True,True,0.472,-0.7192,Opposite Directions
25.0,90.0,March,3,GWETTOP,ALLSKY_SFC_SW_DWN,-0.6046,0.001369,-0.686,0.000154,True,True,0.0245,-0.7192,Opposite Directions
25.0,90.0,April,4,T2M,PRECTOTCORR,-0.8475,0.0,-0.7546,1.3e-05,True,True,-0.262,0.693,Opposite Directions
25.0,90.0,April,4,T2M,GWETTOP,-0.844,0.0,-0.814,1e-06,True,True,-0.262,0.0318,Opposite Directions
25.0,90.0,April,4,T2M,ALLSKY_SFC_SW_DWN,0.6461,0.000485,0.5992,0.001549,True,True,-0.262,-0.6159,Both Decreasing
25.0,90.0,April,4,PRECTOTCORR,GWETTOP,0.887,0.0,0.7582,1.1e-05,True,True,0.693,0.0318,Both Increasing
25.0,90.0,April,4,PRECTOTCORR,ALLSKY_SFC_SW_DWN,-0.7108,6.8e-05,-0.8069,1e-06,True,True,0.693,-0.6159,Opposite Directions
25.0,90.0,April,4,GWETTOP,ALLSKY_SFC_SW_DWN,-0.6224,0.000893,-0.6007,0.001498,True,True,0.0318,-0.6159,Opposite Directions
25.0,90.0,May,5,T2M,PRECTOTCORR,-0.7971,2e-06,-0.8329,0.0,True,True,-0.6423,4.8558,Opposite Directions
25.0,90.0,May,5,T2M,GWETTOP,-0.9154,0.0,-0.9603,0.0,True,True,-0.6423,0.1003,Opposite Directions
25.0,90.0,May,5,T2M,ALLSKY_SFC_SW_DWN,0.6603,0.000328,0.7033,8.8e-05,True,True,-0.6423,-0.7771,Both Decreasing
25.0,90.0,May,5,PRECTOTCORR,GWETTOP,0.8441,0.0,0.8628,0.0,True,True,4.8558,0.1003,Both Increasing
25.0,90.0,May,5,PRECTOTCORR,ALLSKY_SFC_SW_DWN,-0.6162,0.001039,-0.6744,0.000218,True,True,4.8558,-0.7771,Opposite Directions
25.0,90.0,May,5,GWETTOP,ALLSKY_SFC_SW_DWN,-0.5591,0.003668,-0.659,0.00034,True,True,0.1003,-0.7771,Opposite Directions
25.0,90.0,June,6,T2M,PRECTOTCORR,-0.3915,0.052954,-0.3804,0.060701,False,False,-0.0443,3.7093,Opposite Directions
25.0,90.0,June,6,T2M,GWETTOP,-0.7087,7.3e-05,-0.5908,0.001874,True,True,-0.0443,0.0932,Opposite Directions
25.0,90.0,June,6,T2M,ALLSKY_SFC_SW_DWN,0.2234,0.282998,0.2822,0.171632,False,False,-0.0443,0.3016,Opposite Directions
25.0,90.0,June,6,PRECTOTCORR,GWETTOP,0.7256,4.1e-05,0.707,7.8e-05,True,True,3.7093,0.0932,Both Increasing
25.0,90.0,June,6,PRECTOTCORR,ALLSKY_SFC_SW_DWN,-0.3638,0.073832,-0.3716,0.067391,False,False,3.7093,0.3016,Both Increasing
25.0,90.0,June,6,GWETTOP,ALLSKY_SFC_SW_DWN,-0.0012,0.995528,0.0339,0.872081,False,False,0.0932,0.3016,Both Increasing
25.0,90.0,July,7,T2M,PRECTOTCORR,-0.3318,0.105208,-0.3165,0.123267,False,False,0.1472,1.7811,Both Increasing
25.0,90.0,July,7,T2M,GWETTOP,-0.2366,0.254909,-0.1919,0.358156,False,False,0.1472,0.0403,Both Increasing
25.0,90.0,July,7,T2M,ALLSKY_SFC_SW_DWN,0.4035,0.045477,0.51,0.009199,True,True,0.1472,0.4425,Both Increasing
25.0,90.0,July,7,PRECTOTCORR,GWETTOP,0.6661,0.000278,0.7425,2.1e-05,True,True,1.7811,0.0403,Both Increasing
25.0,90.0,July,7,PRECTOTCORR,ALLSKY_SFC_SW_DWN,-0.4814,0.014824,-0.6143,0.001086,True,True,1.7811,0.4425,Both Increasing
25.0,90.0,July,7,GWETTOP,ALLSKY_SFC_SW_DWN,-0.2942,0.15341,-0.3016,0.142869,False,False,0.0403,0.4425,Both Increasing
25.0,90.0,August,8,T2M,PRECTOTCORR,-0.2981,0.147855,-0.2793,0.176284,False,False,0.0374,2.2818,Both Increasing
25.0,90.0,August,8,T2M,GWETTOP,-0.1299,0.535952,-0.172,0.411016,False,False,0.0374,0.03,Both Increasing
25.0,90.0,August,8,T2M,ALLSKY_SFC_SW_DWN,0.3172,0.122309,0.319,0.120083,False,False,0.0374,-0.7284,Opposite Directions
25.0,90.0,August,8,PRECTOTCORR,GWETTOP,0.657,0.00036,0.6672,0.000269,True,True,2.2818,0.03,Both Increasing
25.0,90.0,August,8,PRECTOTCORR,ALLSKY_SFC_SW_DWN,-0.7773,5e-06,-0.7955,2e-06,True,True,2.2818,-0.7284,Opposite Directions
25.0,90.0,August,8,GWETTOP,ALLSKY_SFC_SW_DWN,-0.4055,0.044298,-0.3389,0.097486,True,False,0.03,-0.7284,Opposite Directions
25.0,90.0,September,9,T2M,PRECTOTCORR,0.1397,0.505408,0.2835,0.169634,False,False,0.391,1.2919,Both Increasing
25.0,90.0,September,9,T2M,GWETTOP,0.1832,0.380722,0.3733,0.066043,False,False,0.391,0.0231,Both Increasing
25.0,90.0,September,9,T2M,ALLSKY_SFC_SW_DWN,0.0711,0.735735,-0.1574,0.452498,False,False,0.391,-0.3806,Opposite Directions
25.0,90.0,September,9,PRECTOTCORR,GWETTOP,0.582,0.002272,0.5938,0.001753,True,True,1.2919,0.0231,Both Increasing
25.0,90.0,September,9,PRECTOTCORR,ALLSKY_SFC_SW_DWN,-0.6334,0.000677,-0.6444,0.000508,True,True,1.2919,-0.3806,Opposite Directions
25.0,90.0,September,9,GWETTOP,ALLSKY_SFC_SW_DWN,-0.3303,0.106786,-0.2837,0.169299,False,False,0.0231,-0.3806,Opposite Directions
25.0,90.0,October,10,T2M,PRECTOTCORR,0.0878,0.67628,0.0235,0.911314,False,False,0.4157,1.2208,Both Increasing
25.0,90.0,October,10,T2M,GWETTOP,0.1196,0.569092,0.1603,0.444012,False,False,0.4157,0.0178,Both Increasing
25.0,90.0,October,10,T2M,ALLSKY_SFC_SW_DWN,-0.1558,0.457055,-0.088,0.675845,False,False,0.4157,-0.4248,Opposite Directions
25.0,90.0,October,10,PRECTOTCORR,GWETTOP,0.8468,0.0,0.8619,0.0,True,True,1.2208,0.0178,Both Increasing
25.0,90.0,October,10,PRECTOTCORR,ALLSKY_SFC_SW_DWN,-0.7326,3.1e-05,-0.8165,1e-06,True,True,1.2208,-0.4248,Opposite Directions
25.0,90.0,October,10,GWETTOP,ALLSKY_SFC_SW_DWN,-0.6721,0.000234,-0.7096,7.1e-05,True,True,0.0178,-0.4248,Opposite Directions
25.0,90.0,November,11,T2M,PRECTOTCORR,-0.2146,0.303043,0.011,0.958486,False,False,0.3545,0.0235,Both Increasing
25.0,90.0,November,11,T2M,GWETTOP,-0.0952,0.650898,-0.0297,0.887793,False,False,0.3545,0.0312,Both Increasing
25.0,90.0,November,11,T2M,ALLSKY_SFC_SW_DWN,-0.0901,0.668296,-0.276,0.181756,False,False,0.3545,-0.1787,Opposite Directions
25.0,90.0,November,11,PRECTOTCORR,GWETTOP,0.1638,0.434021,0.1358,0.517574,False,False,0.0235,0.0312,Both Increasing
25.0,90.0,November,11,PRECTOTCORR,ALLSKY_SFC_SW_DWN,-0.0846,0.687536,-0.1952,0.349783,False,False,0.0235,-0.1787,Opposite Directions
25.0,90.0,November,11,GWETTOP,ALLSKY_SFC_SW_DWN,0.2735,0.185919,0.2456,0.236648,False,False,0.0312,-0.1787,Opposite Directions
25.0,90.0,December,12,T2M,PRECTOTCORR,0.3712,0.067724,0.3602,0.076962,False,False,0.2459,0.1246,Both Increasing
25.0,90.0,December,12,T2M,GWETTOP,-0.1078,0.608109,-0.1978,0.343332,False,False,0.2459,0.0391,Both Increasing
25.0,90.0,December,12,T2M,ALLSKY_SFC_SW_DWN,-0.0449,0.831338,-0.1562,0.45595,False,False,0.2459,-0.8158,Opposite Directions
25.0,90.0,December,12,PRECTOTCORR,GWETTOP,0.3486,0.087717,0.1022,0.626913,False,False,0.1246,0.0391,Both Increasing
25.0,90.0,December,12,PRECTOTCORR,ALLSKY_SFC_SW_DWN,0.0468,0.824061,0.0743,0.724094,False,False,0.1246,-0.8158,Opposite Directions
25.0,90.0,December,12,GWETTOP,ALLSKY_SFC_SW_DWN,0.1032,0.623358,0.1403,0.503564,False,False,0.0391,-0.8158,Opposite Directions
25.0,90.625,January,1,T2M,PRECTOTCORR,0.0778,0.711586,-0.1284,0.540881,False,False,0.2081,0.1203,Both Increasing
25.0,90.625,January,1,T2M,GWETTOP,-0.4705,0.017607,-0.4284,0.032627,True,True,0.2081,0.0406,Both Increasing
25.0,90.625,January,1,T2M,ALLSKY_SFC_SW_DWN,0.2156,0.300691,0.1319,0.529529,False,False,0.2081,-0.6658,Opposite Directions
25.0,90.625,January,1,PRECTOTCORR,GWETTOP,-0.002,0.992399,0.3138,0.126591,False,False,0.1203,0.0406,Both Increasing
25.0,90.625,January,1,PRECTOTCORR,ALLSKY_SFC_SW_DWN,-0.3765,0.063575,-0.7008,9.5e-05,False,True,0.1203,-0.6658,Opposite Directions
25.0,90.625,January,1,GWETTOP,ALLSKY_SFC_SW_DWN,-0.418,0.03761,-0.438,0.028532,True,True,0.0406,-0.6658,Opposite Directions
25.0,90.625,February,2,T2M,PRECTOTCORR,-0.0638,0.761975,-0.0381,0.856546,False,False,-0.2828,0.0664,Opposite Directions
25.0,90.625,February,2,T2M,GWETTOP,-0.4685,0.018172,-0.4513,0.02356,True,True,-0.2828,0.0255,Opposite Directions
25.0,90.625,February,2,T2M,ALLSKY_SFC_SW_DWN,0.2728,0.186984,0.3605,0.076705,False,False,-0.2828,-0.775,Both Decreasing
25.0,90.625,February,2,PRECTOTCORR,GWETTOP,0.0198,0.924975,-0.0518,0.805689,False,False,0.0664,0.0255,Both Increasing
25.0,90.625,February,2,PRECTOTCORR,ALLSKY_SFC_SW_DWN,-0.303,0.140884,-0.2843,0.168344,False,False,0.0664,-0.775,Opposite Directions
25.0,90.625,February,2,GWETTOP,ALLSKY_SFC_SW_DWN,-0.4772,0.015852,-0.4522,0.023227,True,True,0.0255,-0.775,Opposite Directions
25.0,90.625,March,3,T2M,PRECTOTCORR,-0.4067,0.043618,-0.1008,0.631678,True,False,-0.1556,0.4976,Opposite Directions
25.0,90.625,March,3,T2M,GWETTOP,-0.5861,0.002077,-0.4574,0.021506,True,True,-0.1556,0.0227,Opposite Directions
25.0,90.625,March,3,T2M,ALLSKY_SFC_SW_DWN,0.217,0.297556,0.1169,0.577727,False,False,-0.1556,-0.4558,Both Decreasing
25.0,90.625,March,3,PRECTOTCORR,GWETTOP,0.8254,0.0,0.7193,5.1e-05,True,True,0.4976,0.0227,Both Increasing
25.0,90.625,March,3,PRECTOTCORR,ALLSKY_SFC_SW_DWN,-0.8336,0.0,-0.7684,7e-06,True,True,0.4976,-0.4558,Opposite Directions
25.0,90.625,March,3,GWETTOP,ALLSKY_SFC_SW_DWN,-0.7022,9.1e-05,-0.5968,0.001637,True,True,0.0227,-0.4558,Opposite Directions
25.0,90.625,April,4,T2M,PRECTOTCORR,-0.7736,6e-06,-0.7775,5e-06,True,True,-0.2187,1.2828,Opposite Directions
25.0,90.625,April,4,T2M,GWETTOP,-0.7928,2e-06,-0.7812,4e-06,True,True,-0.2187,0.0385,Opposite Directions
25.0,90.625,April,4,T2M,ALLSKY_SFC_SW_DWN,0.7466,1.8e-05,0.6913,0.00013,True,True,-0.2187,-0.4346,Both Decreasing
25.0,90.625,April,4,PRECTOTCORR,GWETTOP,0.8797,0.0,0.7909,3e-06,True,True,1.2828,0.0385,Both Increasing
25.0,90.625,April,4,PRECTOTCORR,ALLSKY_SFC_SW_DWN,-0.8696,0.0,-0.9054,0.0,True,True,1.2828,-0.4346,Opposite Directions
25.0,90.625,April,4,GWETTOP,ALLSKY_SFC_SW_DWN,-0.7272,3.8e-05,-0.6577,0.000353,True,True,0.0385,-0.4346,Opposite Directions
25.0,90.625,May,5,T2M,PRECTOTCORR,-0.7084,7.4e-05,-0.7998,2e-06,True,True,-0.3835,6.2172,Opposite Directions
25.0,90.625,May,5,T2M,GWETTOP,-0.8709,0.0,-0.9082,0.0,True,True,-0.3835,0.0899,Opposite Directions
25.0,90.625,May,5,T2M,ALLSKY_SFC_SW_DWN,0.6766,0.000204,0.7422,2.2e-05,True,True,-0.3835,-0.6108,Both Decreasing
25.0,90.625,May,5,PRECTOTCORR,GWETTOP,0.8211,0.0,0.8433,0.0,True,True,6.2172,0.0899,Both Increasing
25.0,90.625,May,5,PRECTOTCORR,ALLSKY_SFC_SW_DWN,-0.6497,0.00044,-0.7313,3.3e-05,True,True,6.2172,-0.6108,Opposite Directions
25.0,90.625,May,5,GWETTOP,ALLSKY_SFC_SW_DWN,-0.6259,0.000817,-0.6718,0.000236,True,True,0.0899,-0.6108,Opposite Directions
25.0,90.625,June,6,T2M,PRECTOTCORR,-0.189,0.365604,-0.294,0.153703,False,False,0.0687,6.7959,Both Increasing
25.0,90.625,June,6,T2M,GWETTOP,-0.458,0.021306,-0.4532,0.02288,True,True,0.0687,0.0691,Both Increasing
25.0,90.625,June,6,T2M,ALLSKY_SFC_SW_DWN,0.2973,0.14897,0.2551,0.218352,False,False,0.0687,-0.0009,Opposite Directions
25.0,90.625,June,6,PRECTOTCORR,GWETTOP,0.7051,8.3e-05,0.7676,8e-06,True,True,6.7959,0.0691,Both Increasing
25.0,90.625,June,6,PRECTOTCORR,ALLSKY_SFC_SW_DWN,-0.527,0.006788,-0.4408,0.027431,True,True,6.7959,-0.0009,Opposite Directions
25.0,90.625,June,6,GWETTOP,ALLSKY_SFC_SW_DWN,-0.1549,0.459611,-0.0794,0.70603,False,False,0.0691,-0.0009,Opposite Directions
25.0,90.625,July,7,T2M,PRECTOTCORR,-0.1366,0.515014,-0.1696,0.417529,False,False,0.1781,3.2355,Both Increasing
25.0,90.625,July,7,T2M,GWETTOP,0.0046,0.982681,0.0069,0.973703,False,False,0.1781,0.0298,Both Increasing
25.0,90.625,July,7,T2M,ALLSKY_SFC_SW_DWN,0.3726,0.06657,0.4717,0.017285,False,True,0.1781,0.4916,Both Increasing
25.0,90.625,July,7,PRECTOTCORR,GWETTOP,0.7102,7e-05,0.7592,1.1e-05,True,True,3.2355,0.0298,Both Increasing
25.0,90.625,July,7,PRECTOTCORR,ALLSKY_SFC_SW_DWN,-0.4314,0.031313,-0.5624,0.003429,True,True,3.2355,0.4916,Both Increasing
25.0,90.625,July,7,GWETTOP,ALLSKY_SFC_SW_DWN,-0.2562,0.216373,-0.3299,0.107331,False,False,0.0298,0.4916,Both Increasing
25.0,90.625,August,8,T2M,PRECTOTCORR,-0.2351,0.258015,-0.334,0.102689,False,False,0.0358,3.7555,Both Increasing
25.0,90.625,August,8,T2M,GWETTOP,-0.0407,0.84694,-0.0564,0.788884,False,False,0.0358,0.021,Both Increasing
25.0,90.625,August,8,T2M,ALLSKY_SFC_SW_DWN,0.383,0.058811,0.3329,0.103956,False,False,0.0358,-0.7306,Opposite Directions
25.0,90.625,August,8,PRECTOTCORR,GWETTOP,0.7614,1e-05,0.7522,1.4e-05,True,True,3.7555,0.021,Both Increasing
25.0,90.625,August,8,PRECTOTCORR,ALLSKY_SFC_SW_DWN,-0.7435,2.1e-05,-0.8154,1e-06,True,True,3.7555,-0.7306,Opposite Directions
25.0,90.625,August,8,GWETTOP,ALLSKY_SFC_SW_DWN,-0.5374,0.005603,-0.5495,0.004438,True,True,0.021,-0.7306,Opposite Directions
25.0,90.625,September,9,T2M,PRECTOTCORR,0.1452,0.488478,0.2713,0.189653,False,False,0.395,2.0807,Both Increasing
25.0,90.625,September,9,T2M,GWETTOP,0.2281,0.272767,0.3671,0.071046,False,False,0.395,0.0197,Both Increasing
25.0,90.625,September,9,T2M,ALLSKY_SFC_SW_DWN,0.1354,0.51868,-0.0585,0.781171,False,False,0.395,-0.1553,Opposite Directions
25.0,90.625,September,9,PRECTOTCORR,GWETTOP,0.6987,0.000102,0.7463,1.8e-05,True,True,2.0807,0.0197,Both Increasing
25.0,90.625,September,9,PRECTOTCORR,ALLSKY_SFC_SW_DWN,-0.6633,0.000301,-0.641,0.000555,True,True,2.0807,-0.1553,Opposite Directions
25.0,90.625,September,9,GWETTOP,ALLSKY_SFC_SW_DWN,-0.401,0.046985,-0.4327,0.030747,True,True,0.0197,-0.1553,Opposite Directions
25.0,90.625,October,10,T2M,PRECTOTCORR,0.1995,0.339028,0.1431,0.49506,False,False,0.3697,1.8962,Both Increasing
25.0,90.625,October,10,T2M,GWETTOP,0.2073,0.319997,0.2465,0.234942,False,False,0.3697,0.0182,Both Increasing
25.0,90.625,October,10,T2M,ALLSKY_SFC_SW_DWN,-0.1953,0.349535,-0.1755,0.401534,False,False,0.3697,-0.4423,Opposite Directions
25.0,90.625,October,10,PRECTOTCORR,GWETTOP,0.88,0.0,0.9025,0.0,True,True,1.8962,0.0182,Both Increasing
25.0,90.625,October,10,PRECTOTCORR,ALLSKY_SFC_SW_DWN,-0.732,3.2e-05,-0.8215,0.0,True,True,1.8962,-0.4423,Opposite Directions
25.0,90.625,October,10,GWETTOP,ALLSKY_SFC_SW_DWN,-0.6772,0.000201,-0.6933,0.000122,True,True,0.0182,-0.4423,Opposite Directions
25.0,90.625,November,11,T2M,PRECTOTCORR,-0.0104,0.960832,0.0337,0.873021,False,False,0.308,-0.0551,Opposite Directions
25.0,90.625,November,11,T2M,GWETTOP,0.0647,0.758547,0.1649,0.430873,False,False,0.308,0.0294,Both Increasing
25.0,90.625,November,11,T2M,ALLSKY_SFC_SW_DWN,-0.1798,0.389661,-0.189,0.365493,False,False,0.308,-0.1464,Opposite Directions
25.0,90.625,November,11,PRECTOTCORR,GWETTOP,0.1828,0.381724,0.1882,0.367542,False,False,-0.0551,0.0294,Opposite Directions
25.0,90.625,November,11,PRECTOTCORR,ALLSKY_SFC_SW_DWN,-0.1738,0.40605,-0.2745,0.184216,False,False,-0.0551,-0.1464,Both Decreasing
25.0,90.625,November,11,GWETTOP,ALLSKY_SFC_SW_DWN,0.2213,0.28784,0.2639,0.202439,False,False,0.0294,-0.1464,Opposite Directions
25.0,90.625,December,12,T2M,PRECTOTCORR,0.2903,0.159241,0.3063,0.136489,False,False,0.1666,0.0717,Both Increasing
25.0,90.625,December,12,T2M,GWETTOP,-0.1039,0.621027,-0.2196,0.291629,False,False,0.1666,0.041,Both Increasing
25.0,90.625,December,12,T2M,ALLSKY_SFC_SW_DWN,0.0285,0.892244,-0.1039,0.621113,False,False,0.1666,-0.7508,Opposite Directions
25.0,90.625,December,12,PRECTOTCORR,GWETTOP,0.3983,0.048609,0.1744,0.404406,True,False,0.0717,0.041,Both Increasing
25.0,90.625,December,12,PRECTOTCORR,ALLSKY_SFC_SW_DWN,0.0728,0.729457,-0.0162,0.938746,False,False,0.0717,-0.7508,Opposite Directions
25.0,90.625,December,12,GWETTOP,ALLSKY_SFC_SW_DWN,0.137,0.513836,0.075,0.721474,False,False,0.041,-0.7508,Opposite Directions
25.0,91.25,January,1,T2M,PRECTOTCORR,-0.056,0.790162,-0.2754,0.182687,False,False,0.2147,0.0668,Both Increasing
25.0,91.25,January,1,T2M,GWETTOP,-0.3203,0.118583,-0.3363,0.100239,False,False,0.2147,0.0275,Both Increasing
25.0,91.25,January,1,T2M,ALLSKY_SFC_SW_DWN,0.2876,0.163286,0.2566,0.215674,False,False,0.2147,-0.4031,Opposite Directions
25.0,91.25,January,1,PRECTOTCORR,GWETTOP,0.1208,0.565323,0.2577,0.213619,False,False,0.0668,0.0275,Both Increasing
25.0,91.25,January,1,PRECTOTCORR,ALLSKY_SFC_SW_DWN,-0.48,0.015179,-0.7626,9e-06,True,True,0.0668,-0.4031,Opposite Directions
25.0,91.25,January,1,GWETTOP,ALLSKY_SFC_SW_DWN,-0.2582,0.212641,-0.3503,0.086047,False,False,0.0275,-0.4031,Opposite Directions
25.0,91.25,February,2,T2M,PRECTOTCORR,0.0621,0.768247,0.0058,0.978152,False,False,-0.3262,0.1234,Opposite Directions
25.0,91.25,February,2,T2M,GWETTOP,-0.4266,0.033438,-0.4892,0.013072,True,True,-0.3262,0.0338,Opposite Directions
25.0,91.25,February,2,T2M,ALLSKY_SFC_SW_DWN,0.2977,0.148313,0.4271,0.033228,False,True,-0.3262,-0.6235,Both Decreasing
25.0,91.25,February,2,PRECTOTCORR,GWETTOP,0.1938,0.353337,0.118,0.57417,False,False,0.1234,0.0338,Both Increasing
25.0,91.25,February,2,PRECTOTCORR,ALLSKY_SFC_SW_DWN,-0.3055,0.137542,-0.5216,0.007487,False,True,0.1234,-0.6235,Opposite Directions
25.0,91.25,February,2,GWETTOP,ALLSKY_SFC_SW_DWN,-0.3899,0.054001,-0.349,0.087267,False,False,0.0338,-0.6235,Opposite Directions
25.0,91.25,March,3,T2M,PRECTOTCORR,-0.3667,0.071405,-0.2108,0.311867,False,False,-0.2347,0.5958,Opposite Directions
25.0,91.25,March,3,T2M,GWETTOP,-0.6352,0.000645,-0.6132,0.001118,True,True,-0.2347,0.0356,Opposite Directions
25.0,91.25,March,3,T2M,ALLSKY_SFC_SW_DWN,0.2862,0.165526,0.2759,0.181931,False,False,-0.2347,-0.2746,Both Decreasing
25.0,91.25,March,3,PRECTOTCORR,GWETTOP,0.7444,2e-05,0.6785,0.000193,True,True,0.5958,0.0356,Both Increasing
25.0,91.25,March,3,PRECTOTCORR,ALLSKY_SFC_SW_DWN,-0.8288,0.0,-0.8276,0.0,True,True,0.5958,-0.2746,Opposite Directions
25.0,91.25,March,3,GWETTOP,ALLSKY_SFC_SW_DWN,-0.5944,0.001727,-0.5615,0.003491,True,True,0.0356,-0.2746,Opposite Directions
25.0,91.25,April,4,T2M,PRECTOTCORR,-0.6059,0.001327,-0.6939,0.00012,True,True,-0.173,2.4448,Opposite Directions
25.0,91.25,April,4,T2M,GWETTOP,-0.7498,1.6e-05,-0.7348,2.9e-05,True,True,-0.173,0.0495,Opposite Directions
25.0,91.25,April,4,T2M,ALLSKY_SFC_SW_DWN,0.6656,0.000282,0.6894,0.000138,True,True,-0.173,-0.2465,Both Decreasing
25.0,91.25,April,4,PRECTOTCORR,GWETTOP,0.8594,0.0,0.7668,8e-06,True,True,2.4448,0.0495,Both Increasing
25.0,91.25,April,4,PRECTOTCORR,ALLSKY_SFC_SW_DWN,-0.862,0.0,-0.9423,0.0,True,True,2.4448,-0.2465,Opposite Directions
25.0,91.25,April,4,GWETTOP,ALLSKY_SFC_SW_DWN,-0.6793,0.000189,-0.6731,0.000227,True,True,0.0495,-0.2465,Opposite Directions
25.0,91.25,May,5,T2M,PRECTOTCORR,-0.5207,0.007617,-0.589,0.001952,True,True,-0.1478,8.1544,Opposite Directions
25.0,91.25,May,5,T2M,GWETTOP,-0.7213,4.7e-05,-0.705,8.3e-05,True,True,-0.1478,0.0699,Opposite Directions
25.0,91.25,May,5,T2M,ALLSKY_SFC_SW_DWN,0.6324,0.000695,0.645,0.0005,True,True,-0.1478,-0.5157,Both Decreasing
25.0,91.25,May,5,PRECTOTCORR,GWETTOP,0.7544,1.3e-05,0.7917,2e-06,True,True,8.1544,0.0699,Both Increasing
25.0,91.25,May,5,PRECTOTCORR,ALLSKY_SFC_SW_DWN,-0.6659,0.00028,-0.6822,0.000173,True,True,8.1544,-0.5157,Opposite Directions
25.0,91.25,May,5,GWETTOP,ALLSKY_SFC_SW_DWN,-0.5507,0.004338,-0.5223,0.007394,True,True,0.0699,-0.5157,Opposite Directions
25.0,91.25,June,6,T2M,PRECTOTCORR,-0.198,0.342678,-0.1962,0.347356,False,False,0.0782,10.8439,Both Increasing
25.0,91.25,June,6,T2M,GWETTOP,-0.238,0.252005,-0.2388,0.250377,False,False,0.0782,0.0555,Both Increasing
25.0,91.25,June,6,T2M,ALLSKY_SFC_SW_DWN,0.3989,0.048231,0.3415,0.094733,True,False,0.0782,-0.3324,Opposite Directions
25.0,91.25,June,6,PRECTOTCORR,GWETTOP,0.7006,9.6e-05,0.761,1e-05,True,True,10.8439,0.0555,Both Increasing
25.0,91.25,June,6,PRECTOTCORR,ALLSKY_SFC_SW_DWN,-0.662,0.000313,-0.6869,0.000149,True,True,10.8439,-0.3324,Opposite Directions
25.0,91.25,June,6,GWETTOP,ALLSKY_SFC_SW_DWN,-0.2665,0.197901,-0.2646,0.201162,False,False,0.0555,-0.3324,Opposite Directions
25.0,91.25,July,7,T2M,PRECTOTCORR,-0.1065,0.612331,-0.1489,0.477471,False,False,0.1886,5.8912,Both Increasing
25.0,91.25,July,7,T2M,GWETTOP,-0.0349,0.868359,-0.0281,0.893986,False,False,0.1886,0.0255,Both Increasing
25.0,91.25,July,7,T2M,ALLSKY_SFC_SW_DWN,0.5455,0.004797,0.5633,0.003368,True,True,0.1886,0.3851,Both Increasing
25.0,91.25,July,7,PRECTOTCORR,GWETTOP,0.7666,8e-06,0.831,0.0,True,True,5.8912,0.0255,Both Increasing
25.0,91.25,July,7,PRECTOTCORR,ALLSKY_SFC_SW_DWN,-0.4424,0.0268,-0.5369,0.005651,True,True,5.8912,0.3851,Both Increasing
25.0,91.25,July,7,GWETTOP,ALLSKY_SFC_SW_DWN,-0.2953,0.151871,-0.3303,0.106827,False,False,0.0255,0.3851,Both Increasing
25.0,91.25,August,8,T2M,PRECTOTCORR,-0.2838,0.1692,-0.3652,0.072628,False,False,-0.0246,6.9145,Opposite Directions
25.0,91.25,August,8,T2M,GWETTOP,-0.1545,0.460957,-0.149,0.477076,False,False,-0.0246,0.0201,Opposite Directions
25.0,91.25,August,8,T2M,ALLSKY_SFC_SW_DWN,0.4784,0.015553,0.5031,0.010366,True,True,-0.0246,-0.998,Both Decreasing
25.0,91.25,August,8,PRECTOTCORR,GWETTOP,0.8172,1e-06,0.8361,0.0,True,True,6.9145,0.0201,Both Increasing
25.0,91.25,August,8,PRECTOTCORR,ALLSKY_SFC_SW_DWN,-0.7338,3e-05,-0.8109,1e-06,True,True,6.9145,-0.998,Opposite Directions
25.0,91.25,August,8,GWETTOP,ALLSKY_SFC_SW_DWN,-0.5962,0.00166,-0.5737,0.002712,True,True,0.0201,-0.998,Opposite Directions
25.0,91.25,September,9,T2M,PRECTOTCORR,0.059,0.779312,0.1166,0.578841,False,False,0.3794,4.0686,Both Increasing
25.0,91.25,September,9,T2M,GWETTOP,0.0251,0.905046,0.1983,0.341906,False,False,0.3794,0.02,Both Increasing
25.0,91.25,September,9,T2M,ALLSKY_SFC_SW_DWN,0.2793,0.176352,0.1812,0.385976,False,False,0.3794,-0.0364,Opposite Directions
25.0,91.25,September,9,PRECTOTCORR,GWETTOP,0.7533,1.4e-05,0.7967,2e-06,True,True,4.0686,0.02,Both Increasing
25.0,91.25,September,9,PRECTOTCORR,ALLSKY_SFC_SW_DWN,-0.5903,0.001893,-0.5786,0.002447,True,True,4.0686,-0.0364,Opposite Directions
25.0,91.25,September,9,GWETTOP,ALLSKY_SFC_SW_DWN,-0.4855,0.013884,-0.5397,0.005362,True,True,0.02,-0.0364,Opposite Directions
25.0,91.25,October,10,T2M,PRECTOTCORR,0.2218,0.286721,0.1151,0.583897,False,False,0.3022,2.8572,Both Increasing
25.0,91.25,October,10,T2M,GWETTOP,0.1863,0.372628,0.2047,0.326318,False,False,0.3022,0.0191,Both Increasing
25.0,91.25,October,10,T2M,ALLSKY_SFC_SW_DWN,-0.0735,0.726831,-0.0135,0.949059,False,False,0.3022,-0.2568,Opposite Directions
25.0,91.25,October,10,PRECTOTCORR,GWETTOP,0.894,0.0,0.9108,0.0,True,True,2.8572,0.0191,Both Increasing
25.0,91.25,October,10,PRECTOTCORR,ALLSKY_SFC_SW_DWN,-0.6545,0.000386,-0.7274,3.8e-05,True,True,2.8572,-0.2568,Opposite Directions
25.0,91.25,October,10,GWETTOP,ALLSKY_SFC_SW_DWN,-0.5814,0.002303,-0.5528,0.004161,True,True,0.0191,-0.2568,Opposite Directions
25.0,91.25,November,11,T2M,PRECTOTCORR,0.1287,0.539687,0.159,0.447678,False,False,0.3121,-0.0963,Opposite Directions
25.0,91.25,November,11,T2M,GWETTOP,0.3581,0.078776,0.4703,0.017677,False,True,0.3121,0.0223,Both Increasing
25.0,91.25,November,11,T2M,ALLSKY_SFC_SW_DWN,-0.182,0.383963,-0.1698,0.417165,False,False,0.3121,0.0073,Both Increasing
25.0,91.25,November,11,PRECTOTCORR,GWETTOP,0.2002,0.337213,0.274,0.1851,False,False,-0.0963,0.0223,Opposite Directions
25.0,91.25,November,11,PRECTOTCORR,ALLSKY_SFC_SW_DWN,-0.4865,0.013669,-0.6132,0.001116,True,True,-0.0963,0.0073,Opposite Directions
25.0,91.25,November,11,GWETTOP,ALLSKY_SFC_SW_DWN,0.0299,0.887303,-0.012,0.954594,False,False,0.0223,0.0073,Both Increasing
25.0,91.25,December,12,T2M,PRECTOTCORR,0.2699,0.192035,0.3605,0.076691,False,False,0.1813,-0.0085,Opposite Directions
25.0,91.25,December,12,T2M,GWETTOP,0.1212,0.563799,0.0651,0.757028,False,False,0.1813,0.0243,Both Increasing
25.0,91.25,December,12,T2M,ALLSKY_SFC_SW_DWN,-0.0106,0.959895,-0.2216,0.287108,False,False,0.1813,-0.4819,Opposite Directions
25.0,91.25,December,12,PRECTOTCORR,GWETTOP,0.3866,0.05628,0.1151,0.583679,False,False,-0.0085,0.0243,Opposite Directions
25.0,91.25,December,12,PRECTOTCORR,ALLSKY_SFC_SW_DWN,-0.1076,0.608821,-0.1405,0.502797,False,False,-0.0085,-0.4819,Both Decreasing
25.0,91.25,December,12,GWETTOP,ALLSKY_SFC_SW_DWN,0.1067,0.611728,0.0997,0.635279,False,False,0.0243,-0.4819,Opposite Directions
25.0,91.875,January,1,T2M,PRECTOTCORR,-0.0584,0.781733,-0.2274,0.274204,False,False,0.2338,0.0729,Both Increasing
25.0,91.875,January,1,T2M,GWETTOP,-0.1997,0.338486,-0.2854,0.166671,False,False,0.2338,0.0238,Both Increasing
25.0,91.875,January,1,T2M,ALLSKY_SFC_SW_DWN,0.2587,0.211848,0.2551,0.218444,False,False,0.2338,-0.4031,Opposite Directions
25.0,91.875,January,1,PRECTOTCORR,GWETTOP,0.1354,0.518632,0.0738,0.725951,False,False,0.0729,0.0238,Both Increasing
25.0,91.875,January,1,PRECTOTCORR,ALLSKY_SFC_SW_DWN,-0.49,0.012897,-0.7266,3.9e-05,True,True,0.0729,-0.4031,Opposite Directions
25.0,91.875,January,1,GWETTOP,ALLSKY_SFC_SW_DWN,-0.2199,0.290955,-0.2541,0.220374,False,False,0.0238,-0.4031,Opposite Directions
25.0,91.875,February,2,T2M,PRECTOTCORR,0.1114,0.596044,0.01,0.96214,False,False,-0.1779,0.095,Opposite Directions
25.0,91.875,February,2,T2M,GWETTOP,-0.1892,0.365146,-0.1971,0.345092,False,False,-0.1779,0.0275,Opposite Directions
25.0,91.875,February,2,T2M,ALLSKY_SFC_SW_DWN,0.2247,0.280267,0.3497,0.08656,False,False,-0.1779,-0.6235,Both Decreasing
25.0,91.875,February,2,PRECTOTCORR,GWETTOP,0.2119,0.309219,0.1212,0.563719,False,False,0.095,0.0275,Both Increasing
25.0,91.875,February,2,PRECTOTCORR,ALLSKY_SFC_SW_DWN,-0.3071,0.135439,-0.5424,0.005089,False,True,0.095,-0.6235,Opposite Directions
25.0,91.875,February,2,GWETTOP,ALLSKY_SFC_SW_DWN,-0.4107,0.041441,-0.3672,0.071003,True,False,0.0275,-0.6235,Opposite Directions
25.0,91.875,March,3,T2M,PRECTOTCORR,-0.25,0.228199,-0.1558,0.456986,False,False,-0.1292,0.5514,Opposite Directions
25.0,91.875,March,3,T2M,GWETTOP,-0.5332,0.00606,-0.5491,0.004476,True,True,-0.1292,0.0405,Opposite Directions
25.0,91.875,March,3,T2M,ALLSKY_SFC_SW_DWN,0.2132,0.306153,0.2373,0.253484,False,False,-0.1292,-0.2746,Both Decreasing
25.0,91.875,March,3,PRECTOTCORR,GWETTOP,0.6942,0.000119,0.6219,0.000903,True,True,0.5514,0.0405,Both Increasing
25.0,91.875,March,3,PRECTOTCORR,ALLSKY_SFC_SW_DWN,-0.8325,0.0,-0.8066,1e-06,True,True,0.5514,-0.2746,Opposite Directions
25.0,91.875,March,3,GWETTOP,ALLSKY_SFC_SW_DWN,-0.5645,0.003284,-0.5121,0.008862,True,True,0.0405,-0.2746,Opposite Directions
25.0,91.875,April,4,T2M,PRECTOTCORR,-0.4988,0.011142,-0.5959,0.001671,True,True,-0.0873,2.4265,Opposite Directions
25.0,91.875,April,4,T2M,GWETTOP,-0.6485,0.000455,-0.5861,0.00208,True,True,-0.0873,0.0468,Opposite Directions
25.0,91.875,April,4,T2M,ALLSKY_SFC_SW_DWN,0.6331,0.000683,0.6587,0.000343,True,True,-0.0873,-0.2465,Both Decreasing
25.0,91.875,April,4,PRECTOTCORR,GWETTOP,0.8532,0.0,0.7818,4e-06,True,True,2.4265,0.0468,Both Increasing
25.0,91.875,April,4,PRECTOTCORR,ALLSKY_SFC_SW_DWN,-0.8606,0.0,-0.9336,0.0,True,True,2.4265,-0.2465,Opposite Directions
25.0,91.875,April,4,GWETTOP,ALLSKY_SFC_SW_DWN,-0.686,0.000154,-0.6829,0.000169,True,True,0.0468,-0.2465,Opposite Directions
25.0,91.875,May,5,T2M,PRECTOTCORR,-0.4567,0.021729,-0.4737,0.016749,True,True,-0.1233,8.148,Opposite Directions
25.0,91.875,May,5,T2M,GWETTOP,-0.5634,0.003361,-0.4923,0.012429,True,True,-0.1233,0.0652,Opposite Directions
25.0,91.875,May,5,T2M,ALLSKY_SFC_SW_DWN,0.6363,0.000628,0.6244,0.000848,True,True,-0.1233,-0.5157,Both Decreasing
25.0,91.875,May,5,PRECTOTCORR,GWETTOP,0.7475,1.7e-05,0.8046,1e-06,True,True,8.148,0.0652,Both Increasing
25.0,91.875,May,5,PRECTOTCORR,ALLSKY_SFC_SW_DWN,-0.6703,0.000246,-0.6733,0.000225,True,True,8.148,-0.5157,Opposite Directions
25.0,91.875,May,5,GWETTOP,ALLSKY_SFC_SW_DWN,-0.5282,0.006647,-0.4941,0.012056,True,True,0.0652,-0.5157,Opposite Directions
25.0,91.875,June,6,T2M,PRECTOTCORR,-0.2947,0.15265,-0.298,0.14795,False,False,0.0412,11.2678,Both Increasing
25.0,91.875,June,6,T2M,GWETTOP,-0.2801,0.17511,-0.3011,0.143624,False,False,0.0412,0.0548,Both Increasing
25.0,91.875,June,6,T2M,ALLSKY_SFC_SW_DWN,0.4344,0.030021,0.3554,0.08122,True,False,0.0412,-0.3324,Opposite Directions
25.0,91.875,June,6,PRECTOTCORR,GWETTOP,0.6935,0.000121,0.7565,1.2e-05,True,True,11.2678,0.0548,Both Increasing
25.0,91.875,June,6,PRECTOTCORR,ALLSKY_SFC_SW_DWN,-0.6693,0.000254,-0.6938,0.00012,True,True,11.2678,-0.3324,Opposite Directions
25.0,91.875,June,6,GWETTOP,ALLSKY_SFC_SW_DWN,-0.261,0.207622,-0.2842,0.168605,False,False,0.0548,-0.3324,Opposite Directions
25.0,91.875,July,7,T2M,PRECTOTCORR,-0.1612,0.441561,-0.1875,0.369483,False,False,0.188,5.9892,Both Increasing
25.0,91.875,July,7,T2M,GWETTOP,-0.0432,0.837522,-0.1185,0.572523,False,False,0.188,0.0265,Both Increasing
25.0,91.875,July,7,T2M,ALLSKY_SFC_SW_DWN,0.5825,0.002248,0.5867,0.00205,True,True,0.188,0.3851,Both Increasing
25.0,91.875,July,7,PRECTOTCORR,GWETTOP,0.7384,2.5e-05,0.8564,0.0,True,True,5.9892,0.0265,Both Increasing
25.0,91.875,July,7,PRECTOTCORR,ALLSKY_SFC_SW_DWN,-0.4317,0.031156,-0.5277,0.006708,True,True,5.9892,0.3851,Both Increasing
25.0,91.875,July,7,GWETTOP,ALLSKY_SFC_SW_DWN,-0.2057,0.323823,-0.2488,0.230333,False,False,0.0265,0.3851,Both Increasing
25.0,91.875,August,8,T2M,PRECTOTCORR,-0.4069,0.043502,-0.542,0.005129,True,True,-0.0781,7.0785,Opposite Directions
25.0,91.875,August,8,T2M,GWETTOP,-0.2653,0.199934,-0.253,0.222453,False,False,-0.0781,0.0192,Opposite Directions
25.0,91.875,August,8,T2M,ALLSKY_SFC_SW_DWN,0.6538,0.000394,0.6756,0.00021,True,True,-0.0781,-0.998,Both Decreasing
25.0,91.875,August,8,PRECTOTCORR,GWETTOP,0.7824,4e-06,0.7677,7e-06,True,True,7.0785,0.0192,Both Increasing
25.0,91.875,August,8,PRECTOTCORR,ALLSKY_SFC_SW_DWN,-0.7304,3.4e-05,-0.8286,0.0,True,True,7.0785,-0.998,Opposite Directions
25.0,91.875,August,8,GWETTOP,ALLSKY_SFC_SW_DWN,-0.5485,0.004525,-0.5182,0.007958,True,True,0.0192,-0.998,Opposite Directions
25.0,91.875,September,9,T2M,PRECTOTCORR,-0.0209,0.92085,0.0404,0.847948,False,False,0.3692,4.4242,Both Increasing
25.0,91.875,September,9,T2M,GWETTOP,-0.0802,0.703133,0.07,0.739525,False,False,0.3692,0.0213,Both Increasing
25.0,91.875,September,9,T2M,ALLSKY_SFC_SW_DWN,0.3726,0.066635,0.2832,0.170153,False,False,0.3692,-0.0364,Opposite Directions
25.0,91.875,September,9,PRECTOTCORR,GWETTOP,0.7906,3e-06,0.8679,0.0,True,True,4.4242,0.0213,Both Increasing
25.0,91.875,September,9,PRECTOTCORR,ALLSKY_SFC_SW_DWN,-0.5767,0.002545,-0.5369,0.005651,True,True,4.4242,-0.0364,Opposite Directions
25.0,91.875,September,9,GWETTOP,ALLSKY_SFC_SW_DWN,-0.4698,0.017807,-0.5433,0.005004,True,True,0.0213,-0.0364,Opposite Directions
25.0,91.875,October,10,T2M,PRECTOTCORR,0.2599,0.209671,0.1543,0.461498,False,False,0.3112,3.1504,Both Increasing
25.0,91.875,October,10,T2M,GWETTOP,0.2585,0.212165,0.2577,0.213632,False,False,0.3112,0.0214,Both Increasing
25.0,91.875,October,10,T2M,ALLSKY_SFC_SW_DWN,-0.1379,0.510845,-0.0604,0.774279,False,False,0.3112,-0.2568,Opposite Directions
25.0,91.875,October,10,PRECTOTCORR,GWETTOP,0.8768,0.0,0.8954,0.0,True,True,3.1504,0.0214,Both Increasing
25.0,91.875,October,10,PRECTOTCORR,ALLSKY_SFC_SW_DWN,-0.6357,0.000639,-0.7198,5e-05,True,True,3.1504,-0.2568,Opposite Directions
25.0,91.875,October,10,GWETTOP,ALLSKY_SFC_SW_DWN,-0.5542,0.004044,-0.5342,0.005942,True,True,0.0214,-0.2568,Opposite Directions
25.0,91.875,November,11,T2M,PRECTOTCORR,0.2468,0.234266,0.256,0.216827,False,False,0.3068,-0.1244,Opposite Directions
25.0,91.875,November,11,T2M,GWETTOP,0.4757,0.016234,0.584,0.002176,True,True,0.3068,0.0215,Both Increasing
25.0,91.875,November,11,T2M,ALLSKY_SFC_SW_DWN,-0.2303,0.268151,-0.222,0.28625,False,False,0.3068,0.0073,Both Increasing
25.0,91.875,November,11,PRECTOTCORR,GWETTOP,0.1529,0.465489,0.1879,0.368402,False,False,-0.1244,0.0215,Opposite Directions
25.0,91.875,November,11,PRECTOTCORR,ALLSKY_SFC_SW_DWN,-0.4733,0.016851,-0.6164,0.001035,True,True,-0.1244,0.0073,Opposite Directions
25.0,91.875,November,11,GWETTOP,ALLSKY_SFC_SW_DWN,0.0529,0.801593,0.0169,0.936242,False,False,0.0215,0.0073,Both Increasing
25.0,91.875,December,12,T2M,PRECTOTCORR,0.1992,0.339832,0.168,0.42209,False,False,0.1848,-0.0697,Opposite Directions
25.0,91.875,December,12,T2M,GWETTOP,0.1345,0.521548,0.08,0.703876,False,False,0.1848,0.0205,Both Increasing
25.0,91.875,December,12,T2M,ALLSKY_SFC_SW_DWN,-0.0163,0.938175,-0.12,0.56761,False,False,0.1848,-0.4819,Opposite Directions
25.0,91.875,December,12,PRECTOTCORR,GWETTOP,0.3301,0.107067,-0.0016,0.994085,False,False,-0.0697,0.0205,Opposite Directions
25.0,91.875,December,12,PRECTOTCORR,ALLSKY_SFC_SW_DWN,-0.0945,0.653136,-0.1294,0.537485,False,False,-0.0697,-0.4819,Both Decreasing
25.0,91.875,December,12,GWETTOP,ALLSKY_SFC_SW_DWN,0.0219,0.917157,0.0398,0.850236,False,False,0.0205,-0.4819,Opposite Directions
24.5,88.75,January,1,T2M,PRECTOTCORR,-0.1497,0.47507,0.0757,0.719004,False,False,0.1662,0.2575,Both Increasing
24.5,88.75,January,1,T2M,GWETTOP,-0.4302,0.031817,-0.4092,0.042248,True,True,0.1662,0.0567,Both Increasing
24.5,88.75,January,1,T2M,ALLSKY_SFC_SW_DWN,-0.1423,0.497426,-0.1908,0.361011,False,False,0.1662,-0.7702,Opposite Directions
24.5,88.75,January,1,PRECTOTCORR,GWETTOP,0.3876,0.055537,0.2494,0.229216,False,False,0.2575,0.0567,Both Increasing
24.5,88.75,January,1,PRECTOTCORR,ALLSKY_SFC_SW_DWN,-0.6236,0.000867,-0.5437,0.004965,True,True,0.2575,-0.7702,Opposite Directions
24.5,88.75,January,1,GWETTOP,ALLSKY_SFC_SW_DWN,-0.3098,0.131774,-0.2873,0.163745,False,False,0.0567,-0.7702,Opposite Directions
24.5,88.75,February,2,T2M,PRECTOTCORR,-0.2631,0.203759,-0.181,0.38663,False,False,-0.3141,0.1474,Opposite Directions
24.5,88.75,February,2,T2M,GWETTOP,-0.5847,0.002141,-0.4114,0.041021,True,True,-0.3141,0.0422,Opposite Directions
24.5,88.75,February,2,T2M,ALLSKY_SFC_SW_DWN,0.2719,0.188611,0.2194,0.291905,False,False,-0.3141,-0.6452,Both Decreasing
24.5,88.75,February,2,PRECTOTCORR,GWETTOP,0.2414,0.24503,0.0819,0.697188,False,False,0.1474,0.0422,Both Increasing
24.5,88.75,February,2,PRECTOTCORR,ALLSKY_SFC_SW_DWN,-0.4932,0.01224,-0.5506,0.004346,True,True,0.1474,-0.6452,Opposite Directions
24.5,88.75,February,2,GWETTOP,ALLSKY_SFC_SW_DWN,-0.4605,0.02053,-0.4399,0.027791,True,True,0.0422,-0.6452,Opposite Directions
24.5,88.75,March,3,T2M,PRECTOTCORR,-0.3844,0.057772,-0.2282,0.272656,False,False,-0.236,0.1083,Opposite Directions
24.5,88.75,March,3,T2M,GWETTOP,-0.6365,0.000625,-0.6161,0.001041,True,True,-0.236,0.0412,Opposite Directions
24.5,88.75,March,3,T2M,ALLSKY_SFC_SW_DWN,0.1892,0.364962,0.1616,0.440185,False,False,-0.236,-0.6566,Both Decreasing
24.5,88.75,March,3,PRECTOTCORR,GWETTOP,0.4041,0.045144,0.2358,0.256502,True,False,0.1083,0.0412,Both Increasing
24.5,88.75,March,3,PRECTOTCORR,ALLSKY_SFC_SW_DWN,-0.7044,8.5e-05,-0.5716,0.002834,True,True,0.1083,-0.6566,Opposite Directions
24.5,88.75,March,3,GWETTOP,ALLSKY_SFC_SW_DWN,-0.4951,0.011868,-0.525,0.00704,True,True,0.0412,-0.6566,Opposite Directions
24.5,88.75,April,4,T2M,PRECTOTCORR,-0.8211,0.0,-0.8423,0.0,True,True,-0.2378,0.3649,Opposite Directions
24.5,88.75,April,4,T2M,GWETTOP,-0.8591,0.0,-0.8343,0.0,True,True,-0.2378,0.0252,Opposite Directions
24.5,88.75,April,4,T2M,ALLSKY_SFC_SW_DWN,0.6316,0.000709,0.5955,0.001686,True,True,-0.2378,-0.6395,Both Decreasing
24.5,88.75,April,4,PRECTOTCORR,GWETTOP,0.8824,0.0,0.8683,0.0,True,True,0.3649,0.0252,Both Increasing
24.5,88.75,April,4,PRECTOTCORR,ALLSKY_SFC_SW_DWN,-0.6173,0.001012,-0.7186,5.2e-05,True,True,0.3649,-0.6395,Opposite Directions
24.5,88.75,April,4,GWETTOP,ALLSKY_SFC_SW_DWN,-0.6896,0.000137,-0.6319,0.000702,True,True,0.0252,-0.6395,Opposite Directions
24.5,88.75,May,5,T2M,PRECTOTCORR,-0.774,6e-06,-0.8023,1e-06,True,True,-0.8448,2.2641,Opposite Directions
24.5,88.75,May,5,T2M,GWETTOP,-0.9715,0.0,-0.9589,0.0,True,True,-0.8448,0.0636,Opposite Directions
24.5,88.75,May,5,T2M,ALLSKY_SFC_SW_DWN,0.6619,0.000314,0.6746,0.000217,True,True,-0.8448,-0.9054,Both Decreasing
24.5,88.75,May,5,PRECTOTCORR,GWETTOP,0.7674,8e-06,0.8437,0.0,True,True,2.2641,0.0636,Both Increasing
24.5,88.75,May,5,PRECTOTCORR,ALLSKY_SFC_SW_DWN,-0.7035,8.7e-05,-0.7569,1.2e-05,True,True,2.2641,-0.9054,Opposite Directions
24.5,88.75,May,5,GWETTOP,ALLSKY_SFC_SW_DWN,-0.6192,0.000965,-0.6682,0.000262,True,True,0.0636,-0.9054,Opposite Directions
24.5,88.75,June,6,T2M,PRECTOTCORR,-0.6541,0.00039,-0.4984,0.011228,True,True,-0.1552,0.1493,Opposite Directions
24.5,88.75,June,6,T2M,GWETTOP,-0.8893,0.0,-0.8541,0.0,True,True,-0.1552,0.0505,Opposite Directions
24.5,88.75,June,6,T2M,ALLSKY_SFC_SW_DWN,0.2475,0.233002,0.2301,0.268555,False,False,-0.1552,0.3233,Opposite Directions
24.5,88.75,June,6,PRECTOTCORR,GWETTOP,0.7415,2.2e-05,0.5496,0.00443,True,True,0.1493,0.0505,Both Increasing
24.5,88.75,June,6,PRECTOTCORR,ALLSKY_SFC_SW_DWN,-0.4711,0.017456,-0.4764,0.016054,True,True,0.1493,0.3233,Both Increasing
24.5,88.75,June,6,GWETTOP,ALLSKY_SFC_SW_DWN,-0.18,0.389224,-0.0566,0.787966,False,False,0.0505,0.3233,Both Increasing
24.5,88.75,July,7,T2M,PRECTOTCORR,-0.4619,0.020102,-0.4466,0.025213,True,True,0.193,1.3302,Both Increasing
24.5,88.75,July,7,T2M,GWETTOP,-0.6683,0.000261,-0.6336,0.000672,True,True,0.193,0.0293,Both Increasing
24.5,88.75,July,7,T2M,ALLSKY_SFC_SW_DWN,0.5825,0.002249,0.594,0.001745,True,True,0.193,0.1311,Both Increasing
24.5,88.75,July,7,PRECTOTCORR,GWETTOP,0.6695,0.000252,0.7279,3.7e-05,True,True,1.3302,0.0293,Both Increasing
24.5,88.75,July,7,PRECTOTCORR,ALLSKY_SFC_SW_DWN,-0.6994,0.0001,-0.7531,1.4e-05,True,True,1.3302,0.1311,Both Increasing
24.5,88.75,July,7,GWETTOP,ALLSKY_SFC_SW_DWN,-0.6331,0.000682,-0.6368,0.00062,True,True,0.0293,0.1311,Both Increasing
24.5,88.75,August,8,T2M,PRECTOTCORR,-0.5624,0.003432,-0.5432,0.005016,True,True,0.0027,1.6536,Both Increasing
24.5,88.75,August,8,T2M,GWETTOP,-0.522,0.007436,-0.4757,0.016231,True,True,0.0027,0.0425,Both Increasing
24.5,88.75,August,8,T2M,ALLSKY_SFC_SW_DWN,0.3127,0.128063,0.2939,0.153819,False,False,0.0027,-0.8891,Opposite Directions
24.5,88.75,August,8,PRECTOTCORR,GWETTOP,0.5745,0.002671,0.5685,0.003029,True,True,1.6536,0.0425,Both Increasing
24.5,88.75,August,8,PRECTOTCORR,ALLSKY_SFC_SW_DWN,-0.8089,1e-06,-0.8137,1e-06,True,True,1.6536,-0.8891,Opposite Directions
24.5,88.75,August,8,GWETTOP,ALLSKY_SFC_SW_DWN,-0.4297,0.03203,-0.4506,0.023802,True,True,0.0425,-0.8891,Opposite Directions
24.5,88.75,September,9,T2M,PRECTOTCORR,0.1201,0.56736,0.0496,0.813769,False,False,0.3032,1.2561,Both Increasing
24.5,88.75,September,9,T2M,GWETTOP,0.0361,0.863844,0.1962,0.347219,False,False,0.3032,0.0445,Both Increasing
24.5,88.75,September,9,T2M,ALLSKY_SFC_SW_DWN,0.0677,0.747666,-0.0354,0.866597,False,False,0.3032,-0.5894,Opposite Directions
24.5,88.75,September,9,PRECTOTCORR,GWETTOP,0.4946,0.011964,0.493,0.012271,True,True,1.2561,0.0445,Both Increasing
24.5,88.75,September,9,PRECTOTCORR,ALLSKY_SFC_SW_DWN,-0.6804,0.000182,-0.7209,4.8e-05,True,True,1.2561,-0.5894,Opposite Directions
24.5,88.75,September,9,GWETTOP,ALLSKY_SFC_SW_DWN,-0.3677,0.070561,-0.4672,0.018543,False,True,0.0445,-0.5894,Opposite Directions
24.5,88.75,October,10,T2M,PRECTOTCORR,0.157,0.453619,0.0954,0.650158,False,False,0.4221,0.6459,Both Increasing
24.5,88.75,October,10,T2M,GWETTOP,0.246,0.235943,0.2229,0.284155,False,False,0.4221,0.0325,Both Increasing
24.5,88.75,October,10,T2M,ALLSKY_SFC_SW_DWN,-0.3258,0.111984,-0.3085,0.133482,False,False,0.4221,-0.4029,Opposite Directions
24.5,88.75,October,10,PRECTOTCORR,GWETTOP,0.691,0.000131,0.7732,6e-06,True,True,0.6459,0.0325,Both Increasing
24.5,88.75,October,10,PRECTOTCORR,ALLSKY_SFC_SW_DWN,-0.7718,6e-06,-0.7802,4e-06,True,True,0.6459,-0.4029,Opposite Directions
24.5,88.75,October,10,GWETTOP,ALLSKY_SFC_SW_DWN,-0.501,0.010732,-0.5664,0.003157,True,True,0.0325,-0.4029,Opposite Directions
24.5,88.75,November,11,T2M,PRECTOTCORR,-0.4963,0.011614,0.0172,0.93507,True,False,0.1493,0.0548,Both Increasing
24.5,88.75,November,11,T2M,GWETTOP,-0.3371,0.099405,-0.2976,0.148583,False,False,0.1493,0.0422,Both Increasing
24.5,88.75,November,11,T2M,ALLSKY_SFC_SW_DWN,-0.1477,0.48101,-0.2444,0.239093,False,False,0.1493,-0.4082,Opposite Directions
24.5,88.75,November,11,PRECTOTCORR,GWETTOP,0.1018,0.628183,0.2319,0.264605,False,False,0.0548,0.0422,Both Increasing
24.5,88.75,November,11,PRECTOTCORR,ALLSKY_SFC_SW_DWN,-0.2222,0.285763,-0.3186,0.120607,False,False,0.0548,-0.4082,Opposite Directions
24.5,88.75,November,11,GWETTOP,ALLSKY_SFC_SW_DWN,0.1038,0.621339,0.0744,0.723745,False,False,0.0422,-0.4082,Opposite Directions
24.5,88.75,December,12,T2M,PRECTOTCORR,0.2502,0.2278,0.2655,0.199552,False,False,-0.0048,0.1875,Opposite Directions
24.5,88.75,December,12,T2M,GWETTOP,-0.3335,0.103306,-0.3202,0.1187,False,False,-0.0048,0.0582,Opposite Directions
24.5,88.75,December,12,T2M,ALLSKY_SFC_SW_DWN,-0.1362,0.516151,-0.0158,0.940351,False,False,-0.0048,-0.8208,Both Decreasing
24.5,88.75,December,12,PRECTOTCORR,GWETTOP,0.1318,0.530124,-0.0126,0.952215,False,False,0.1875,0.0582,Both Increasing
24.5,88.75,December,12,PRECTOTCORR,ALLSKY_SFC_SW_DWN,0.0223,0.915614,-0.0496,0.813703,False,False,0.1875,-0.8208,Opposite Directions
24.5,88.75,December,12,GWETTOP,ALLSKY_SFC_SW_DWN,0.0892,0.671455,0.0578,0.783698,False,False,0.0582,-0.8208,Opposite Directions
24.5,89.375,January,1,T2M,PRECTOTCORR,-0.0726,0.730107,0.0413,0.844705,False,False,0.1708,0.3158,Both Increasing
24.5,89.375,January,1,T2M,GWETTOP,-0.3858,0.056796,-0.4089,0.042424,False,True,0.1708,0.0632,Both Increasing
24.5,89.375,January,1,T2M,ALLSKY_SFC_SW_DWN,0.0478,0.820663,-0.0323,0.878109,False,False,0.1708,-0.8222,Opposite Directions
24.5,89.375,January,1,PRECTOTCORR,GWETTOP,0.4047,0.044791,0.2546,0.219351,True,False,0.3158,0.0632,Both Increasing
24.5,89.375,January,1,PRECTOTCORR,ALLSKY_SFC_SW_DWN,-0.6352,0.000647,-0.5487,0.004504,True,True,0.3158,-0.8222,Opposite Directions
24.5,89.375,January,1,GWETTOP,ALLSKY_SFC_SW_DWN,-0.4988,0.01114,-0.4493,0.024239,True,True,0.0632,-0.8222,Opposite Directions
24.5,89.375,February,2,T2M,PRECTOTCORR,-0.2373,0.253341,-0.1782,0.394138,False,False,-0.3262,0.1523,Opposite Directions
24.5,89.375,February,2,T2M,GWETTOP,-0.5366,0.005681,-0.264,0.202243,True,False,-0.3262,0.0521,Opposite Directions
24.5,89.375,February,2,T2M,ALLSKY_SFC_SW_DWN,0.2188,0.293361,0.2005,0.336655,False,False,-0.3262,-0.861,Both Decreasing
24.5,89.375,February,2,PRECTOTCORR,GWETTOP,0.2454,0.237105,-0.0378,0.85772,False,False,0.1523,0.0521,Both Increasing
24.5,89.375,February,2,PRECTOTCORR,ALLSKY_SFC_SW_DWN,-0.4082,0.042779,-0.4104,0.041563,True,True,0.1523,-0.861,Opposite Directions
24.5,89.375,February,2,GWETTOP,ALLSKY_SFC_SW_DWN,-0.5138,0.008605,-0.3779,0.062539,True,False,0.0521,-0.861,Opposite Directions
24.5,89.375,March,3,T2M,PRECTOTCORR,-0.4211,0.036045,-0.2524,0.223512,True,False,-0.2648,0.2289,Opposite Directions
24.5,89.375,March,3,T2M,GWETTOP,-0.6343,0.000661,-0.5725,0.002782,True,True,-0.2648,0.045,Opposite Directions
24.5,89.375,March,3,T2M,ALLSKY_SFC_SW_DWN,0.1157,0.581845,0.0943,0.654005,False,False,-0.2648,-0.7192,Both Decreasing
24.5,89.375,March,3,PRECTOTCORR,GWETTOP,0.5757,0.002602,0.3608,0.0764,True,False,0.2289,0.045,Both Increasing
24.5,89.375,March,3,PRECTOTCORR,ALLSKY_SFC_SW_DWN,-0.7087,7.3e-05,-0.5306,0.00636,True,True,0.2289,-0.7192,Opposite Directions
24.5,89.375,March,3,GWETTOP,ALLSKY_SFC_SW_DWN,-0.4989,0.011133,-0.6072,0.001287,True,True,0.045,-0.7192,Opposite Directions
24.5,89.375,April,4,T2M,PRECTOTCORR,-0.8628,0.0,-0.8386,0.0,True,True,-0.2799,0.6454,Opposite Directions
24.5,89.375,April,4,T2M,GWETTOP,-0.8849,0.0,-0.8415,0.0,True,True,-0.2799,0.0315,Opposite Directions
24.5,89.375,April,4,T2M,ALLSKY_SFC_SW_DWN,0.5312,0.006292,0.4555,0.022138,True,True,-0.2799,-0.6159,Both Decreasing
24.5,89.375,April,4,PRECTOTCORR,GWETTOP,0.9099,0.0,0.8791,0.0,True,True,0.6454,0.0315,Both Increasing
24.5,89.375,April,4,PRECTOTCORR,ALLSKY_SFC_SW_DWN,-0.6265,0.000806,-0.7062,8e-05,True,True,0.6454,-0.6159,Opposite Directions
24.5,89.375,April,4,GWETTOP,ALLSKY_SFC_SW_DWN,-0.5993,0.001547,-0.5425,0.005078,True,True,0.0315,-0.6159,Opposite Directions
24.5,89.375,May,5,T2M,PRECTOTCORR,-0.814,1e-06,-0.86,0.0,True,True,-0.8294,3.5952,Opposite Directions
24.5,89.375,May,5,T2M,GWETTOP,-0.9469,0.0,-0.9633,0.0,True,True,-0.8294,0.0925,Opposite Directions
24.5,89.375,May,5,T2M,ALLSKY_SFC_SW_DWN,0.5832,0.002215,0.6209,0.000927,True,True,-0.8294,-0.7771,Both Decreasing
24.5,89.375,May,5,PRECTOTCORR,GWETTOP,0.8142,1e-06,0.8846,0.0,True,True,3.5952,0.0925,Both Increasing
24.5,89.375,May,5,PRECTOTCORR,ALLSKY_SFC_SW_DWN,-0.5893,0.001938,-0.6659,0.00028,True,True,3.5952,-0.7771,Opposite Directions
24.5,89.375,May,5,GWETTOP,ALLSKY_SFC_SW_DWN,-0.5152,0.008401,-0.6223,0.000894,True,True,0.0925,-0.7771,Opposite Directions
24.5,89.375,June,6,T2M,PRECTOTCORR,-0.5239,0.007186,-0.3398,0.096523,True,False,-0.2129,1.4651,Opposite Directions
24.5,89.375,June,6,T2M,GWETTOP,-0.7938,2e-06,-0.695,0.000115,True,True,-0.2129,0.0958,Opposite Directions
24.5,89.375,June,6,T2M,ALLSKY_SFC_SW_DWN,0.1334,0.52484,0.1403,0.503554,False,False,-0.2129,0.3016,Opposite Directions
24.5,89.375,June,6,PRECTOTCORR,GWETTOP,0.7131,6.3e-05,0.6404,0.000565,True,True,1.4651,0.0958,Both Increasing
24.5,89.375,June,6,PRECTOTCORR,ALLSKY_SFC_SW_DWN,-0.2828,0.170719,-0.2877,0.16308,False,False,1.4651,0.3016,Both Increasing
24.5,89.375,June,6,GWETTOP,ALLSKY_SFC_SW_DWN,0.005,0.980909,0.0015,0.994169,False,False,0.0958,0.3016,Both Increasing
24.5,89.375,July,7,T2M,PRECTOTCORR,-0.4534,0.022837,-0.4058,0.044164,True,True,0.1283,1.8484,Both Increasing
24.5,89.375,July,7,T2M,GWETTOP,-0.4704,0.017652,-0.4342,0.030108,True,True,0.1283,0.0518,Both Increasing
24.5,89.375,July,7,T2M,ALLSKY_SFC_SW_DWN,0.467,0.018582,0.5529,0.004147,True,True,0.1283,0.4425,Both Increasing
24.5,89.375,July,7,PRECTOTCORR,GWETTOP,0.7124,6.5e-05,0.7412,2.2e-05,True,True,1.8484,0.0518,Both Increasing
24.5,89.375,July,7,PRECTOTCORR,ALLSKY_SFC_SW_DWN,-0.5717,0.002828,-0.6794,0.000188,True,True,1.8484,0.4425,Both Increasing
24.5,89.375,July,7,GWETTOP,ALLSKY_SFC_SW_DWN,-0.3767,0.063446,-0.4106,0.041495,False,True,0.0518,0.4425,Both Increasing
24.5,89.375,August,8,T2M,PRECTOTCORR,-0.4168,0.038192,-0.3944,0.051073,True,False,-0.0059,2.4243,Opposite Directions
24.5,89.375,August,8,T2M,GWETTOP,-0.3354,0.101204,-0.304,0.139628,False,False,-0.0059,0.0503,Opposite Directions
24.5,89.375,August,8,T2M,ALLSKY_SFC_SW_DWN,0.3162,0.12365,0.2724,0.187702,False,False,-0.0059,-0.7284,Both Decreasing
24.5,89.375,August,8,PRECTOTCORR,GWETTOP,0.6192,0.000965,0.5952,0.001698,True,True,2.4243,0.0503,Both Increasing
24.5,89.375,August,8,PRECTOTCORR,ALLSKY_SFC_SW_DWN,-0.7133,6.3e-05,-0.6706,0.000244,True,True,2.4243,-0.7284,Opposite Directions
24.5,89.375,August,8,GWETTOP,ALLSKY_SFC_SW_DWN,-0.2982,0.147656,-0.2627,0.204589,False,False,0.0503,-0.7284,Opposite Directions
24.5,89.375,September,9,T2M,PRECTOTCORR,0.1711,0.413415,0.2202,0.290173,False,False,0.3349,1.5168,Both Increasing
24.5,89.375,September,9,T2M,GWETTOP,0.1963,0.347113,0.4326,0.03077,False,True,0.3349,0.0418,Both Increasing
24.5,89.375,September,9,T2M,ALLSKY_SFC_SW_DWN,0.1519,0.468524,-0.1611,0.441575,False,False,0.3349,-0.3806,Opposite Directions
24.5,89.375,September,9,PRECTOTCORR,GWETTOP,0.6054,0.001342,0.6763,0.000206,True,True,1.5168,0.0418,Both Increasing
24.5,89.375,September,9,PRECTOTCORR,ALLSKY_SFC_SW_DWN,-0.7131,6.3e-05,-0.7236,4.4e-05,True,True,1.5168,-0.3806,Opposite Directions
24.5,89.375,September,9,GWETTOP,ALLSKY_SFC_SW_DWN,-0.3156,0.124393,-0.4403,0.027632,False,True,0.0418,-0.3806,Opposite Directions
24.5,89.375,October,10,T2M,PRECTOTCORR,0.1563,0.455726,0.0142,0.946162,False,False,0.436,1.3928,Both Increasing
24.5,89.375,October,10,T2M,GWETTOP,0.2146,0.302849,0.1658,0.428327,False,False,0.436,0.0298,Both Increasing
24.5,89.375,October,10,T2M,ALLSKY_SFC_SW_DWN,-0.2533,0.221811,-0.1158,0.581366,False,False,0.436,-0.4248,Opposite Directions
24.5,89.375,October,10,PRECTOTCORR,GWETTOP,0.7926,2e-06,0.8428,0.0,True,True,1.3928,0.0298,Both Increasing
24.5,89.375,October,10,PRECTOTCORR,ALLSKY_SFC_SW_DWN,-0.7555,1.3e-05,-0.8122,1e-06,True,True,1.3928,-0.4248,Opposite Directions
24.5,89.375,October,10,GWETTOP,ALLSKY_SFC_SW_DWN,-0.5388,0.005449,-0.5944,0.00173,True,True,0.0298,-0.4248,Opposite Directions
24.5,89.375,November,11,T2M,PRECTOTCORR,-0.4148,0.039251,0.0258,0.902536,True,False,0.2585,0.1043,Both Increasing
24.5,89.375,November,11,T2M,GWETTOP,-0.2052,0.325225,-0.1452,0.488702,False,False,0.2585,0.0399,Both Increasing
24.5,89.375,November,11,T2M,ALLSKY_SFC_SW_DWN,-0.0975,0.643068,-0.3033,0.140592,False,False,0.2585,-0.1787,Opposite Directions
24.5,89.375,November,11,PRECTOTCORR,GWETTOP,0.2214,0.287484,0.3021,0.14223,False,False,0.1043,0.0399,Both Increasing
24.5,89.375,November,11,PRECTOTCORR,ALLSKY_SFC_SW_DWN,-0.2651,0.200354,-0.324,0.114074,False,False,0.1043,-0.1787,Opposite Directions
24.5,89.375,November,11,GWETTOP,ALLSKY_SFC_SW_DWN,0.2395,0.248921,0.205,0.325659,False,False,0.0399,-0.1787,Opposite Directions
24.5,89.375,December,12,T2M,PRECTOTCORR,0.2986,0.14714,0.3196,0.119383,False,False,0.1021,0.257,Both Increasing
24.5,89.375,December,12,T2M,GWETTOP,-0.1931,0.355098,-0.2399,0.248084,False,False,0.1021,0.057,Both Increasing
24.5,89.375,December,12,T2M,ALLSKY_SFC_SW_DWN,-0.049,0.815986,-0.1085,0.605736,False,False,0.1021,-0.8158,Opposite Directions
24.5,89.375,December,12,PRECTOTCORR,GWETTOP,0.282,0.172022,0.0881,0.67541,False,False,0.257,0.057,Both Increasing
24.5,89.375,December,12,PRECTOTCORR,ALLSKY_SFC_SW_DWN,0.0015,0.994149,-0.1551,0.459038,False,False,0.257,-0.8158,Opposite Directions
24.5,89.375,December,12,GWETTOP,ALLSKY_SFC_SW_DWN,0.0729,0.729066,0.0824,0.695419,False,False,0.057,-0.8158,Opposite Directions
24.5,90.0,January,1,T2M,PRECTOTCORR,0.0623,0.767233,-0.0228,0.91378,False,False,0.2226,0.2922,Both Increasing
24.5,90.0,January,1,T2M,GWETTOP,-0.4154,0.03891,-0.3845,0.057718,True,False,0.2226,0.0548,Both Increasing
24.5,90.0,January,1,T2M,ALLSKY_SFC_SW_DWN,0.0523,0.80387,-0.0431,0.837969,False,False,0.2226,-0.8222,Opposite Directions
24.5,90.0,January,1,PRECTOTCORR,GWETTOP,0.2076,0.319438,0.3468,0.089465,False,False,0.2922,0.0548,Both Increasing
24.5,90.0,January,1,PRECTOTCORR,ALLSKY_SFC_SW_DWN,-0.5442,0.004921,-0.647,0.000473,True,True,0.2922,-0.8222,Opposite Directions
24.5,90.0,January,1,GWETTOP,ALLSKY_SFC_SW_DWN,-0.4867,0.013625,-0.4457,0.025566,True,True,0.0548,-0.8222,Opposite Directions
24.5,90.0,February,2,T2M,PRECTOTCORR,-0.164,0.433414,-0.1531,0.464897,False,False,-0.2895,0.1238,Opposite Directions
24.5,90.0,February,2,T2M,GWETTOP,-0.5009,0.010764,-0.3436,0.092671,True,False,-0.2895,0.0469,Opposite Directions
24.5,90.0,February,2,T2M,ALLSKY_SFC_SW_DWN,0.23,0.268793,0.2643,0.201654,False,False,-0.2895,-0.861,Both Decreasing
24.5,90.0,February,2,PRECTOTCORR,GWETTOP,0.1623,0.438336,-0.066,0.754041,False,False,0.1238,0.0469,Both Increasing
24.5,90.0,February,2,PRECTOTCORR,ALLSKY_SFC_SW_DWN,-0.383,0.058815,-0.3821,0.059461,False,False,0.1238,-0.861,Opposite Directions
24.5,90.0,February,2,GWETTOP,ALLSKY_SFC_SW_DWN,-0.5284,0.006627,-0.4163,0.038464,True,True,0.0469,-0.861,Opposite Directions
24.5,90.0,March,3,T2M,PRECTOTCORR,-0.3982,0.048684,-0.28,0.175218,True,False,-0.2118,0.3329,Opposite Directions
24.5,90.0,March,3,T2M,GWETTOP,-0.6003,0.001512,-0.5125,0.008801,True,True,-0.2118,0.0358,Opposite Directions
24.5,90.0,March,3,T2M,ALLSKY_SFC_SW_DWN,0.1588,0.448408,0.1216,0.562694,False,False,-0.2118,-0.7192,Both Decreasing
24.5,90.0,March,3,PRECTOTCORR,GWETTOP,0.6821,0.000173,0.5743,0.00268,True,True,0.3329,0.0358,Both Increasing
24.5,90.0,March,3,PRECTOTCORR,ALLSKY_SFC_SW_DWN,-0.744,2e-05,-0.6263,0.000811,True,True,0.3329,-0.7192,Opposite Directions
24.5,90.0,March,3,GWETTOP,ALLSKY_SFC_SW_DWN,-0.6022,0.001447,-0.6568,0.000362,True,True,0.0358,-0.7192,Opposite Directions
24.5,90.0,April,4,T2M,PRECTOTCORR,-0.8331,0.0,-0.7551,1.3e-05,True,True,-0.2647,0.8966,Opposite Directions
24.5,90.0,April,4,T2M,GWETTOP,-0.8621,0.0,-0.7637,9e-06,True,True,-0.2647,0.033,Opposite Directions
24.5,90.0,April,4,T2M,ALLSKY_SFC_SW_DWN,0.5683,0.003038,0.5192,0.007819,True,True,-0.2647,-0.6159,Both Decreasing
24.5,90.0,April,4,PRECTOTCORR,GWETTOP,0.9067,0.0,0.7481,1.7e-05,True,True,0.8966,0.033,Both Increasing
24.5,90.0,April,4,PRECTOTCORR,ALLSKY_SFC_SW_DWN,-0.6512,0.000423,-0.7944,2e-06,True,True,0.8966,-0.6159,Opposite Directions
24.5,90.0,April,4,GWETTOP,ALLSKY_SFC_SW_DWN,-0.5671,0.003113,-0.5018,0.010589,True,True,0.033,-0.6159,Opposite Directions
24.5,90.0,May,5,T2M,PRECTOTCORR,-0.8176,1e-06,-0.8388,0.0,True,True,-0.6605,4.5525,Opposite Directions
24.5,90.0,May,5,T2M,GWETTOP,-0.9172,0.0,-0.9345,0.0,True,True,-0.6605,0.1035,Opposite Directions
24.5,90.0,May,5,T2M,ALLSKY_SFC_SW_DWN,0.6221,0.000899,0.6608,0.000324,True,True,-0.6605,-0.7771,Both Decreasing
24.5,90.0,May,5,PRECTOTCORR,GWETTOP,0.8583,0.0,0.8879,0.0,True,True,4.5525,0.1035,Both Increasing
24.5,90.0,May,5,PRECTOTCORR,ALLSKY_SFC_SW_DWN,-0.6125,0.001136,-0.679,0.00019,True,True,4.5525,-0.7771,Opposite Directions
24.5,90.0,May,5,GWETTOP,ALLSKY_SFC_SW_DWN,-0.5188,0.007875,-0.6257,0.000821,True,True,0.1035,-0.7771,Opposite Directions
24.5,90.0,June,6,T2M,PRECTOTCORR,-0.461,0.020384,-0.3895,0.054311,True,False,-0.1067,2.7164,Opposite Directions
24.5,90.0,June,6,T2M,GWETTOP,-0.7481,1.7e-05,-0.6176,0.001004,True,True,-0.1067,0.0983,Opposite Directions
24.5,90.0,June,6,T2M,ALLSKY_SFC_SW_DWN,0.171,0.413695,0.2177,0.295923,False,False,-0.1067,0.3016,Opposite Directions
24.5,90.0,June,6,PRECTOTCORR,GWETTOP,0.7435,2.1e-05,0.7104,6.9e-05,True,True,2.7164,0.0983,Both Increasing
24.5,90.0,June,6,PRECTOTCORR,ALLSKY_SFC_SW_DWN,-0.2927,0.155633,-0.3043,0.139171,False,False,2.7164,0.3016,Both Increasing
24.5,90.0,June,6,GWETTOP,ALLSKY_SFC_SW_DWN,0.0283,0.893234,0.0915,0.663674,False,False,0.0983,0.3016,Both Increasing
24.5,90.0,July,7,T2M,PRECTOTCORR,-0.3406,0.095737,-0.2952,0.151936,False,False,0.1428,2.1221,Both Increasing
24.5,90.0,July,7,T2M,GWETTOP,-0.3311,0.105884,-0.2355,0.25702,False,False,0.1428,0.0426,Both Increasing
24.5,90.0,July,7,T2M,ALLSKY_SFC_SW_DWN,0.4173,0.037931,0.4493,0.024256,True,True,0.1428,0.4425,Both Increasing
24.5,90.0,July,7,PRECTOTCORR,GWETTOP,0.705,8.3e-05,0.765,8e-06,True,True,2.1221,0.0426,Both Increasing
24.5,90.0,July,7,PRECTOTCORR,ALLSKY_SFC_SW_DWN,-0.5642,0.003305,-0.6947,0.000116,True,True,2.1221,0.4425,Both Increasing
24.5,90.0,July,7,GWETTOP,ALLSKY_SFC_SW_DWN,-0.3295,0.107781,-0.3755,0.064385,False,False,0.0426,0.4425,Both Increasing
24.5,90.0,August,8,T2M,PRECTOTCORR,-0.248,0.232005,-0.2716,0.189089,False,False,0.0328,2.8878,Both Increasing
24.5,90.0,August,8,T2M,GWETTOP,-0.1354,0.518605,-0.1355,0.518256,False,False,0.0328,0.039,Both Increasing
24.5,90.0,August,8,T2M,ALLSKY_SFC_SW_DWN,0.2818,0.172407,0.2514,0.225341,False,False,0.0328,-0.7284,Opposite Directions
24.5,90.0,August,8,PRECTOTCORR,GWETTOP,0.6418,0.000543,0.634,0.000667,True,True,2.8878,0.039,Both Increasing
24.5,90.0,August,8,PRECTOTCORR,ALLSKY_SFC_SW_DWN,-0.6577,0.000353,-0.7013,9.4e-05,True,True,2.8878,-0.7284,Opposite Directions
24.5,90.0,August,8,GWETTOP,ALLSKY_SFC_SW_DWN,-0.3057,0.137193,-0.2352,0.257773,False,False,0.039,-0.7284,Opposite Directions
24.5,90.0,September,9,T2M,PRECTOTCORR,0.1593,0.44696,0.3037,0.139983,False,False,0.3762,1.3836,Both Increasing
24.5,90.0,September,9,T2M,GWETTOP,0.2241,0.281513,0.4662,0.018829,False,True,0.3762,0.0315,Both Increasing
24.5,90.0,September,9,T2M,ALLSKY_SFC_SW_DWN,0.0612,0.771515,-0.1698,0.417165,False,False,0.3762,-0.3806,Opposite Directions
24.5,90.0,September,9,PRECTOTCORR,GWETTOP,0.6563,0.000367,0.7402,2.3e-05,True,True,1.3836,0.0315,Both Increasing
24.5,90.0,September,9,PRECTOTCORR,ALLSKY_SFC_SW_DWN,-0.7229,4.5e-05,-0.6867,0.00015,True,True,1.3836,-0.3806,Opposite Directions
24.5,90.0,September,9,GWETTOP,ALLSKY_SFC_SW_DWN,-0.3361,0.10041,-0.4299,0.031965,False,True,0.0315,-0.3806,Opposite Directions
24.5,90.0,October,10,T2M,PRECTOTCORR,0.2214,0.287593,0.1101,0.600319,False,False,0.4477,1.9522,Both Increasing
24.5,90.0,October,10,T2M,GWETTOP,0.239,0.24994,0.212,0.309055,False,False,0.4477,0.026,Both Increasing
24.5,90.0,October,10,T2M,ALLSKY_SFC_SW_DWN,-0.2253,0.278977,-0.1556,0.457674,False,False,0.4477,-0.4248,Opposite Directions
24.5,90.0,October,10,PRECTOTCORR,GWETTOP,0.8762,0.0,0.8717,0.0,True,True,1.9522,0.026,Both Increasing
24.5,90.0,October,10,PRECTOTCORR,ALLSKY_SFC_SW_DWN,-0.743,2.1e-05,-0.8161,1e-06,True,True,1.9522,-0.4248,Opposite Directions
24.5,90.0,October,10,GWETTOP,ALLSKY_SFC_SW_DWN,-0.6432,0.000523,-0.6695,0.000252,True,True,0.026,-0.4248,Opposite Directions
24.5,90.0,November,11,T2M,PRECTOTCORR,-0.2233,0.283303,0.0391,0.852906,False,False,0.2862,0.1133,Both Increasing
24.5,90.0,November,11,T2M,GWETTOP,-0.1069,0.610908,-0.0428,0.839092,False,False,0.2862,0.0398,Both Increasing
24.5,90.0,November,11,T2M,ALLSKY_SFC_SW_DWN,-0.1065,0.612375,-0.2959,0.150902,False,False,0.2862,-0.1787,Opposite Directions
24.5,90.0,November,11,PRECTOTCORR,GWETTOP,0.2735,0.185898,0.3719,0.067168,False,False,0.1133,0.0398,Both Increasing
24.5,90.0,November,11,PRECTOTCORR,ALLSKY_SFC_SW_DWN,-0.2063,0.32255,-0.2978,0.14825,False,False,0.1133,-0.1787,Opposite Directions
24.5,90.0,November,11,GWETTOP,ALLSKY_SFC_SW_DWN,0.2241,0.281438,0.2562,0.216451,False,False,0.0398,-0.1787,Opposite Directions
24.5,90.0,December,12,T2M,PRECTOTCORR,0.3306,0.10654,0.2737,0.185577,False,False,0.1631,0.2682,Both Increasing
24.5,90.0,December,12,T2M,GWETTOP,-0.1121,0.593631,-0.1884,0.367109,False,False,0.1631,0.0518,Both Increasing
24.5,90.0,December,12,T2M,ALLSKY_SFC_SW_DWN,-0.0672,0.749713,-0.1358,0.517405,False,False,0.1631,-0.8158,Opposite Directions
24.5,90.0,December,12,PRECTOTCORR,GWETTOP,0.4353,0.029643,0.2176,0.295974,True,False,0.2682,0.0518,Both Increasing
24.5,90.0,December,12,PRECTOTCORR,ALLSKY_SFC_SW_DWN,0.0337,0.87279,-0.0885,0.674042,False,False,0.2682,-0.8158,Opposite Directions
24.5,90.0,December,12,GWETTOP,ALLSKY_SFC_SW_DWN,0.1133,0.58958,0.1286,0.540008,False,False,0.0518,-0.8158,Opposite Directions
24.5,90.625,January,1,T2M,PRECTOTCORR,0.0277,0.895508,-0.107,0.610662,False,False,0.1621,0.1719,Both Increasing
24.5,90.625,January,1,T2M,GWETTOP,-0.5126,0.008788,-0.428,0.032791,True,True,0.1621,0.0517,Both Increasing
24.5,90.625,January,1,T2M,ALLSKY_SFC_SW_DWN,0.1706,0.414945,0.1331,0.525983,False,False,0.1621,-0.6658,Opposite Directions
24.5,90.625,January,1,PRECTOTCORR,GWETTOP,0.1378,0.511358,0.4366,0.02911,False,True,0.1719,0.0517,Both Increasing
24.5,90.625,January,1,PRECTOTCORR,ALLSKY_SFC_SW_DWN,-0.4761,0.016148,-0.6938,0.00012,True,True,0.1719,-0.6658,Opposite Directions
24.5,90.625,January,1,GWETTOP,ALLSKY_SFC_SW_DWN,-0.4488,0.024422,-0.4596,0.020798,True,True,0.0517,-0.6658,Opposite Directions
24.5,90.625,February,2,T2M,PRECTOTCORR,-0.014,0.947107,-0.0266,0.899718,False,False,-0.2692,0.0947,Opposite Directions
24.5,90.625,February,2,T2M,GWETTOP,-0.433,0.030628,-0.3985,0.048463,True,True,-0.2692,0.0345,Opposite Directions
24.5,90.625,February,2,T2M,ALLSKY_SFC_SW_DWN,0.2211,0.288097,0.2782,0.178065,False,False,-0.2692,-0.775,Both Decreasing
24.5,90.625,February,2,PRECTOTCORR,GWETTOP,0.157,0.453443,0.1131,0.59035,False,False,0.0947,0.0345,Both Increasing
24.5,90.625,February,2,PRECTOTCORR,ALLSKY_SFC_SW_DWN,-0.4141,0.039615,-0.4062,0.043944,True,True,0.0947,-0.775,Opposite Directions
24.5,90.625,February,2,GWETTOP,ALLSKY_SFC_SW_DWN,-0.5703,0.002912,-0.5565,0.00386,True,True,0.0345,-0.775,Opposite Directions
24.5,90.625,March,3,T2M,PRECTOTCORR,-0.3611,0.076176,-0.172,0.411036,False,False,-0.1629,0.3486,Opposite Directions
24.5,90.625,March,3,T2M,GWETTOP,-0.5833,0.00221,-0.5287,0.006585,True,True,-0.1629,0.0281,Opposite Directions
24.5,90.625,March,3,T2M,ALLSKY_SFC_SW_DWN,0.1562,0.455828,0.0885,0.674009,False,False,-0.1629,-0.4558,Both Decreasing
24.5,90.625,March,3,PRECTOTCORR,GWETTOP,0.7726,6e-06,0.6986,0.000103,True,True,0.3486,0.0281,Both Increasing
24.5,90.625,March,3,PRECTOTCORR,ALLSKY_SFC_SW_DWN,-0.8135,1e-06,-0.7586,1.1e-05,True,True,0.3486,-0.4558,Opposite Directions
24.5,90.625,March,3,GWETTOP,ALLSKY_SFC_SW_DWN,-0.6705,0.000245,-0.5902,0.001901,True,True,0.0281,-0.4558,Opposite Directions
24.5,90.625,April,4,T2M,PRECTOTCORR,-0.7762,5e-06,-0.7107,6.9e-05,True,True,-0.2022,1.1818,Opposite Directions
24.5,90.625,April,4,T2M,GWETTOP,-0.796,2e-06,-0.7118,6.6e-05,True,True,-0.2022,0.0367,Opposite Directions
24.5,90.625,April,4,T2M,ALLSKY_SFC_SW_DWN,0.6559,0.000371,0.5341,0.005963,True,True,-0.2022,-0.4346,Both Decreasing
24.5,90.625,April,4,PRECTOTCORR,GWETTOP,0.8778,0.0,0.757,1.2e-05,True,True,1.1818,0.0367,Both Increasing
24.5,90.625,April,4,PRECTOTCORR,ALLSKY_SFC_SW_DWN,-0.8225,0.0,-0.8877,0.0,True,True,1.1818,-0.4346,Opposite Directions
24.5,90.625,April,4,GWETTOP,ALLSKY_SFC_SW_DWN,-0.6867,0.00015,-0.5924,0.001809,True,True,0.0367,-0.4346,Opposite Directions
24.5,90.625,May,5,T2M,PRECTOTCORR,-0.7298,3.5e-05,-0.7708,7e-06,True,True,-0.4265,5.2995,Opposite Directions
24.5,90.625,May,5,T2M,GWETTOP,-0.8877,0.0,-0.9101,0.0,True,True,-0.4265,0.0932,Opposite Directions
24.5,90.625,May,5,T2M,ALLSKY_SFC_SW_DWN,0.6471,0.000472,0.6997,9.9e-05,True,True,-0.4265,-0.6108,Both Decreasing
24.5,90.625,May,5,PRECTOTCORR,GWETTOP,0.8508,0.0,0.8809,0.0,True,True,5.2995,0.0932,Both Increasing
24.5,90.625,May,5,PRECTOTCORR,ALLSKY_SFC_SW_DWN,-0.6898,0.000136,-0.7305,3.4e-05,True,True,5.2995,-0.6108,Opposite Directions
24.5,90.625,May,5,GWETTOP,ALLSKY_SFC_SW_DWN,-0.6099,0.001209,-0.6607,0.000324,True,True,0.0932,-0.6108,Opposite Directions
24.5,90.625,June,6,T2M,PRECTOTCORR,-0.3273,0.110291,-0.3705,0.068256,False,False,0.0012,4.2882,Both Increasing
24.5,90.625,June,6,T2M,GWETTOP,-0.5811,0.002317,-0.5345,0.00591,True,True,0.0012,0.0734,Both Increasing
24.5,90.625,June,6,T2M,ALLSKY_SFC_SW_DWN,0.2254,0.278752,0.1693,0.418602,False,False,0.0012,-0.0009,Opposite Directions
24.5,90.625,June,6,PRECTOTCORR,GWETTOP,0.7457,1.9e-05,0.7539,1.4e-05,True,True,4.2882,0.0734,Both Increasing
24.5,90.625,June,6,PRECTOTCORR,ALLSKY_SFC_SW_DWN,-0.4697,0.017846,-0.4243,0.034515,True,True,4.2882,-0.0009,Opposite Directions
24.5,90.625,June,6,GWETTOP,ALLSKY_SFC_SW_DWN,-0.1289,0.539124,-0.0498,0.813274,False,False,0.0734,-0.0009,Opposite Directions
24.5,90.625,July,7,T2M,PRECTOTCORR,-0.2127,0.307353,-0.3244,0.113608,False,False,0.1666,2.5228,Both Increasing
24.5,90.625,July,7,T2M,GWETTOP,-0.0648,0.758239,-0.1366,0.515089,False,False,0.1666,0.0303,Both Increasing
24.5,90.625,July,7,T2M,ALLSKY_SFC_SW_DWN,0.3664,0.071633,0.4819,0.014713,False,True,0.1666,0.4916,Both Increasing
24.5,90.625,July,7,PRECTOTCORR,GWETTOP,0.756,1.2e-05,0.7321,3.2e-05,True,True,2.5228,0.0303,Both Increasing
24.5,90.625,July,7,PRECTOTCORR,ALLSKY_SFC_SW_DWN,-0.5223,0.007404,-0.7067,7.9e-05,True,True,2.5228,0.4916,Both Increasing
24.5,90.625,July,7,GWETTOP,ALLSKY_SFC_SW_DWN,-0.3358,0.100739,-0.3912,0.053148,False,False,0.0303,0.4916,Both Increasing
24.5,90.625,August,8,T2M,PRECTOTCORR,-0.1468,0.483787,-0.1609,0.442306,False,False,0.0519,3.7188,Both Increasing
24.5,90.625,August,8,T2M,GWETTOP,0.023,0.913173,-0.0137,0.948022,False,False,0.0519,0.0258,Both Increasing
24.5,90.625,August,8,T2M,ALLSKY_SFC_SW_DWN,0.31,0.1315,0.224,0.281797,False,False,0.0519,-0.7306,Opposite Directions
24.5,90.625,August,8,PRECTOTCORR,GWETTOP,0.6803,0.000183,0.6967,0.000109,True,True,3.7188,0.0258,Both Increasing
24.5,90.625,August,8,PRECTOTCORR,ALLSKY_SFC_SW_DWN,-0.6508,0.000427,-0.749,1.7e-05,True,True,3.7188,-0.7306,Opposite Directions
24.5,90.625,August,8,GWETTOP,ALLSKY_SFC_SW_DWN,-0.4157,0.038752,-0.446,0.025427,True,True,0.0258,-0.7306,Opposite Directions
24.5,90.625,September,9,T2M,PRECTOTCORR,0.2036,0.328905,0.3833,0.058579,False,False,0.4025,1.7402,Both Increasing
24.5,90.625,September,9,T2M,GWETTOP,0.3467,0.089507,0.545,0.004843,False,True,0.4025,0.0238,Both Increasing
24.5,90.625,September,9,T2M,ALLSKY_SFC_SW_DWN,0.1002,0.633534,-0.0787,0.708348,False,False,0.4025,-0.1553,Opposite Directions
24.5,90.625,September,9,PRECTOTCORR,GWETTOP,0.6714,0.000238,0.6803,0.000183,True,True,1.7402,0.0238,Both Increasing
24.5,90.625,September,9,PRECTOTCORR,ALLSKY_SFC_SW_DWN,-0.7489,1.7e-05,-0.6664,0.000276,True,True,1.7402,-0.1553,Opposite Directions
24.5,90.625,September,9,GWETTOP,ALLSKY_SFC_SW_DWN,-0.3957,0.050249,-0.4267,0.033389,False,True,0.0238,-0.1553,Opposite Directions
24.5,90.625,October,10,T2M,PRECTOTCORR,0.3644,0.073343,0.2971,0.14924,False,False,0.4355,2.3749,Both Increasing
24.5,90.625,October,10,T2M,GWETTOP,0.3056,0.137367,0.3592,0.077803,False,False,0.4355,0.0235,Both Increasing
24.5,90.625,October,10,T2M,ALLSKY_SFC_SW_DWN,-0.3053,0.137759,-0.2667,0.197419,False,False,0.4355,-0.4423,Opposite Directions
24.5,90.625,October,10,PRECTOTCORR,GWETTOP,0.8758,0.0,0.9026,0.0,True,True,2.3749,0.0235,Both Increasing
24.5,90.625,October,10,PRECTOTCORR,ALLSKY_SFC_SW_DWN,-0.7674,8e-06,-0.8012,1e-06,True,True,2.3749,-0.4423,Opposite Directions
24.5,90.625,October,10,GWETTOP,ALLSKY_SFC_SW_DWN,-0.6488,0.000451,-0.6356,0.00064,True,True,0.0235,-0.4423,Opposite Directions
24.5,90.625,November,11,T2M,PRECTOTCORR,0.0232,0.912269,0.0612,0.771435,False,False,0.2475,0.0652,Both Increasing
24.5,90.625,November,11,T2M,GWETTOP,-0.0473,0.822528,0.0547,0.795219,False,False,0.2475,0.0435,Both Increasing
24.5,90.625,November,11,T2M,ALLSKY_SFC_SW_DWN,-0.1994,0.339303,-0.2617,0.206367,False,False,0.2475,-0.1464,Opposite Directions
24.5,90.625,November,11,PRECTOTCORR,GWETTOP,0.2745,0.18428,0.3855,0.057011,False,False,0.0652,0.0435,Both Increasing
24.5,90.625,November,11,PRECTOTCORR,ALLSKY_SFC_SW_DWN,-0.2635,0.203158,-0.3519,0.084533,False,False,0.0652,-0.1464,Opposite Directions
24.5,90.625,November,11,GWETTOP,ALLSKY_SFC_SW_DWN,0.1572,0.453001,0.2332,0.261831,False,False,0.0435,-0.1464,Opposite Directions
24.5,90.625,December,12,T2M,PRECTOTCORR,0.2779,0.178545,0.1918,0.358381,False,False,0.1096,0.2305,Both Increasing
24.5,90.625,December,12,T2M,GWETTOP,-0.127,0.545276,-0.1985,0.341413,False,False,0.1096,0.0611,Both Increasing
24.5,90.625,December,12,T2M,ALLSKY_SFC_SW_DWN,-0.0248,0.906465,-0.1231,0.557646,False,False,0.1096,-0.7508,Opposite Directions
24.5,90.625,December,12,PRECTOTCORR,GWETTOP,0.4837,0.014291,0.1436,0.493466,True,False,0.2305,0.0611,Both Increasing
24.5,90.625,December,12,PRECTOTCORR,ALLSKY_SFC_SW_DWN,0.0632,0.763985,-0.094,0.65502,False,False,0.2305,-0.7508,Opposite Directions
24.5,90.625,December,12,GWETTOP,ALLSKY_SFC_SW_DWN,0.1358,0.517575,0.0992,0.637184,False,False,0.0611,-0.7508,Opposite Directions
24.5,91.25,January,1,T2M,PRECTOTCORR,-0.1953,0.349591,-0.1782,0.394023,False,False,0.1446,0.0501,Both Increasing
24.5,91.25,January,1,T2M,GWETTOP,-0.5289,0.006559,-0.3938,0.051478,True,False,0.1446,0.0521,Both Increasing
24.5,91.25,January,1,T2M,ALLSKY_SFC_SW_DWN,0.2339,0.260533,0.2185,0.294025,False,False,0.1446,-0.4031,Opposite Directions
24.5,91.25,January,1,PRECTOTCORR,GWETTOP,0.299,0.146585,0.3804,0.060655,False,False,0.0501,0.0521,Both Increasing
24.5,91.25,January,1,PRECTOTCORR,ALLSKY_SFC_SW_DWN,-0.5171,0.008124,-0.7122,6.5e-05,True,True,0.0501,-0.4031,Opposite Directions
24.5,91.25,January,1,GWETTOP,ALLSKY_SFC_SW_DWN,-0.3347,0.101997,-0.3473,0.088893,False,False,0.0521,-0.4031,Opposite Directions
24.5,91.25,February,2,T2M,PRECTOTCORR,0.0724,0.730989,0.0354,0.866623,False,False,-0.2844,0.1193,Opposite Directions
24.5,91.25,February,2,T2M,GWETTOP,-0.4435,0.02636,-0.4457,0.02554,True,True,-0.2844,0.0321,Opposite Directions
24.5,91.25,February,2,T2M,ALLSKY_SFC_SW_DWN,0.2174,0.296568,0.3231,0.115121,False,False,-0.2844,-0.6235,Both Decreasing
24.5,91.25,February,2,PRECTOTCORR,GWETTOP,0.2681,0.195145,0.1835,0.37992,False,False,0.1193,0.0321,Both Increasing
24.5,91.25,February,2,PRECTOTCORR,ALLSKY_SFC_SW_DWN,-0.5344,0.005926,-0.5221,0.007423,True,True,0.1193,-0.6235,Opposite Directions
24.5,91.25,February,2,GWETTOP,ALLSKY_SFC_SW_DWN,-0.4572,0.021566,-0.4777,0.015736,True,True,0.0321,-0.6235,Opposite Directions
24.5,91.25,March,3,T2M,PRECTOTCORR,-0.3387,0.097691,-0.1292,0.538117,False,False,-0.1398,0.4466,Opposite Directions
24.5,91.25,March,3,T2M,GWETTOP,-0.5746,0.002664,-0.4831,0.014435,True,True,-0.1398,0.0261,Opposite Directions
24.5,91.25,March,3,T2M,ALLSKY_SFC_SW_DWN,0.21,0.313759,0.1504,0.472879,False,False,-0.1398,-0.2746,Both Decreasing
24.5,91.25,March,3,PRECTOTCORR,GWETTOP,0.7823,4e-06,0.7614,1e-05,True,True,0.4466,0.0261,Both Increasing
24.5,91.25,March,3,PRECTOTCORR,ALLSKY_SFC_SW_DWN,-0.8175,1e-06,-0.7641,9e-06,True,True,0.4466,-0.2746,Opposite Directions
24.5,91.25,March,3,GWETTOP,ALLSKY_SFC_SW_DWN,-0.6233,0.000873,-0.6167,0.001027,True,True,0.0261,-0.2746,Opposite Directions
24.5,91.25,April,4,T2M,PRECTOTCORR,-0.7054,8.2e-05,-0.7646,9e-06,True,True,-0.2301,1.6407,Opposite Directions
24.5,91.25,April,4,T2M,GWETTOP,-0.7916,2e-06,-0.8085,1e-06,True,True,-0.2301,0.0482,Opposite Directions
24.5,91.25,April,4,T2M,ALLSKY_SFC_SW_DWN,0.6644,0.000292,0.6424,0.000535,True,True,-0.2301,-0.2465,Both Decreasing
24.5,91.25,April,4,PRECTOTCORR,GWETTOP,0.8762,0.0,0.7981,2e-06,True,True,1.6407,0.0482,Both Increasing
24.5,91.25,April,4,PRECTOTCORR,ALLSKY_SFC_SW_DWN,-0.8552,0.0,-0.9313,0.0,True,True,1.6407,-0.2465,Opposite Directions
24.5,91.25,April,4,GWETTOP,ALLSKY_SFC_SW_DWN,-0.7054,8.2e-05,-0.6886,0.000142,True,True,0.0482,-0.2465,Opposite Directions
24.5,91.25,May,5,T2M,PRECTOTCORR,-0.6169,0.001022,-0.6405,0.000563,True,True,-0.2327,6.1803,Opposite Directions
24.5,91.25,May,5,T2M,GWETTOP,-0.8738,0.0,-0.867,0.0,True,True,-0.2327,0.0768,Opposite Directions
24.5,91.25,May,5,T2M,ALLSKY_SFC_SW_DWN,0.6446,0.000504,0.6319,0.000703,True,True,-0.2327,-0.5157,Both Decreasing
24.5,91.25,May,5,PRECTOTCORR,GWETTOP,0.8038,1e-06,0.8047,1e-06,True,True,6.1803,0.0768,Both Increasing
24.5,91.25,May,5,PRECTOTCORR,ALLSKY_SFC_SW_DWN,-0.7165,5.6e-05,-0.7264,3.9e-05,True,True,6.1803,-0.5157,Opposite Directions
24.5,91.25,May,5,GWETTOP,ALLSKY_SFC_SW_DWN,-0.605,0.001357,-0.5875,0.002017,True,True,0.0768,-0.5157,Opposite Directions
24.5,91.25,June,6,T2M,PRECTOTCORR,-0.1772,0.396727,-0.2108,0.311772,False,False,0.0553,5.9248,Both Increasing
24.5,91.25,June,6,T2M,GWETTOP,-0.331,0.1061,-0.3113,0.129798,False,False,0.0553,0.0495,Both Increasing
24.5,91.25,June,6,T2M,ALLSKY_SFC_SW_DWN,0.2882,0.162374,0.2697,0.192365,False,False,0.0553,-0.3324,Opposite Directions
24.5,91.25,June,6,PRECTOTCORR,GWETTOP,0.6718,0.000236,0.6997,9.9e-05,True,True,5.9248,0.0495,Both Increasing
24.5,91.25,June,6,PRECTOTCORR,ALLSKY_SFC_SW_DWN,-0.6138,0.001101,-0.6031,0.001417,True,True,5.9248,-0.3324,Opposite Directions
24.5,91.25,June,6,GWETTOP,ALLSKY_SFC_SW_DWN,-0.1928,0.355925,-0.1891,0.365262,False,False,0.0495,-0.3324,Opposite Directions
24.5,91.25,July,7,T2M,PRECTOTCORR,-0.1802,0.388803,-0.2652,0.200206,False,False,0.1909,2.9658,Both Increasing
24.5,91.25,July,7,T2M,GWETTOP,-0.0046,0.98248,-0.0461,0.826967,False,False,0.1909,0.0238,Both Increasing
24.5,91.25,July,7,T2M,ALLSKY_SFC_SW_DWN,0.5068,0.009728,0.5091,0.00934,True,True,0.1909,0.3851,Both Increasing
24.5,91.25,July,7,PRECTOTCORR,GWETTOP,0.7353,2.8e-05,0.7809,4e-06,True,True,2.9658,0.0238,Both Increasing
24.5,91.25,July,7,PRECTOTCORR,ALLSKY_SFC_SW_DWN,-0.6108,0.001182,-0.6392,0.000582,True,True,2.9658,0.3851,Both Increasing
24.5,91.25,July,7,GWETTOP,ALLSKY_SFC_SW_DWN,-0.3435,0.092741,-0.3531,0.083356,False,False,0.0238,0.3851,Both Increasing
24.5,91.25,August,8,T2M,PRECTOTCORR,-0.1803,0.388354,-0.2178,0.295676,False,False,0.0117,4.9938,Both Increasing
24.5,91.25,August,8,T2M,GWETTOP,-0.0703,0.738422,-0.0434,0.836656,False,False,0.0117,0.0215,Both Increasing
24.5,91.25,August,8,T2M,ALLSKY_SFC_SW_DWN,0.3679,0.070396,0.3333,0.103533,False,False,0.0117,-0.998,Opposite Directions
24.5,91.25,August,8,PRECTOTCORR,GWETTOP,0.7187,5.2e-05,0.662,0.000312,True,True,4.9938,0.0215,Both Increasing
24.5,91.25,August,8,PRECTOTCORR,ALLSKY_SFC_SW_DWN,-0.6859,0.000154,-0.789,3e-06,True,True,4.9938,-0.998,Opposite Directions
24.5,91.25,August,8,GWETTOP,ALLSKY_SFC_SW_DWN,-0.4716,0.017308,-0.4534,0.022831,True,True,0.0215,-0.998,Opposite Directions
24.5,91.25,September,9,T2M,PRECTOTCORR,0.2134,0.305841,0.4434,0.026409,False,True,0.3992,2.9436,Both Increasing
24.5,91.25,September,9,T2M,GWETTOP,0.2835,0.169584,0.4718,0.017257,False,True,0.3992,0.0251,Both Increasing
24.5,91.25,September,9,T2M,ALLSKY_SFC_SW_DWN,0.2281,0.272787,0.1001,0.634099,False,False,0.3992,-0.0364,Opposite Directions
24.5,91.25,September,9,PRECTOTCORR,GWETTOP,0.767,8e-06,0.7781,5e-06,True,True,2.9436,0.0251,Both Increasing
24.5,91.25,September,9,PRECTOTCORR,ALLSKY_SFC_SW_DWN,-0.6304,0.00073,-0.5277,0.006708,True,True,2.9436,-0.0364,Opposite Directions
24.5,91.25,September,9,GWETTOP,ALLSKY_SFC_SW_DWN,-0.4747,0.016485,-0.4808,0.014979,True,True,0.0251,-0.0364,Opposite Directions
24.5,91.25,October,10,T2M,PRECTOTCORR,0.3945,0.051025,0.3505,0.085822,False,False,0.4269,2.7595,Both Increasing
24.5,91.25,October,10,T2M,GWETTOP,0.3372,0.099258,0.4006,0.047191,False,True,0.4269,0.0282,Both Increasing
24.5,91.25,October,10,T2M,ALLSKY_SFC_SW_DWN,-0.1896,0.364076,-0.1739,0.405742,False,False,0.4269,-0.2568,Opposite Directions
24.5,91.25,October,10,PRECTOTCORR,GWETTOP,0.8666,0.0,0.9018,0.0,True,True,2.7595,0.0282,Both Increasing
24.5,91.25,October,10,PRECTOTCORR,ALLSKY_SFC_SW_DWN,-0.7152,5.9e-05,-0.7369,2.7e-05,True,True,2.7595,-0.2568,Opposite Directions
24.5,91.25,October,10,GWETTOP,ALLSKY_SFC_SW_DWN,-0.5755,0.002613,-0.5172,0.008106,True,True,0.0282,-0.2568,Opposite Directions
24.5,91.25,November,11,T2M,PRECTOTCORR,0.1732,0.407759,0.0871,0.678912,False,False,0.3013,0.0469,Both Increasing
24.5,91.25,November,11,T2M,GWETTOP,0.1765,0.398805,0.2936,0.154285,False,False,0.3013,0.0457,Both Increasing
24.5,91.25,November,11,T2M,ALLSKY_SFC_SW_DWN,-0.1787,0.392815,-0.1358,0.517324,False,False,0.3013,0.0073,Both Increasing
24.5,91.25,November,11,PRECTOTCORR,GWETTOP,0.3031,0.140859,0.3949,0.050739,False,False,0.0469,0.0457,Both Increasing
24.5,91.25,November,11,PRECTOTCORR,ALLSKY_SFC_SW_DWN,-0.4957,0.011732,-0.6496,0.000441,True,True,0.0469,0.0073,Both Increasing
24.5,91.25,November,11,GWETTOP,ALLSKY_SFC_SW_DWN,-0.0206,0.922325,-0.0642,0.760505,False,False,0.0457,0.0073,Both Increasing
24.5,91.25,December,12,T2M,PRECTOTCORR,0.2403,0.247271,0.1841,0.378407,False,False,0.1635,0.1834,Both Increasing
24.5,91.25,December,12,T2M,GWETTOP,-0.0712,0.735193,-0.1681,0.421914,False,False,0.1635,0.0655,Both Increasing
24.5,91.25,December,12,T2M,ALLSKY_SFC_SW_DWN,-0.1407,0.502397,-0.2535,0.221422,False,False,0.1635,-0.4819,Opposite Directions
24.5,91.25,December,12,PRECTOTCORR,GWETTOP,0.4574,0.021499,0.1665,0.426423,True,False,0.1834,0.0655,Both Increasing
24.5,91.25,December,12,PRECTOTCORR,ALLSKY_SFC_SW_DWN,-0.1288,0.539514,-0.1896,0.363933,False,False,0.1834,-0.4819,Opposite Directions
24.5,91.25,December,12,GWETTOP,ALLSKY_SFC_SW_DWN,0.125,0.551507,0.1521,0.468049,False,False,0.0655,-0.4819,Opposite Directions
24.5,91.875,January,1,T2M,PRECTOTCORR,-0.1337,0.523924,-0.1444,0.490906,False,False,0.2437,0.0578,Both Increasing
24.5,91.875,January,1,T2M,GWETTOP,-0.3699,0.068748,-0.3183,0.121026,False,False,0.2437,0.0605,Both Increasing
24.5,91.875,January,1,T2M,ALLSKY_SFC_SW_DWN,0.1764,0.398943,0.1507,0.47222,False,False,0.2437,-0.4031,Opposite Directions
24.5,91.875,January,1,PRECTOTCORR,GWETTOP,0.3019,0.142435,0.2659,0.198911,False,False,0.0578,0.0605,Both Increasing
24.5,91.875,January,1,PRECTOTCORR,ALLSKY_SFC_SW_DWN,-0.5139,0.008588,-0.6957,0.000113,True,True,0.0578,-0.4031,Opposite Directions
24.5,91.875,January,1,GWETTOP,ALLSKY_SFC_SW_DWN,-0.3124,0.128416,-0.3176,0.121818,False,False,0.0605,-0.4031,Opposite Directions
24.5,91.875,February,2,T2M,PRECTOTCORR,0.1244,0.553603,0.1196,0.568936,False,False,-0.2096,0.0821,Opposite Directions
24.5,91.875,February,2,T2M,GWETTOP,-0.4372,0.028862,-0.4333,0.030499,True,True,-0.2096,0.0425,Opposite Directions
24.5,91.875,February,2,T2M,ALLSKY_SFC_SW_DWN,0.1911,0.360189,0.2782,0.178152,False,False,-0.2096,-0.6235,Both Decreasing
24.5,91.875,February,2,PRECTOTCORR,GWETTOP,0.2297,0.269396,0.1564,0.455224,False,False,0.0821,0.0425,Both Increasing
24.5,91.875,February,2,PRECTOTCORR,ALLSKY_SFC_SW_DWN,-0.5398,0.005354,-0.5301,0.006417,True,True,0.0821,-0.6235,Opposite Directions
24.5,91.875,February,2,GWETTOP,ALLSKY_SFC_SW_DWN,-0.4377,0.028671,-0.4615,0.020233,True,True,0.0425,-0.6235,Opposite Directions
24.5,91.875,March,3,T2M,PRECTOTCORR,-0.2981,0.147798,-0.0635,0.763091,False,False,-0.0685,0.3965,Opposite Directions
24.5,91.875,March,3,T2M,GWETTOP,-0.5521,0.004216,-0.4543,0.022523,True,True,-0.0685,0.0332,Opposite Directions
24.5,91.875,March,3,T2M,ALLSKY_SFC_SW_DWN,0.2294,0.270084,0.1481,0.479775,False,False,-0.0685,-0.2746,Both Decreasing
24.5,91.875,March,3,PRECTOTCORR,GWETTOP,0.7115,6.7e-05,0.6702,0.000247,True,True,0.3965,0.0332,Both Increasing
24.5,91.875,March,3,PRECTOTCORR,ALLSKY_SFC_SW_DWN,-0.8225,0.0,-0.7712,6e-06,True,True,0.3965,-0.2746,Opposite Directions
24.5,91.875,March,3,GWETTOP,ALLSKY_SFC_SW_DWN,-0.5741,0.002689,-0.5324,0.006154,True,True,0.0332,-0.2746,Opposite Directions
24.5,91.875,April,4,T2M,PRECTOTCORR,-0.6512,0.000422,-0.706,8e-05,True,True,-0.1371,1.3955,Opposite Directions
24.5,91.875,April,4,T2M,GWETTOP,-0.782,4e-06,-0.7998,2e-06,True,True,-0.1371,0.0405,Opposite Directions
24.5,91.875,April,4,T2M,ALLSKY_SFC_SW_DWN,0.6287,0.000763,0.6142,0.00109,True,True,-0.1371,-0.2465,Both Decreasing
24.5,91.875,April,4,PRECTOTCORR,GWETTOP,0.8645,0.0,0.7735,6e-06,True,True,1.3955,0.0405,Both Increasing
24.5,91.875,April,4,PRECTOTCORR,ALLSKY_SFC_SW_DWN,-0.8622,0.0,-0.9406,0.0,True,True,1.3955,-0.2465,Opposite Directions
24.5,91.875,April,4,GWETTOP,ALLSKY_SFC_SW_DWN,-0.722,4.6e-05,-0.6929,0.000123,True,True,0.0405,-0.2465,Opposite Directions
24.5,91.875,May,5,T2M,PRECTOTCORR,-0.5299,0.006445,-0.561,0.00353,True,True,-0.1103,5.9662,Opposite Directions
24.5,91.875,May,5,T2M,GWETTOP,-0.8222,0.0,-0.7937,2e-06,True,True,-0.1103,0.0615,Opposite Directions
24.5,91.875,May,5,T2M,ALLSKY_SFC_SW_DWN,0.5982,0.001587,0.546,0.004751,True,True,-0.1103,-0.5157,Both Decreasing
24.5,91.875,May,5,PRECTOTCORR,GWETTOP,0.7606,1e-05,0.8059,1e-06,True,True,5.9662,0.0615,Both Increasing
24.5,91.875,May,5,PRECTOTCORR,ALLSKY_SFC_SW_DWN,-0.7251,4.1e-05,-0.7072,7.7e-05,True,True,5.9662,-0.5157,Opposite Directions
24.5,91.875,May,5,GWETTOP,ALLSKY_SFC_SW_DWN,-0.5705,0.002905,-0.5416,0.00517,True,True,0.0615,-0.5157,Opposite Directions
24.5,91.875,June,6,T2M,PRECTOTCORR,-0.1845,0.377291,-0.2206,0.289404,False,False,0.0545,5.8489,Both Increasing
24.5,91.875,June,6,T2M,GWETTOP,-0.2802,0.174905,-0.2868,0.164549,False,False,0.0545,0.0454,Both Increasing
24.5,91.875,June,6,T2M,ALLSKY_SFC_SW_DWN,0.3158,0.124049,0.2952,0.151936,False,False,0.0545,-0.3324,Opposite Directions
24.5,91.875,June,6,PRECTOTCORR,GWETTOP,0.6463,0.000483,0.6772,0.000201,True,True,5.8489,0.0454,Both Increasing
24.5,91.875,June,6,PRECTOTCORR,ALLSKY_SFC_SW_DWN,-0.6307,0.000724,-0.6531,0.000401,True,True,5.8489,-0.3324,Opposite Directions
24.5,91.875,June,6,GWETTOP,ALLSKY_SFC_SW_DWN,-0.1763,0.399293,-0.1785,0.393396,False,False,0.0454,-0.3324,Opposite Directions
24.5,91.875,July,7,T2M,PRECTOTCORR,-0.2872,0.163896,-0.3707,0.068142,False,False,0.2079,2.5782,Both Increasing
24.5,91.875,July,7,T2M,GWETTOP,-0.0608,0.772715,-0.1355,0.518535,False,False,0.2079,0.0217,Both Increasing
24.5,91.875,July,7,T2M,ALLSKY_SFC_SW_DWN,0.5988,0.001565,0.5912,0.001856,True,True,0.2079,0.3851,Both Increasing
24.5,91.875,July,7,PRECTOTCORR,GWETTOP,0.7171,5.5e-05,0.7799,4e-06,True,True,2.5782,0.0217,Both Increasing
24.5,91.875,July,7,PRECTOTCORR,ALLSKY_SFC_SW_DWN,-0.6165,0.001031,-0.6915,0.000129,True,True,2.5782,0.3851,Both Increasing
24.5,91.875,July,7,GWETTOP,ALLSKY_SFC_SW_DWN,-0.3046,0.138683,-0.3467,0.089506,False,False,0.0217,0.3851,Both Increasing
24.5,91.875,August,8,T2M,PRECTOTCORR,-0.3031,0.140853,-0.3587,0.078298,False,False,-0.0258,4.7805,Opposite Directions
24.5,91.875,August,8,T2M,GWETTOP,-0.1481,0.479988,-0.1223,0.560387,False,False,-0.0258,0.0202,Opposite Directions
24.5,91.875,August,8,T2M,ALLSKY_SFC_SW_DWN,0.5175,0.008068,0.495,0.011879,True,True,-0.0258,-0.998,Both Decreasing
24.5,91.875,August,8,PRECTOTCORR,GWETTOP,0.7259,4e-05,0.6539,0.000393,True,True,4.7805,0.0202,Both Increasing
24.5,91.875,August,8,PRECTOTCORR,ALLSKY_SFC_SW_DWN,-0.6898,0.000136,-0.794,2e-06,True,True,4.7805,-0.998,Opposite Directions
24.5,91.875,August,8,GWETTOP,ALLSKY_SFC_SW_DWN,-0.5356,0.005791,-0.52,0.007717,True,True,0.0202,-0.998,Opposite Directions
24.5,91.875,September,9,T2M,PRECTOTCORR,0.1894,0.364509,0.3351,0.101503,False,False,0.4214,3.1747,Both Increasing
24.5,91.875,September,9,T2M,GWETTOP,0.2329,0.262611,0.4013,0.046808,False,True,0.4214,0.0233,Both Increasing
24.5,91.875,September,9,T2M,ALLSKY_SFC_SW_DWN,0.2926,0.155726,0.1881,0.367766,False,False,0.4214,-0.0364,Opposite Directions
24.5,91.875,September,9,PRECTOTCORR,GWETTOP,0.7699,7e-06,0.7968,2e-06,True,True,3.1747,0.0233,Both Increasing
24.5,91.875,September,9,PRECTOTCORR,ALLSKY_SFC_SW_DWN,-0.6225,0.000891,-0.5685,0.003028,True,True,3.1747,-0.0364,Opposite Directions
24.5,91.875,September,9,GWETTOP,ALLSKY_SFC_SW_DWN,-0.4565,0.021814,-0.4741,0.016652,True,True,0.0233,-0.0364,Opposite Directions
24.5,91.875,October,10,T2M,PRECTOTCORR,0.4773,0.015826,0.5017,0.010607,True,True,0.4573,2.9238,Both Increasing
24.5,91.875,October,10,T2M,GWETTOP,0.3824,0.059252,0.4801,0.015147,False,True,0.4573,0.0256,Both Increasing
24.5,91.875,October,10,T2M,ALLSKY_SFC_SW_DWN,-0.2537,0.221009,-0.289,0.16124,False,False,0.4573,-0.2568,Opposite Directions
24.5,91.875,October,10,PRECTOTCORR,GWETTOP,0.8648,0.0,0.8825,0.0,True,True,2.9238,0.0256,Both Increasing
24.5,91.875,October,10,PRECTOTCORR,ALLSKY_SFC_SW_DWN,-0.6964,0.00011,-0.7262,4e-05,True,True,2.9238,-0.2568,Opposite Directions
24.5,91.875,October,10,GWETTOP,ALLSKY_SFC_SW_DWN,-0.5269,0.00681,-0.4592,0.020929,True,True,0.0256,-0.2568,Opposite Directions
24.5,91.875,November,11,T2M,PRECTOTCORR,0.2727,0.187226,0.2602,0.209055,False,False,0.4485,0.0418,Both Increasing
24.5,91.875,November,11,T2M,GWETTOP,0.5002,0.010877,0.6378,0.000604,True,True,0.4485,0.0336,Both Increasing
24.5,91.875,November,11,T2M,ALLSKY_SFC_SW_DWN,-0.2847,0.167821,-0.2532,0.222056,False,False,0.4485,0.0073,Both Increasing
24.5,91.875,November,11,PRECTOTCORR,GWETTOP,0.3015,0.142981,0.3697,0.068934,False,False,0.0418,0.0336,Both Increasing
24.5,91.875,November,11,PRECTOTCORR,ALLSKY_SFC_SW_DWN,-0.4806,0.015032,-0.647,0.000473,True,True,0.0418,0.0073,Both Increasing
24.5,91.875,November,11,GWETTOP,ALLSKY_SFC_SW_DWN,-0.038,0.856814,-0.099,0.637917,False,False,0.0336,0.0073,Both Increasing
24.5,91.875,December,12,T2M,PRECTOTCORR,0.3082,0.133928,0.1195,0.569364,False,False,0.3637,0.125,Both Increasing
24.5,91.875,December,12,T2M,GWETTOP,0.0837,0.69089,0.0218,0.917802,False,False,0.3637,0.0526,Both Increasing
24.5,91.875,December,12,T2M,ALLSKY_SFC_SW_DWN,-0.2055,0.324411,-0.2904,0.159004,False,False,0.3637,-0.4819,Opposite Directions
24.5,91.875,December,12,PRECTOTCORR,GWETTOP,0.3935,0.051639,0.1391,0.507387,False,False,0.125,0.0526,Both Increasing
24.5,91.875,December,12,PRECTOTCORR,ALLSKY_SFC_SW_DWN,-0.1148,0.584773,-0.1549,0.45958,False,False,0.125,-0.4819,Opposite Directions
24.5,91.875,December,12,GWETTOP,ALLSKY_SFC_SW_DWN,0.1432,0.494741,0.1162,0.580029,False,False,0.0526,-0.4819,Opposite Directions
24.0,88.75,January,1,T2M,PRECTOTCORR,-0.1497,0.475231,0.074,0.725168,False,False,0.1162,0.2185,Both Increasing
24.0,88.75,January,1,T2M,GWETTOP,-0.4782,0.01562,-0.4184,0.037403,True,True,0.1162,0.0589,Both Increasing
24.0,88.75,January,1,T2M,ALLSKY_SFC_SW_DWN,-0.1762,0.399421,-0.1885,0.366957,False,False,0.1162,-0.7641,Opposite Directions
24.0,88.75,January,1,PRECTOTCORR,GWETTOP,0.4321,0.03099,0.2996,0.145712,True,False,0.2185,0.0589,Both Increasing
24.0,88.75,January,1,PRECTOTCORR,ALLSKY_SFC_SW_DWN,-0.6516,0.000418,-0.6924,0.000125,True,True,0.2185,-0.7641,Opposite Directions
24.0,88.75,January,1,GWETTOP,ALLSKY_SFC_SW_DWN,-0.3119,0.129106,-0.2775,0.179265,False,False,0.0589,-0.7641,Opposite Directions
24.0,88.75,February,2,T2M,PRECTOTCORR,-0.1778,0.395102,-0.2411,0.245557,False,False,-0.2995,0.2,Opposite Directions
24.0,88.75,February,2,T2M,GWETTOP,-0.6457,0.00049,-0.452,0.023317,True,True,-0.2995,0.0413,Opposite Directions
24.0,88.75,February,2,T2M,ALLSKY_SFC_SW_DWN,0.257,0.214997,0.2831,0.170239,False,False,-0.2995,-0.8418,Both Decreasing
24.0,88.75,February,2,PRECTOTCORR,GWETTOP,0.2783,0.177994,0.2261,0.277029,False,False,0.2,0.0413,Both Increasing
24.0,88.75,February,2,PRECTOTCORR,ALLSKY_SFC_SW_DWN,-0.4998,0.010959,-0.5677,0.003077,True,True,0.2,-0.8418,Opposite Directions
24.0,88.75,February,2,GWETTOP,ALLSKY_SFC_SW_DWN,-0.5615,0.003492,-0.6125,0.001134,True,True,0.0413,-0.8418,Opposite Directions
24.0,88.75,March,3,T2M,PRECTOTCORR,-0.3902,0.053822,-0.2862,0.165528,False,False,-0.2831,0.0608,Opposite Directions
24.0,88.75,March,3,T2M,GWETTOP,-0.6819,0.000174,-0.6555,0.000375,True,True,-0.2831,0.0485,Opposite Directions
24.0,88.75,March,3,T2M,ALLSKY_SFC_SW_DWN,0.1035,0.622472,0.0831,0.692989,False,False,-0.2831,-0.5885,Both Decreasing
24.0,88.75,March,3,PRECTOTCORR,GWETTOP,0.3948,0.050804,0.2682,0.194875,False,False,0.0608,0.0485,Both Increasing
24.0,88.75,March,3,PRECTOTCORR,ALLSKY_SFC_SW_DWN,-0.5844,0.002158,-0.5215,0.007502,True,True,0.0608,-0.5885,Opposite Directions
24.0,88.75,March,3,GWETTOP,ALLSKY_SFC_SW_DWN,-0.4221,0.035561,-0.4724,0.01709,True,True,0.0485,-0.5885,Opposite Directions
24.0,88.75,April,4,T2M,PRECTOTCORR,-0.8035,1e-06,-0.8369,0.0,True,True,-0.2272,0.6094,Opposite Directions
24.0,88.75,April,4,T2M,GWETTOP,-0.882,0.0,-0.8548,0.0,True,True,-0.2272,0.025,Opposite Directions
24.0,88.75,April,4,T2M,ALLSKY_SFC_SW_DWN,0.6415,0.000548,0.6019,0.001457,True,True,-0.2272,-0.5806,Both Decreasing
24.0,88.75,April,4,PRECTOTCORR,GWETTOP,0.8809,0.0,0.8844,0.0,True,True,0.6094,0.025,Both Increasing
24.0,88.75,April,4,PRECTOTCORR,ALLSKY_SFC_SW_DWN,-0.6343,0.000661,-0.7197,5e-05,True,True,0.6094,-0.5806,Opposite Directions
24.0,88.75,April,4,GWETTOP,ALLSKY_SFC_SW_DWN,-0.6514,0.00042,-0.6336,0.000673,True,True,0.025,-0.5806,Opposite Directions
24.0,88.75,May,5,T2M,PRECTOTCORR,-0.7815,4e-06,-0.7823,4e-06,True,True,-0.8641,2.2362,Opposite Directions
24.0,88.75,May,5,T2M,GWETTOP,-0.9683,0.0,-0.9665,0.0,True,True,-0.8641,0.0683,Opposite Directions
24.0,88.75,May,5,T2M,ALLSKY_SFC_SW_DWN,0.5663,0.00317,0.6162,0.00104,True,True,-0.8641,-0.9025,Both Decreasing
24.0,88.75,May,5,PRECTOTCORR,GWETTOP,0.7907,3e-06,0.8239,0.0,True,True,2.2362,0.0683,Both Increasing
24.0,88.75,May,5,PRECTOTCORR,ALLSKY_SFC_SW_DWN,-0.6632,0.000302,-0.6738,0.000222,True,True,2.2362,-0.9025,Opposite Directions
24.0,88.75,May,5,GWETTOP,ALLSKY_SFC_SW_DWN,-0.5271,0.006786,-0.5881,0.001991,True,True,0.0683,-0.9025,Opposite Directions
24.0,88.75,June,6,T2M,PRECTOTCORR,-0.6343,0.000662,-0.487,0.013547,True,True,-0.0974,-0.0825,Both Decreasing
24.0,88.75,June,6,T2M,GWETTOP,-0.9029,0.0,-0.8681,0.0,True,True,-0.0974,0.0422,Opposite Directions
24.0,88.75,June,6,T2M,ALLSKY_SFC_SW_DWN,0.4045,0.044895,0.4169,0.038137,True,True,-0.0974,0.3394,Opposite Directions
24.0,88.75,June,6,PRECTOTCORR,GWETTOP,0.7275,3.8e-05,0.5558,0.003916,True,True,-0.0825,0.0422,Opposite Directions
24.0,88.75,June,6,PRECTOTCORR,ALLSKY_SFC_SW_DWN,-0.6494,0.000444,-0.6313,0.000714,True,True,-0.0825,0.3394,Opposite Directions
24.0,88.75,June,6,GWETTOP,ALLSKY_SFC_SW_DWN,-0.3559,0.080761,-0.2364,0.255231,False,False,0.0422,0.3394,Both Increasing
24.0,88.75,July,7,T2M,PRECTOTCORR,-0.4714,0.017372,-0.429,0.032358,True,True,0.2333,1.351,Both Increasing
24.0,88.75,July,7,T2M,GWETTOP,-0.7189,5.2e-05,-0.6839,0.000164,True,True,0.2333,0.0152,Both Increasing
24.0,88.75,July,7,T2M,ALLSKY_SFC_SW_DWN,0.5239,0.007184,0.4691,0.017998,True,True,0.2333,0.2282,Both Increasing
24.0,88.75,July,7,PRECTOTCORR,GWETTOP,0.67,0.000249,0.7025,9e-05,True,True,1.351,0.0152,Both Increasing
24.0,88.75,July,7,PRECTOTCORR,ALLSKY_SFC_SW_DWN,-0.7166,5.6e-05,-0.6836,0.000165,True,True,1.351,0.2282,Both Increasing
24.0,88.75,July,7,GWETTOP,ALLSKY_SFC_SW_DWN,-0.5854,0.00211,-0.5012,0.01071,True,True,0.0152,0.2282,Both Increasing
24.0,88.75,August,8,T2M,PRECTOTCORR,-0.4772,0.01586,-0.4756,0.016255,True,True,0.0366,1.9816,Both Increasing
24.0,88.75,August,8,T2M,GWETTOP,-0.5351,0.00585,-0.488,0.013324,True,True,0.0366,0.0386,Both Increasing
24.0,88.75,August,8,T2M,ALLSKY_SFC_SW_DWN,0.3484,0.087893,0.3954,0.050414,False,False,0.0366,-0.7111,Opposite Directions
24.0,88.75,August,8,PRECTOTCORR,GWETTOP,0.5983,0.001582,0.5751,0.002635,True,True,1.9816,0.0386,Both Increasing
24.0,88.75,August,8,PRECTOTCORR,ALLSKY_SFC_SW_DWN,-0.7166,5.6e-05,-0.7695,7e-06,True,True,1.9816,-0.7111,Opposite Directions
24.0,88.75,August,8,GWETTOP,ALLSKY_SFC_SW_DWN,-0.4164,0.038389,-0.3654,0.072463,True,False,0.0386,-0.7111,Opposite Directions
24.0,88.75,September,9,T2M,PRECTOTCORR,0.1134,0.589255,-0.0119,0.954874,False,False,0.2868,1.309,Both Increasing
24.0,88.75,September,9,T2M,GWETTOP,0.0535,0.799554,0.1719,0.411313,False,False,0.2868,0.0448,Both Increasing
24.0,88.75,September,9,T2M,ALLSKY_SFC_SW_DWN,0.1146,0.585295,0.1033,0.623064,False,False,0.2868,-0.3404,Opposite Directions
24.0,88.75,September,9,PRECTOTCORR,GWETTOP,0.5478,0.004583,0.5358,0.005775,True,True,1.309,0.0448,Both Increasing
24.0,88.75,September,9,PRECTOTCORR,ALLSKY_SFC_SW_DWN,-0.5592,0.003657,-0.6136,0.001106,True,True,1.309,-0.3404,Opposite Directions
24.0,88.75,September,9,GWETTOP,ALLSKY_SFC_SW_DWN,-0.2138,0.304708,-0.2345,0.259218,False,False,0.0448,-0.3404,Opposite Directions
24.0,88.75,October,10,T2M,PRECTOTCORR,0.1811,0.386195,0.0909,0.665799,False,False,0.4162,0.7338,Both Increasing
24.0,88.75,October,10,T2M,GWETTOP,0.2452,0.237384,0.2303,0.267987,False,False,0.4162,0.0332,Both Increasing
24.0,88.75,October,10,T2M,ALLSKY_SFC_SW_DWN,-0.3652,0.072671,-0.4071,0.043418,False,True,0.4162,-0.5002,Opposite Directions
24.0,88.75,October,10,PRECTOTCORR,GWETTOP,0.6938,0.00012,0.7432,2.1e-05,True,True,0.7338,0.0332,Both Increasing
24.0,88.75,October,10,PRECTOTCORR,ALLSKY_SFC_SW_DWN,-0.7921,2e-06,-0.7807,4e-06,True,True,0.7338,-0.5002,Opposite Directions
24.0,88.75,October,10,GWETTOP,ALLSKY_SFC_SW_DWN,-0.4873,0.013486,-0.5299,0.006437,True,True,0.0332,-0.5002,Opposite Directions
24.0,88.75,November,11,T2M,PRECTOTCORR,-0.4248,0.034292,-0.0317,0.880511,True,False,0.0979,0.0386,Both Increasing
24.0,88.75,November,11,T2M,GWETTOP,-0.3883,0.055083,-0.3462,0.089983,False,False,0.0979,0.0443,Both Increasing
24.0,88.75,November,11,T2M,ALLSKY_SFC_SW_DWN,-0.2088,0.31658,-0.3423,0.093938,False,False,0.0979,-0.4879,Opposite Directions
24.0,88.75,November,11,PRECTOTCORR,GWETTOP,0.2098,0.314123,0.3467,0.089489,False,False,0.0386,0.0443,Both Increasing
24.0,88.75,November,11,PRECTOTCORR,ALLSKY_SFC_SW_DWN,-0.3461,0.090152,-0.4681,0.018272,False,True,0.0386,-0.4879,Opposite Directions
24.0,88.75,November,11,GWETTOP,ALLSKY_SFC_SW_DWN,0.0207,0.92187,0.0318,0.88011,False,False,0.0443,-0.4879,Opposite Directions
24.0,88.75,December,12,T2M,PRECTOTCORR,0.1824,0.382964,0.1791,0.391626,False,False,-0.0735,0.2976,Opposite Directions
24.0,88.75,December,12,T2M,GWETTOP,-0.3654,0.072503,-0.4076,0.043133,False,True,-0.0735,0.0672,Opposite Directions
24.0,88.75,December,12,T2M,ALLSKY_SFC_SW_DWN,-0.2139,0.304673,-0.0285,0.892511,False,False,-0.0735,-0.9264,Both Decreasing
24.0,88.75,December,12,PRECTOTCORR,GWETTOP,0.2963,0.150362,0.08,0.703873,False,False,0.2976,0.0672,Both Increasing
24.0,88.75,December,12,PRECTOTCORR,ALLSKY_SFC_SW_DWN,-0.1665,0.426488,-0.3444,0.091796,False,False,0.2976,-0.9264,Opposite Directions
24.0,88.75,December,12,GWETTOP,ALLSKY_SFC_SW_DWN,-0.0506,0.81012,-0.0919,0.662156,False,False,0.0672,-0.9264,Opposite Directions
24.0,89.375,January,1,T2M,PRECTOTCORR,-0.1702,0.415877,0.077,0.71448,False,False,0.0739,0.3038,Both Increasing
24.0,89.375,January,1,T2M,GWETTOP,-0.4471,0.02505,-0.3873,0.055766,True,False,0.0739,0.0736,Both Increasing
24.0,89.375,January,1,T2M,ALLSKY_SFC_SW_DWN,-0.0379,0.857265,-0.0781,0.71061,False,False,0.0739,-0.8892,Opposite Directions
24.0,89.375,January,1,PRECTOTCORR,GWETTOP,0.527,0.006795,0.2807,0.174072,True,False,0.3038,0.0736,Both Increasing
24.0,89.375,January,1,PRECTOTCORR,ALLSKY_SFC_SW_DWN,-0.6351,0.000648,-0.7188,5.2e-05,True,True,0.3038,-0.8892,Opposite Directions
24.0,89.375,January,1,GWETTOP,ALLSKY_SFC_SW_DWN,-0.476,0.016151,-0.3731,0.066237,True,False,0.0736,-0.8892,Opposite Directions
24.0,89.375,February,2,T2M,PRECTOTCORR,-0.159,0.447716,-0.1372,0.513245,False,False,-0.3558,0.2155,Opposite Directions
24.0,89.375,February,2,T2M,GWETTOP,-0.6103,0.001196,-0.2957,0.15124,True,False,-0.3558,0.0546,Opposite Directions
24.0,89.375,February,2,T2M,ALLSKY_SFC_SW_DWN,0.2113,0.310562,0.1774,0.396217,False,False,-0.3558,-1.0228,Both Decreasing
24.0,89.375,February,2,PRECTOTCORR,GWETTOP,0.233,0.262337,0.0227,0.91431,False,False,0.2155,0.0546,Both Increasing
24.0,89.375,February,2,PRECTOTCORR,ALLSKY_SFC_SW_DWN,-0.4224,0.035414,-0.4715,0.017346,True,True,0.2155,-1.0228,Opposite Directions
24.0,89.375,February,2,GWETTOP,ALLSKY_SFC_SW_DWN,-0.5788,0.002435,-0.5754,0.002617,True,True,0.0546,-1.0228,Opposite Directions
24.0,89.375,March,3,T2M,PRECTOTCORR,-0.4322,0.030956,-0.3478,0.088425,True,False,-0.3479,0.175,Opposite Directions
24.0,89.375,March,3,T2M,GWETTOP,-0.6885,0.000142,-0.6747,0.000216,True,True,-0.3479,0.0545,Opposite Directions
24.0,89.375,March,3,T2M,ALLSKY_SFC_SW_DWN,0.0796,0.705244,-0.0158,0.94034,False,False,-0.3479,-0.6396,Both Decreasing
24.0,89.375,March,3,PRECTOTCORR,GWETTOP,0.5198,0.00774,0.4061,0.043985,True,True,0.175,0.0545,Both Increasing
24.0,89.375,March,3,PRECTOTCORR,ALLSKY_SFC_SW_DWN,-0.6256,0.000824,-0.4331,0.03058,True,True,0.175,-0.6396,Opposite Directions
24.0,89.375,March,3,GWETTOP,ALLSKY_SFC_SW_DWN,-0.433,0.030604,-0.4053,0.044426,True,True,0.0545,-0.6396,Opposite Directions
24.0,89.375,April,4,T2M,PRECTOTCORR,-0.8441,0.0,-0.823,0.0,True,True,-0.3104,0.9526,Opposite Directions
24.0,89.375,April,4,T2M,GWETTOP,-0.8866,0.0,-0.8248,0.0,True,True,-0.3104,0.0371,Opposite Directions
24.0,89.375,April,4,T2M,ALLSKY_SFC_SW_DWN,0.564,0.003317,0.5033,0.010332,True,True,-0.3104,-0.5808,Both Decreasing
24.0,89.375,April,4,PRECTOTCORR,GWETTOP,0.901,0.0,0.8654,0.0,True,True,0.9526,0.0371,Both Increasing
24.0,89.375,April,4,PRECTOTCORR,ALLSKY_SFC_SW_DWN,-0.6284,0.000768,-0.7492,1.6e-05,True,True,0.9526,-0.5808,Opposite Directions
24.0,89.375,April,4,GWETTOP,ALLSKY_SFC_SW_DWN,-0.603,0.001419,-0.6021,0.00145,True,True,0.0371,-0.5808,Opposite Directions
24.0,89.375,May,5,T2M,PRECTOTCORR,-0.8174,1e-06,-0.8521,0.0,True,True,-0.8925,3.487,Opposite Directions
24.0,89.375,May,5,T2M,GWETTOP,-0.9452,0.0,-0.9541,0.0,True,True,-0.8925,0.1005,Opposite Directions
24.0,89.375,May,5,T2M,ALLSKY_SFC_SW_DWN,0.522,0.007445,0.551,0.004311,True,True,-0.8925,-0.8804,Both Decreasing
24.0,89.375,May,5,PRECTOTCORR,GWETTOP,0.8166,1e-06,0.8993,0.0,True,True,3.487,0.1005,Both Increasing
24.0,89.375,May,5,PRECTOTCORR,ALLSKY_SFC_SW_DWN,-0.5872,0.002028,-0.6786,0.000192,True,True,3.487,-0.8804,Opposite Directions
24.0,89.375,May,5,GWETTOP,ALLSKY_SFC_SW_DWN,-0.4499,0.024032,-0.5422,0.005112,True,True,0.1005,-0.8804,Opposite Directions
24.0,89.375,June,6,T2M,PRECTOTCORR,-0.5287,0.006582,-0.3331,0.103674,True,False,-0.2455,0.9678,Opposite Directions
24.0,89.375,June,6,T2M,GWETTOP,-0.8303,0.0,-0.758,1.1e-05,True,True,-0.2455,0.0932,Opposite Directions
24.0,89.375,June,6,T2M,ALLSKY_SFC_SW_DWN,0.1604,0.443665,0.1289,0.53918,False,False,-0.2455,0.4043,Opposite Directions
24.0,89.375,June,6,PRECTOTCORR,GWETTOP,0.6723,0.000232,0.5407,0.005261,True,True,0.9678,0.0932,Both Increasing
24.0,89.375,June,6,PRECTOTCORR,ALLSKY_SFC_SW_DWN,-0.3748,0.064907,-0.3685,0.069872,False,False,0.9678,0.4043,Both Increasing
24.0,89.375,June,6,GWETTOP,ALLSKY_SFC_SW_DWN,-0.0121,0.95438,0.1581,0.450229,False,False,0.0932,0.4043,Both Increasing
24.0,89.375,July,7,T2M,PRECTOTCORR,-0.4199,0.036639,-0.4189,0.037126,True,True,0.1447,2.1688,Both Increasing
24.0,89.375,July,7,T2M,GWETTOP,-0.5039,0.010219,-0.4969,0.011505,True,True,0.1447,0.043,Both Increasing
24.0,89.375,July,7,T2M,ALLSKY_SFC_SW_DWN,0.49,0.012905,0.5119,0.008897,True,True,0.1447,0.2462,Both Increasing
24.0,89.375,July,7,PRECTOTCORR,GWETTOP,0.6993,0.0001,0.7508,1.5e-05,True,True,2.1688,0.043,Both Increasing
24.0,89.375,July,7,PRECTOTCORR,ALLSKY_SFC_SW_DWN,-0.6663,0.000277,-0.7355,2.8e-05,True,True,2.1688,0.2462,Both Increasing
24.0,89.375,July,7,GWETTOP,ALLSKY_SFC_SW_DWN,-0.484,0.014215,-0.4921,0.012466,True,True,0.043,0.2462,Both Increasing
24.0,89.375,August,8,T2M,PRECTOTCORR,-0.3111,0.130038,-0.3294,0.107828,False,False,0.0133,3.0536,Both Increasing
24.0,89.375,August,8,T2M,GWETTOP,-0.3019,0.142482,-0.3214,0.117159,False,False,0.0133,0.0528,Both Increasing
24.0,89.375,August,8,T2M,ALLSKY_SFC_SW_DWN,0.3016,0.142891,0.3256,0.112181,False,False,0.0133,-0.7242,Opposite Directions
24.0,89.375,August,8,PRECTOTCORR,GWETTOP,0.703,8.9e-05,0.7378,2.6e-05,True,True,3.0536,0.0528,Both Increasing
24.0,89.375,August,8,PRECTOTCORR,ALLSKY_SFC_SW_DWN,-0.6046,0.001369,-0.5901,0.001902,True,True,3.0536,-0.7242,Opposite Directions
24.0,89.375,August,8,GWETTOP,ALLSKY_SFC_SW_DWN,-0.446,0.025449,-0.4025,0.046065,True,True,0.0528,-0.7242,Opposite Directions
24.0,89.375,September,9,T2M,PRECTOTCORR,0.238,0.251856,0.3169,0.122711,False,False,0.3078,1.8132,Both Increasing
24.0,89.375,September,9,T2M,GWETTOP,0.2654,0.199781,0.4595,0.020828,False,True,0.3078,0.0471,Both Increasing
24.0,89.375,September,9,T2M,ALLSKY_SFC_SW_DWN,0.0838,0.690541,-0.1991,0.339981,False,False,0.3078,-0.1985,Opposite Directions
24.0,89.375,September,9,PRECTOTCORR,GWETTOP,0.631,0.00072,0.7436,2e-05,True,True,1.8132,0.0471,Both Increasing
24.0,89.375,September,9,PRECTOTCORR,ALLSKY_SFC_SW_DWN,-0.6643,0.000293,-0.6409,0.000557,True,True,1.8132,-0.1985,Opposite Directions
24.0,89.375,September,9,GWETTOP,ALLSKY_SFC_SW_DWN,-0.3205,0.118292,-0.4285,0.032565,False,True,0.0471,-0.1985,Opposite Directions
24.0,89.375,October,10,T2M,PRECTOTCORR,0.2187,0.293686,0.0662,0.753293,False,False,0.4056,1.7205,Both Increasing
24.0,89.375,October,10,T2M,GWETTOP,0.2479,0.23226,0.1759,0.400397,False,False,0.4056,0.0373,Both Increasing
24.0,89.375,October,10,T2M,ALLSKY_SFC_SW_DWN,-0.2695,0.192689,-0.2308,0.266975,False,False,0.4056,-0.3481,Opposite Directions
24.0,89.375,October,10,PRECTOTCORR,GWETTOP,0.8353,0.0,0.861,0.0,True,True,1.7205,0.0373,Both Increasing
24.0,89.375,October,10,PRECTOTCORR,ALLSKY_SFC_SW_DWN,-0.7309,3.3e-05,-0.7963,2e-06,True,True,1.7205,-0.3481,Opposite Directions
24.0,89.375,October,10,GWETTOP,ALLSKY_SFC_SW_DWN,-0.4891,0.013091,-0.6072,0.001287,True,True,0.0373,-0.3481,Opposite Directions
24.0,89.375,November,11,T2M,PRECTOTCORR,-0.3435,0.092691,0.0015,0.994169,False,False,0.1631,0.1379,Both Increasing
24.0,89.375,November,11,T2M,GWETTOP,-0.2236,0.282534,-0.2536,0.221222,False,False,0.1631,0.0497,Both Increasing
24.0,89.375,November,11,T2M,ALLSKY_SFC_SW_DWN,-0.1919,0.358036,-0.3812,0.060105,False,False,0.1631,-0.2705,Opposite Directions
24.0,89.375,November,11,PRECTOTCORR,GWETTOP,0.2808,0.173858,0.3717,0.067342,False,False,0.1379,0.0497,Both Increasing
24.0,89.375,November,11,PRECTOTCORR,ALLSKY_SFC_SW_DWN,-0.3635,0.074052,-0.4781,0.015647,False,True,0.1379,-0.2705,Opposite Directions
24.0,89.375,November,11,GWETTOP,ALLSKY_SFC_SW_DWN,0.1085,0.605608,0.1076,0.608696,False,False,0.0497,-0.2705,Opposite Directions
24.0,89.375,December,12,T2M,PRECTOTCORR,0.2107,0.311915,0.2227,0.284724,False,False,-0.0443,0.3975,Opposite Directions
24.0,89.375,December,12,T2M,GWETTOP,-0.2539,0.220708,-0.2465,0.234831,False,False,-0.0443,0.0715,Opposite Directions
24.0,89.375,December,12,T2M,ALLSKY_SFC_SW_DWN,-0.1244,0.553636,-0.0323,0.878132,False,False,-0.0443,-0.8895,Both Decreasing
24.0,89.375,December,12,PRECTOTCORR,GWETTOP,0.427,0.033286,0.2104,0.312652,True,False,0.3975,0.0715,Both Increasing
24.0,89.375,December,12,PRECTOTCORR,ALLSKY_SFC_SW_DWN,-0.1508,0.471943,-0.4087,0.042501,False,True,0.3975,-0.8895,Opposite Directions
24.0,89.375,December,12,GWETTOP,ALLSKY_SFC_SW_DWN,0.0141,0.946842,-0.0129,0.951173,False,False,0.0715,-0.8895,Opposite Directions
24.0,90.0,January,1,T2M,PRECTOTCORR,-0.0683,0.745533,0.025,0.905538,False,False,0.1448,0.2782,Both Increasing
24.0,90.0,January,1,T2M,GWETTOP,-0.4484,0.024562,-0.4261,0.033697,True,True,0.1448,0.061,Both Increasing
24.0,90.0,January,1,T2M,ALLSKY_SFC_SW_DWN,-0.057,0.786623,-0.1074,0.60946,False,False,0.1448,-0.8892,Opposite Directions
24.0,90.0,January,1,PRECTOTCORR,GWETTOP,0.4371,0.028918,0.3372,0.099322,True,False,0.2782,0.061,Both Increasing
24.0,90.0,January,1,PRECTOTCORR,ALLSKY_SFC_SW_DWN,-0.6548,0.000383,-0.7112,6.7e-05,True,True,0.2782,-0.8892,Opposite Directions
24.0,90.0,January,1,GWETTOP,ALLSKY_SFC_SW_DWN,-0.444,0.026193,-0.3682,0.070179,True,False,0.061,-0.8892,Opposite Directions
24.0,90.0,February,2,T2M,PRECTOTCORR,-0.1164,0.579432,-0.1026,0.625669,False,False,-0.3137,0.1788,Opposite Directions
24.0,90.0,February,2,T2M,GWETTOP,-0.5483,0.004539,-0.3132,0.127388,True,False,-0.3137,0.0496,Opposite Directions
24.0,90.0,February,2,T2M,ALLSKY_SFC_SW_DWN,0.2092,0.31551,0.2307,0.267195,False,False,-0.3137,-1.0228,Both Decreasing
24.0,90.0,February,2,PRECTOTCORR,GWETTOP,0.18,0.389213,0.0324,0.877758,False,False,0.1788,0.0496,Both Increasing
24.0,90.0,February,2,PRECTOTCORR,ALLSKY_SFC_SW_DWN,-0.3779,0.062541,-0.434,0.030182,False,True,0.1788,-1.0228,Opposite Directions
24.0,90.0,February,2,GWETTOP,ALLSKY_SFC_SW_DWN,-0.5733,0.002735,-0.5815,0.002297,True,True,0.0496,-1.0228,Opposite Directions
24.0,90.0,March,3,T2M,PRECTOTCORR,-0.4438,0.026267,-0.3536,0.082919,True,False,-0.335,0.2448,Opposite Directions
24.0,90.0,March,3,T2M,GWETTOP,-0.6787,0.000192,-0.5951,0.001703,True,True,-0.335,0.0488,Opposite Directions
24.0,90.0,March,3,T2M,ALLSKY_SFC_SW_DWN,0.1696,0.41778,0.0823,0.695642,False,False,-0.335,-0.6396,Both Decreasing
24.0,90.0,March,3,PRECTOTCORR,GWETTOP,0.5864,0.002065,0.5484,0.004539,True,True,0.2448,0.0488,Both Increasing
24.0,90.0,March,3,PRECTOTCORR,ALLSKY_SFC_SW_DWN,-0.6751,0.000213,-0.5409,0.005243,True,True,0.2448,-0.6396,Opposite Directions
24.0,90.0,March,3,GWETTOP,ALLSKY_SFC_SW_DWN,-0.5387,0.005464,-0.5187,0.00789,True,True,0.0488,-0.6396,Opposite Directions
24.0,90.0,April,4,T2M,PRECTOTCORR,-0.83,0.0,-0.8002,2e-06,True,True,-0.2551,0.9545,Opposite Directions
24.0,90.0,April,4,T2M,GWETTOP,-0.8716,0.0,-0.7227,4.5e-05,True,True,-0.2551,0.0329,Opposite Directions
24.0,90.0,April,4,T2M,ALLSKY_SFC_SW_DWN,0.5859,0.002089,0.5347,0.005888,True,True,-0.2551,-0.5808,Both Decreasing
24.0,90.0,April,4,PRECTOTCORR,GWETTOP,0.8889,0.0,0.7311,3.3e-05,True,True,0.9545,0.0329,Both Increasing
24.0,90.0,April,4,PRECTOTCORR,ALLSKY_SFC_SW_DWN,-0.639,0.000585,-0.7734,6e-06,True,True,0.9545,-0.5808,Opposite Directions
24.0,90.0,April,4,GWETTOP,ALLSKY_SFC_SW_DWN,-0.565,0.003253,-0.5212,0.00755,True,True,0.0329,-0.5808,Opposite Directions
24.0,90.0,May,5,T2M,PRECTOTCORR,-0.8075,1e-06,-0.779,4e-06,True,True,-0.6355,3.9463,Opposite Directions
24.0,90.0,May,5,T2M,GWETTOP,-0.9183,0.0,-0.9396,0.0,True,True,-0.6355,0.0952,Opposite Directions
24.0,90.0,May,5,T2M,ALLSKY_SFC_SW_DWN,0.5449,0.004851,0.5696,0.002955,True,True,-0.6355,-0.8804,Both Decreasing
24.0,90.0,May,5,PRECTOTCORR,GWETTOP,0.8307,0.0,0.8469,0.0,True,True,3.9463,0.0952,Both Increasing
24.0,90.0,May,5,PRECTOTCORR,ALLSKY_SFC_SW_DWN,-0.6399,0.000572,-0.7205,4.9e-05,True,True,3.9463,-0.8804,Opposite Directions
24.0,90.0,May,5,GWETTOP,ALLSKY_SFC_SW_DWN,-0.4328,0.030696,-0.5252,0.007024,True,True,0.0952,-0.8804,Opposite Directions
24.0,90.0,June,6,T2M,PRECTOTCORR,-0.5332,0.006053,-0.3478,0.088425,True,False,-0.1383,1.3342,Opposite Directions
24.0,90.0,June,6,T2M,GWETTOP,-0.7788,5e-06,-0.6588,0.000342,True,True,-0.1383,0.0928,Opposite Directions
24.0,90.0,June,6,T2M,ALLSKY_SFC_SW_DWN,0.1953,0.34957,0.1832,0.380774,False,False,-0.1383,0.4043,Opposite Directions
24.0,90.0,June,6,PRECTOTCORR,GWETTOP,0.7012,9.4e-05,0.6351,0.000648,True,True,1.3342,0.0928,Both Increasing
24.0,90.0,June,6,PRECTOTCORR,ALLSKY_SFC_SW_DWN,-0.3312,0.105853,-0.2412,0.245436,False,False,1.3342,0.4043,Both Increasing
24.0,90.0,June,6,GWETTOP,ALLSKY_SFC_SW_DWN,0.0358,0.864992,0.2117,0.309587,False,False,0.0928,0.4043,Both Increasing
24.0,90.0,July,7,T2M,PRECTOTCORR,-0.347,0.089202,-0.282,0.171977,False,False,0.1514,2.1752,Both Increasing
24.0,90.0,July,7,T2M,GWETTOP,-0.3804,0.06071,-0.2286,0.271802,False,False,0.1514,0.0367,Both Increasing
24.0,90.0,July,7,T2M,ALLSKY_SFC_SW_DWN,0.4587,0.021082,0.4451,0.025789,True,True,0.1514,0.2462,Both Increasing
24.0,90.0,July,7,PRECTOTCORR,GWETTOP,0.6821,0.000173,0.7575,1.2e-05,True,True,2.1752,0.0367,Both Increasing
24.0,90.0,July,7,PRECTOTCORR,ALLSKY_SFC_SW_DWN,-0.6638,0.000297,-0.7294,3.5e-05,True,True,2.1752,0.2462,Both Increasing
24.0,90.0,July,7,GWETTOP,ALLSKY_SFC_SW_DWN,-0.4364,0.029187,-0.4869,0.013573,True,True,0.0367,0.2462,Both Increasing
24.0,90.0,August,8,T2M,PRECTOTCORR,-0.0859,0.682991,-0.0492,0.815223,False,False,0.0542,3.3311,Both Increasing
24.0,90.0,August,8,T2M,GWETTOP,-0.1304,0.534436,-0.157,0.453504,False,False,0.0542,0.0396,Both Increasing
24.0,90.0,August,8,T2M,ALLSKY_SFC_SW_DWN,0.2839,0.169098,0.2531,0.222148,False,False,0.0542,-0.7242,Opposite Directions
24.0,90.0,August,8,PRECTOTCORR,GWETTOP,0.6765,0.000205,0.696,0.000112,True,True,3.3311,0.0396,Both Increasing
24.0,90.0,August,8,PRECTOTCORR,ALLSKY_SFC_SW_DWN,-0.5605,0.003566,-0.6286,0.000765,True,True,3.3311,-0.7242,Opposite Directions
24.0,90.0,August,8,GWETTOP,ALLSKY_SFC_SW_DWN,-0.4357,0.029475,-0.366,0.071961,True,False,0.0396,-0.7242,Opposite Directions
24.0,90.0,September,9,T2M,PRECTOTCORR,0.1687,0.420274,0.4391,0.028091,False,True,0.3402,1.394,Both Increasing
24.0,90.0,September,9,T2M,GWETTOP,0.291,0.158157,0.4679,0.018327,False,True,0.3402,0.0348,Both Increasing
24.0,90.0,September,9,T2M,ALLSKY_SFC_SW_DWN,0.0182,0.9311,-0.235,0.258176,False,False,0.3402,-0.1985,Opposite Directions
24.0,90.0,September,9,PRECTOTCORR,GWETTOP,0.5998,0.001529,0.6979,0.000105,True,True,1.394,0.0348,Both Increasing
24.0,90.0,September,9,PRECTOTCORR,ALLSKY_SFC_SW_DWN,-0.6539,0.000393,-0.4293,0.032223,True,True,1.394,-0.1985,Opposite Directions
24.0,90.0,September,9,GWETTOP,ALLSKY_SFC_SW_DWN,-0.297,0.149409,-0.4006,0.047234,False,True,0.0348,-0.1985,Opposite Directions
24.0,90.0,October,10,T2M,PRECTOTCORR,0.2679,0.195341,0.1116,0.595485,False,False,0.4355,2.2305,Both Increasing
24.0,90.0,October,10,T2M,GWETTOP,0.2687,0.194027,0.2253,0.278833,False,False,0.4355,0.0281,Both Increasing
24.0,90.0,October,10,T2M,ALLSKY_SFC_SW_DWN,-0.2412,0.245454,-0.2408,0.246306,False,False,0.4355,-0.3481,Opposite Directions
24.0,90.0,October,10,PRECTOTCORR,GWETTOP,0.881,0.0,0.8976,0.0,True,True,2.2305,0.0281,Both Increasing
24.0,90.0,October,10,PRECTOTCORR,ALLSKY_SFC_SW_DWN,-0.6719,0.000235,-0.7121,6.5e-05,True,True,2.2305,-0.3481,Opposite Directions
24.0,90.0,October,10,GWETTOP,ALLSKY_SFC_SW_DWN,-0.5549,0.003987,-0.6427,0.000531,True,True,0.0281,-0.3481,Opposite Directions
24.0,90.0,November,11,T2M,PRECTOTCORR,-0.1389,0.507883,0.0166,0.937387,False,False,0.1984,0.207,Both Increasing
24.0,90.0,November,11,T2M,GWETTOP,-0.1739,0.405675,-0.1651,0.430412,False,False,0.1984,0.0455,Both Increasing
24.0,90.0,November,11,T2M,ALLSKY_SFC_SW_DWN,-0.2015,0.334126,-0.2651,0.200296,False,False,0.1984,-0.2705,Opposite Directions
24.0,90.0,November,11,PRECTOTCORR,GWETTOP,0.3363,0.100244,0.4173,0.03794,False,True,0.207,0.0455,Both Increasing
24.0,90.0,November,11,PRECTOTCORR,ALLSKY_SFC_SW_DWN,-0.307,0.13555,-0.4097,0.04196,False,True,0.207,-0.2705,Opposite Directions
24.0,90.0,November,11,GWETTOP,ALLSKY_SFC_SW_DWN,0.0819,0.696971,0.1086,0.605246,False,False,0.0455,-0.2705,Opposite Directions
24.0,90.0,December,12,T2M,PRECTOTCORR,0.236,0.256139,0.1912,0.3599,False,False,0.0441,0.4158,Both Increasing
24.0,90.0,December,12,T2M,GWETTOP,-0.1165,0.579261,-0.2017,0.333727,False,False,0.0441,0.0617,Both Increasing
24.0,90.0,December,12,T2M,ALLSKY_SFC_SW_DWN,-0.1336,0.524379,-0.0873,0.678037,False,False,0.0441,-0.8895,Opposite Directions
24.0,90.0,December,12,PRECTOTCORR,GWETTOP,0.5233,0.007272,0.3088,0.133163,True,False,0.4158,0.0617,Both Increasing
24.0,90.0,December,12,PRECTOTCORR,ALLSKY_SFC_SW_DWN,-0.124,0.554914,-0.3704,0.068324,False,False,0.4158,-0.8895,Opposite Directions
24.0,90.0,December,12,GWETTOP,ALLSKY_SFC_SW_DWN,0.0504,0.810848,0.0535,0.799534,False,False,0.0617,-0.8895,Opposite Directions
24.0,90.625,January,1,T2M,PRECTOTCORR,-0.094,0.654993,-0.1113,0.596448,False,False,0.0975,0.14,Both Increasing
24.0,90.625,January,1,T2M,GWETTOP,-0.5123,0.008836,-0.4415,0.027132,True,True,0.0975,0.0626,Both Increasing
24.0,90.625,January,1,T2M,ALLSKY_SFC_SW_DWN,0.0845,0.687825,0.0492,0.815153,False,False,0.0975,-0.786,Opposite Directions
24.0,90.625,January,1,PRECTOTCORR,GWETTOP,0.3657,0.072247,0.4232,0.03502,False,True,0.14,0.0626,Both Increasing
24.0,90.625,January,1,PRECTOTCORR,ALLSKY_SFC_SW_DWN,-0.6185,0.000983,-0.7119,6.6e-05,True,True,0.14,-0.786,Opposite Directions
24.0,90.625,January,1,GWETTOP,ALLSKY_SFC_SW_DWN,-0.4465,0.025271,-0.4234,0.034949,True,True,0.0626,-0.786,Opposite Directions
24.0,90.625,February,2,T2M,PRECTOTCORR,-0.0257,0.902959,-0.0429,0.838653,False,False,-0.3045,0.1209,Opposite Directions
24.0,90.625,February,2,T2M,GWETTOP,-0.5225,0.007374,-0.3977,0.048965,True,True,-0.3045,0.0425,Opposite Directions
24.0,90.625,February,2,T2M,ALLSKY_SFC_SW_DWN,0.1858,0.373864,0.2636,0.203018,False,False,-0.3045,-0.9354,Both Decreasing
24.0,90.625,February,2,PRECTOTCORR,GWETTOP,0.1148,0.58484,0.0319,0.879671,False,False,0.1209,0.0425,Both Increasing
24.0,90.625,February,2,PRECTOTCORR,ALLSKY_SFC_SW_DWN,-0.4309,0.031514,-0.4179,0.037665,True,True,0.1209,-0.9354,Opposite Directions
24.0,90.625,February,2,GWETTOP,ALLSKY_SFC_SW_DWN,-0.578,0.002478,-0.5818,0.002283,True,True,0.0425,-0.9354,Opposite Directions
24.0,90.625,March,3,T2M,PRECTOTCORR,-0.4279,0.032863,-0.2977,0.148302,True,False,-0.2362,0.2505,Opposite Directions
24.0,90.625,March,3,T2M,GWETTOP,-0.6555,0.000376,-0.6278,0.00078,True,True,-0.2362,0.0366,Opposite Directions
24.0,90.625,March,3,T2M,ALLSKY_SFC_SW_DWN,0.0703,0.738265,0.0346,0.869498,False,False,-0.2362,-0.5078,Both Decreasing
24.0,90.625,March,3,PRECTOTCORR,GWETTOP,0.6904,0.000133,0.6437,0.000517,True,True,0.2505,0.0366,Both Increasing
24.0,90.625,March,3,PRECTOTCORR,ALLSKY_SFC_SW_DWN,-0.6971,0.000108,-0.71,7e-05,True,True,0.2505,-0.5078,Opposite Directions
24.0,90.625,March,3,GWETTOP,ALLSKY_SFC_SW_DWN,-0.5432,0.005016,-0.4987,0.011156,True,True,0.0366,-0.5078,Opposite Directions
24.0,90.625,April,4,T2M,PRECTOTCORR,-0.8182,1e-06,-0.7625,9e-06,True,True,-0.1544,0.762,Opposite Directions
24.0,90.625,April,4,T2M,GWETTOP,-0.8309,0.0,-0.774,6e-06,True,True,-0.1544,0.028,Opposite Directions
24.0,90.625,April,4,T2M,ALLSKY_SFC_SW_DWN,0.6345,0.000658,0.5289,0.006555,True,True,-0.1544,-0.3795,Both Decreasing
24.0,90.625,April,4,PRECTOTCORR,GWETTOP,0.8729,0.0,0.7141,6.1e-05,True,True,0.762,0.028,Both Increasing
24.0,90.625,April,4,PRECTOTCORR,ALLSKY_SFC_SW_DWN,-0.7365,2.7e-05,-0.8254,0.0,True,True,0.762,-0.3795,Opposite Directions
24.0,90.625,April,4,GWETTOP,ALLSKY_SFC_SW_DWN,-0.5658,0.003198,-0.4735,0.016813,True,True,0.028,-0.3795,Opposite Directions
24.0,90.625,May,5,T2M,PRECTOTCORR,-0.7081,7.5e-05,-0.65,0.000437,True,True,-0.3514,3.8364,Opposite Directions
24.0,90.625,May,5,T2M,GWETTOP,-0.8916,0.0,-0.8908,0.0,True,True,-0.3514,0.0745,Opposite Directions
24.0,90.625,May,5,T2M,ALLSKY_SFC_SW_DWN,0.6026,0.001432,0.5414,0.005191,True,True,-0.3514,-0.4582,Both Decreasing
24.0,90.625,May,5,PRECTOTCORR,GWETTOP,0.778,5e-06,0.8327,0.0,True,True,3.8364,0.0745,Both Increasing
24.0,90.625,May,5,PRECTOTCORR,ALLSKY_SFC_SW_DWN,-0.6993,0.0001,-0.6976,0.000106,True,True,3.8364,-0.4582,Opposite Directions
24.0,90.625,May,5,GWETTOP,ALLSKY_SFC_SW_DWN,-0.4977,0.011349,-0.5419,0.005144,True,True,0.0745,-0.4582,Opposite Directions
24.0,90.625,June,6,T2M,PRECTOTCORR,-0.4697,0.017838,-0.407,0.043462,True,True,-0.0243,1.5738,Opposite Directions
24.0,90.625,June,6,T2M,GWETTOP,-0.669,0.000256,-0.6197,0.000953,True,True,-0.0243,0.0713,Opposite Directions
24.0,90.625,June,6,T2M,ALLSKY_SFC_SW_DWN,0.197,0.345172,0.1725,0.409516,False,False,-0.0243,0.149,Opposite Directions
24.0,90.625,June,6,PRECTOTCORR,GWETTOP,0.7048,8.4e-05,0.6834,0.000166,True,True,1.5738,0.0713,Both Increasing
24.0,90.625,June,6,PRECTOTCORR,ALLSKY_SFC_SW_DWN,-0.4123,0.040555,-0.3004,0.144492,True,False,1.5738,0.149,Both Increasing
24.0,90.625,June,6,GWETTOP,ALLSKY_SFC_SW_DWN,-0.0045,0.98305,0.1221,0.560841,False,False,0.0713,0.149,Both Increasing
24.0,90.625,July,7,T2M,PRECTOTCORR,-0.3092,0.132591,-0.2428,0.242158,False,False,0.1671,1.7469,Both Increasing
24.0,90.625,July,7,T2M,GWETTOP,-0.1572,0.452872,-0.1617,0.440054,False,False,0.1671,0.0288,Both Increasing
24.0,90.625,July,7,T2M,ALLSKY_SFC_SW_DWN,0.4585,0.021174,0.464,0.019462,True,True,0.1671,0.2188,Both Increasing
24.0,90.625,July,7,PRECTOTCORR,GWETTOP,0.7184,5.2e-05,0.742,2.2e-05,True,True,1.7469,0.0288,Both Increasing
24.0,90.625,July,7,PRECTOTCORR,ALLSKY_SFC_SW_DWN,-0.7546,1.3e-05,-0.8217,0.0,True,True,1.7469,0.2188,Both Increasing
24.0,90.625,July,7,GWETTOP,ALLSKY_SFC_SW_DWN,-0.4928,0.012312,-0.5403,0.005304,True,True,0.0288,0.2188,Both Increasing
24.0,90.625,August,8,T2M,PRECTOTCORR,0.0189,0.928519,0.0912,0.664646,False,False,0.0747,3.439,Both Increasing
24.0,90.625,August,8,T2M,GWETTOP,0.0558,0.791193,0.0168,0.936403,False,False,0.0747,0.0299,Both Increasing
24.0,90.625,August,8,T2M,ALLSKY_SFC_SW_DWN,0.1998,0.338182,0.1578,0.451379,False,False,0.0747,-0.8736,Opposite Directions
24.0,90.625,August,8,PRECTOTCORR,GWETTOP,0.6459,0.000488,0.6832,0.000167,True,True,3.439,0.0299,Both Increasing
24.0,90.625,August,8,PRECTOTCORR,ALLSKY_SFC_SW_DWN,-0.5901,0.001904,-0.7476,1.7e-05,True,True,3.439,-0.8736,Opposite Directions
24.0,90.625,August,8,GWETTOP,ALLSKY_SFC_SW_DWN,-0.431,0.031479,-0.4038,0.045287,True,True,0.0299,-0.8736,Opposite Directions
24.0,90.625,September,9,T2M,PRECTOTCORR,0.1105,0.599053,0.4602,0.020613,False,True,0.3603,1.209,Both Increasing
24.0,90.625,September,9,T2M,GWETTOP,0.3099,0.131657,0.4476,0.024856,False,True,0.3603,0.0297,Both Increasing
24.0,90.625,September,9,T2M,ALLSKY_SFC_SW_DWN,0.0457,0.828217,-0.1671,0.424525,False,False,0.3603,-0.1239,Opposite Directions
24.0,90.625,September,9,PRECTOTCORR,GWETTOP,0.6106,0.001189,0.6708,0.000243,True,True,1.209,0.0297,Both Increasing
24.0,90.625,September,9,PRECTOTCORR,ALLSKY_SFC_SW_DWN,-0.6638,0.000297,-0.4713,0.017389,True,True,1.209,-0.1239,Opposite Directions
24.0,90.625,September,9,GWETTOP,ALLSKY_SFC_SW_DWN,-0.3991,0.048121,-0.4388,0.028197,True,True,0.0297,-0.1239,Opposite Directions
24.0,90.625,October,10,T2M,PRECTOTCORR,0.3783,0.062243,0.2909,0.15826,False,False,0.4523,2.2948,Both Increasing
24.0,90.625,October,10,T2M,GWETTOP,0.2905,0.158892,0.3093,0.1324,False,False,0.4523,0.0297,Both Increasing
24.0,90.625,October,10,T2M,ALLSKY_SFC_SW_DWN,-0.3316,0.105422,-0.3017,0.142719,False,False,0.4523,-0.4431,Opposite Directions
24.0,90.625,October,10,PRECTOTCORR,GWETTOP,0.8372,0.0,0.8559,0.0,True,True,2.2948,0.0297,Both Increasing
24.0,90.625,October,10,PRECTOTCORR,ALLSKY_SFC_SW_DWN,-0.6784,0.000193,-0.6315,0.00071,True,True,2.2948,-0.4431,Opposite Directions
24.0,90.625,October,10,GWETTOP,ALLSKY_SFC_SW_DWN,-0.5628,0.003403,-0.5443,0.004913,True,True,0.0297,-0.4431,Opposite Directions
24.0,90.625,November,11,T2M,PRECTOTCORR,0.0887,0.673261,0.1134,0.589319,False,False,0.1945,0.2183,Both Increasing
24.0,90.625,November,11,T2M,GWETTOP,-0.1587,0.448717,-0.1191,0.570695,False,False,0.1945,0.052,Both Increasing
24.0,90.625,November,11,T2M,ALLSKY_SFC_SW_DWN,-0.2955,0.151524,-0.2942,0.153421,False,False,0.1945,-0.2663,Opposite Directions
24.0,90.625,November,11,PRECTOTCORR,GWETTOP,0.3659,0.072066,0.4851,0.013965,False,True,0.2183,0.052,Both Increasing
24.0,90.625,November,11,PRECTOTCORR,ALLSKY_SFC_SW_DWN,-0.3698,0.068808,-0.3916,0.052906,False,False,0.2183,-0.2663,Opposite Directions
24.0,90.625,November,11,GWETTOP,ALLSKY_SFC_SW_DWN,-0.0163,0.938533,0.0688,0.743792,False,False,0.052,-0.2663,Opposite Directions
24.0,90.625,December,12,T2M,PRECTOTCORR,0.2225,0.285056,0.1775,0.396032,False,False,0.0163,0.377,Both Increasing
24.0,90.625,December,12,T2M,GWETTOP,-0.149,0.477078,-0.1684,0.421011,False,False,0.0163,0.0713,Both Increasing
24.0,90.625,December,12,T2M,ALLSKY_SFC_SW_DWN,-0.1072,0.609982,-0.1238,0.55532,False,False,0.0163,-0.8821,Opposite Directions
24.0,90.625,December,12,PRECTOTCORR,GWETTOP,0.4916,0.012564,0.2006,0.336368,True,False,0.377,0.0713,Both Increasing
24.0,90.625,December,12,PRECTOTCORR,ALLSKY_SFC_SW_DWN,-0.0636,0.762649,-0.1906,0.361527,False,False,0.377,-0.8821,Opposite Directions
24.0,90.625,December,12,GWETTOP,ALLSKY_SFC_SW_DWN,0.0572,0.785884,0.1094,0.602533,False,False,0.0713,-0.8821,Opposite Directions
24.0,91.25,January,1,T2M,PRECTOTCORR,-0.3135,0.127001,-0.1718,0.411625,False,False,0.0553,0.0036,Both Increasing
24.0,91.25,January,1,T2M,GWETTOP,-0.5065,0.009781,-0.424,0.03465,True,True,0.0553,0.0662,Both Increasing
24.0,91.25,January,1,T2M,ALLSKY_SFC_SW_DWN,0.1734,0.407216,0.1593,0.44692,False,False,0.0553,-0.5268,Opposite Directions
24.0,91.25,January,1,PRECTOTCORR,GWETTOP,0.4356,0.029522,0.4679,0.018338,True,True,0.0036,0.0662,Both Increasing
24.0,91.25,January,1,PRECTOTCORR,ALLSKY_SFC_SW_DWN,-0.4923,0.012431,-0.6634,0.000301,True,True,0.0036,-0.5268,Opposite Directions
24.0,91.25,January,1,GWETTOP,ALLSKY_SFC_SW_DWN,-0.3019,0.142437,-0.2907,0.158657,False,False,0.0662,-0.5268,Opposite Directions
24.0,91.25,February,2,T2M,PRECTOTCORR,0.0623,0.767499,-0.0173,0.934531,False,False,-0.3415,0.087,Opposite Directions
24.0,91.25,February,2,T2M,GWETTOP,-0.5182,0.007959,-0.4512,0.023597,True,True,-0.3415,0.0413,Opposite Directions
24.0,91.25,February,2,T2M,ALLSKY_SFC_SW_DWN,0.2274,0.274334,0.3362,0.100327,False,False,-0.3415,-0.7691,Both Decreasing
24.0,91.25,February,2,PRECTOTCORR,GWETTOP,0.0841,0.689284,0.101,0.630999,False,False,0.087,0.0413,Both Increasing
24.0,91.25,February,2,PRECTOTCORR,ALLSKY_SFC_SW_DWN,-0.577,0.002529,-0.507,0.009689,True,True,0.087,-0.7691,Opposite Directions
24.0,91.25,February,2,GWETTOP,ALLSKY_SFC_SW_DWN,-0.5093,0.009321,-0.5544,0.004032,True,True,0.0413,-0.7691,Opposite Directions
24.0,91.25,March,3,T2M,PRECTOTCORR,-0.4299,0.031957,-0.1681,0.421737,True,False,-0.2085,0.2475,Opposite Directions
24.0,91.25,March,3,T2M,GWETTOP,-0.6302,0.000733,-0.5595,0.003639,True,True,-0.2085,0.0307,Opposite Directions
24.0,91.25,March,3,T2M,ALLSKY_SFC_SW_DWN,0.0829,0.693677,0.0327,0.876692,False,False,-0.2085,-0.3305,Both Decreasing
24.0,91.25,March,3,PRECTOTCORR,GWETTOP,0.7253,4.1e-05,0.6491,0.000447,True,True,0.2475,0.0307,Both Increasing
24.0,91.25,March,3,PRECTOTCORR,ALLSKY_SFC_SW_DWN,-0.691,0.000131,-0.6555,0.000375,True,True,0.2475,-0.3305,Opposite Directions
24.0,91.25,March,3,GWETTOP,ALLSKY_SFC_SW_DWN,-0.4618,0.020136,-0.4317,0.031153,True,True,0.0307,-0.3305,Opposite Directions
24.0,91.25,April,4,T2M,PRECTOTCORR,-0.8074,1e-06,-0.8198,1e-06,True,True,-0.1297,0.5789,Opposite Directions
24.0,91.25,April,4,T2M,GWETTOP,-0.838,0.0,-0.847,0.0,True,True,-0.1297,0.0273,Opposite Directions
24.0,91.25,April,4,T2M,ALLSKY_SFC_SW_DWN,0.6808,0.00018,0.647,0.000473,True,True,-0.1297,-0.2378,Both Decreasing
24.0,91.25,April,4,PRECTOTCORR,GWETTOP,0.8853,0.0,0.8112,1e-06,True,True,0.5789,0.0273,Both Increasing
24.0,91.25,April,4,PRECTOTCORR,ALLSKY_SFC_SW_DWN,-0.7825,4e-06,-0.8423,0.0,True,True,0.5789,-0.2378,Opposite Directions
24.0,91.25,April,4,GWETTOP,ALLSKY_SFC_SW_DWN,-0.636,0.000633,-0.6058,0.001331,True,True,0.0273,-0.2378,Opposite Directions
24.0,91.25,May,5,T2M,PRECTOTCORR,-0.6178,0.000999,-0.5705,0.002903,True,True,-0.1158,3.5468,Opposite Directions
24.0,91.25,May,5,T2M,GWETTOP,-0.8849,0.0,-0.9072,0.0,True,True,-0.1158,0.0517,Opposite Directions
24.0,91.25,May,5,T2M,ALLSKY_SFC_SW_DWN,0.578,0.002479,0.4875,0.013442,True,True,-0.1158,-0.1616,Both Decreasing
24.0,91.25,May,5,PRECTOTCORR,GWETTOP,0.7272,3.8e-05,0.7461,1.9e-05,True,True,3.5468,0.0517,Both Increasing
24.0,91.25,May,5,PRECTOTCORR,ALLSKY_SFC_SW_DWN,-0.6508,0.000427,-0.6294,0.00075,True,True,3.5468,-0.1616,Opposite Directions
24.0,91.25,May,5,GWETTOP,ALLSKY_SFC_SW_DWN,-0.4902,0.012865,-0.4877,0.013402,True,True,0.0517,-0.1616,Opposite Directions
24.0,91.25,June,6,T2M,PRECTOTCORR,-0.2272,0.274743,-0.234,0.260187,False,False,0.0502,1.8188,Both Increasing
24.0,91.25,June,6,T2M,GWETTOP,-0.4343,0.030071,-0.4495,0.024175,True,True,0.0502,0.051,Both Increasing
24.0,91.25,June,6,T2M,ALLSKY_SFC_SW_DWN,0.2608,0.207895,0.3279,0.109511,False,False,0.0502,0.0278,Both Increasing
24.0,91.25,June,6,PRECTOTCORR,GWETTOP,0.6082,0.001257,0.5676,0.003081,True,True,1.8188,0.051,Both Increasing
24.0,91.25,June,6,PRECTOTCORR,ALLSKY_SFC_SW_DWN,-0.4281,0.03279,-0.4338,0.030253,True,True,1.8188,0.0278,Both Increasing
24.0,91.25,June,6,GWETTOP,ALLSKY_SFC_SW_DWN,-0.0127,0.952059,0.0413,0.844642,False,False,0.051,0.0278,Both Increasing
24.0,91.25,July,7,T2M,PRECTOTCORR,-0.3054,0.137685,-0.2496,0.228844,False,False,0.1938,1.1497,Both Increasing
24.0,91.25,July,7,T2M,GWETTOP,-0.0173,0.934524,-0.0723,0.731321,False,False,0.1938,0.0259,Both Increasing
24.0,91.25,July,7,T2M,ALLSKY_SFC_SW_DWN,0.5022,0.010523,0.4646,0.019303,True,True,0.1938,0.4496,Both Increasing
24.0,91.25,July,7,PRECTOTCORR,GWETTOP,0.6777,0.000198,0.7001,9.8e-05,True,True,1.1497,0.0259,Both Increasing
24.0,91.25,July,7,PRECTOTCORR,ALLSKY_SFC_SW_DWN,-0.7674,8e-06,-0.8431,0.0,True,True,1.1497,0.4496,Both Increasing
24.0,91.25,July,7,GWETTOP,ALLSKY_SFC_SW_DWN,-0.4123,0.040573,-0.5446,0.004883,True,True,0.0259,0.4496,Both Increasing
24.0,91.25,August,8,T2M,PRECTOTCORR,-0.05,0.812318,-0.0592,0.778527,False,False,0.0503,3.3298,Both Increasing
24.0,91.25,August,8,T2M,GWETTOP,0.1345,0.521647,0.1259,0.548653,False,False,0.0503,0.0269,Both Increasing
24.0,91.25,August,8,T2M,ALLSKY_SFC_SW_DWN,0.2412,0.245403,0.3646,0.073131,False,False,0.0503,-0.7572,Opposite Directions
24.0,91.25,August,8,PRECTOTCORR,GWETTOP,0.5677,0.003074,0.4483,0.02461,True,True,3.3298,0.0269,Both Increasing
24.0,91.25,August,8,PRECTOTCORR,ALLSKY_SFC_SW_DWN,-0.6177,0.001002,-0.6785,0.000193,True,True,3.3298,-0.7572,Opposite Directions
24.0,91.25,August,8,GWETTOP,ALLSKY_SFC_SW_DWN,-0.2731,0.186588,-0.2329,0.262634,False,False,0.0269,-0.7572,Opposite Directions
24.0,91.25,September,9,T2M,PRECTOTCORR,0.1186,0.57248,0.4177,0.037722,False,True,0.3561,1.3388,Both Increasing
24.0,91.25,September,9,T2M,GWETTOP,0.3978,0.048926,0.5054,0.009962,True,True,0.3561,0.0309,Both Increasing
24.0,91.25,September,9,T2M,ALLSKY_SFC_SW_DWN,0.2009,0.335533,0.0315,0.881013,False,False,0.3561,0.1495,Both Increasing
24.0,91.25,September,9,PRECTOTCORR,GWETTOP,0.6657,0.000282,0.6632,0.000302,True,True,1.3388,0.0309,Both Increasing
24.0,91.25,September,9,PRECTOTCORR,ALLSKY_SFC_SW_DWN,-0.5909,0.001869,-0.3875,0.055669,True,False,1.3388,0.1495,Both Increasing
24.0,91.25,September,9,GWETTOP,ALLSKY_SFC_SW_DWN,-0.4028,0.045874,-0.3789,0.061759,True,False,0.0309,0.1495,Both Increasing
24.0,91.25,October,10,T2M,PRECTOTCORR,0.4081,0.042874,0.3338,0.1029,True,False,0.4667,1.9932,Both Increasing
24.0,91.25,October,10,T2M,GWETTOP,0.2736,0.185707,0.2987,0.146991,False,False,0.4667,0.0293,Both Increasing
24.0,91.25,October,10,T2M,ALLSKY_SFC_SW_DWN,-0.2472,0.233529,-0.2582,0.212746,False,False,0.4667,-0.2448,Opposite Directions
24.0,91.25,October,10,PRECTOTCORR,GWETTOP,0.7559,1.2e-05,0.7856,3e-06,True,True,1.9932,0.0293,Both Increasing
24.0,91.25,October,10,PRECTOTCORR,ALLSKY_SFC_SW_DWN,-0.6473,0.00047,-0.5444,0.004896,True,True,1.9932,-0.2448,Opposite Directions
24.0,91.25,October,10,GWETTOP,ALLSKY_SFC_SW_DWN,-0.3645,0.073198,-0.2561,0.216524,False,False,0.0293,-0.2448,Opposite Directions
24.0,91.25,November,11,T2M,PRECTOTCORR,0.2413,0.245232,0.0666,0.751763,False,False,0.3122,0.1798,Both Increasing
24.0,91.25,November,11,T2M,GWETTOP,0.1403,0.503655,0.2726,0.187465,False,False,0.3122,0.049,Both Increasing
24.0,91.25,November,11,T2M,ALLSKY_SFC_SW_DWN,-0.1647,0.43154,-0.0623,0.767325,False,False,0.3122,-0.0601,Opposite Directions
24.0,91.25,November,11,PRECTOTCORR,GWETTOP,0.3843,0.057891,0.4704,0.017648,False,True,0.1798,0.049,Both Increasing
24.0,91.25,November,11,PRECTOTCORR,ALLSKY_SFC_SW_DWN,-0.5488,0.004495,-0.7215,4.7e-05,True,True,0.1798,-0.0601,Opposite Directions
24.0,91.25,November,11,GWETTOP,ALLSKY_SFC_SW_DWN,-0.2467,0.234473,-0.219,0.292976,False,False,0.049,-0.0601,Opposite Directions
24.0,91.25,December,12,T2M,PRECTOTCORR,0.2789,0.177009,0.1679,0.422362,False,False,0.1199,0.3361,Both Increasing
24.0,91.25,December,12,T2M,GWETTOP,-0.0741,0.724814,-0.1536,0.463676,False,False,0.1199,0.0707,Both Increasing
24.0,91.25,December,12,T2M,ALLSKY_SFC_SW_DWN,-0.2331,0.262083,-0.2092,0.315494,False,False,0.1199,-0.5165,Opposite Directions
24.0,91.25,December,12,PRECTOTCORR,GWETTOP,0.4426,0.02672,0.1118,0.594552,True,False,0.3361,0.0707,Both Increasing
24.0,91.25,December,12,PRECTOTCORR,ALLSKY_SFC_SW_DWN,-0.1597,0.445778,-0.2319,0.264771,False,False,0.3361,-0.5165,Opposite Directions
24.0,91.25,December,12,GWETTOP,ALLSKY_SFC_SW_DWN,0.1595,0.446231,0.152,0.468234,False,False,0.0707,-0.5165,Opposite Directions
23.5,89.375,January,1,T2M,PRECTOTCORR,-0.1687,0.420175,0.0531,0.800929,False,False,0.0063,0.1979,Both Increasing
23.5,89.375,January,1,T2M,GWETTOP,-0.4659,0.018918,-0.379,0.06173,True,False,0.0063,0.0762,Both Increasing
23.5,89.375,January,1,T2M,ALLSKY_SFC_SW_DWN,-0.0188,0.929092,-0.0439,0.835114,False,False,0.0063,-0.8892,Opposite Directions
23.5,89.375,January,1,PRECTOTCORR,GWETTOP,0.5589,0.00368,0.283,0.170441,True,False,0.1979,0.0762,Both Increasing
23.5,89.375,January,1,PRECTOTCORR,ALLSKY_SFC_SW_DWN,-0.6,0.001523,-0.6902,0.000134,True,True,0.1979,-0.8892,Opposite Directions
23.5,89.375,January,1,GWETTOP,ALLSKY_SFC_SW_DWN,-0.5119,0.008903,-0.4746,0.016529,True,True,0.0762,-0.8892,Opposite Directions
23.5,89.375,February,2,T2M,PRECTOTCORR,-0.0762,0.717357,-0.1158,0.581632,False,False,-0.3594,0.3126,Opposite Directions
23.5,89.375,February,2,T2M,GWETTOP,-0.6754,0.000212,-0.4665,0.018738,True,True,-0.3594,0.0582,Opposite Directions
23.5,89.375,February,2,T2M,ALLSKY_SFC_SW_DWN,0.1846,0.376975,0.1197,0.568786,False,False,-0.3594,-1.0228,Both Decreasing
23.5,89.375,February,2,PRECTOTCORR,GWETTOP,0.1774,0.396122,0.1057,0.615063,False,False,0.3126,0.0582,Both Increasing
23.5,89.375,February,2,PRECTOTCORR,ALLSKY_SFC_SW_DWN,-0.4376,0.028681,-0.5427,0.005067,True,True,0.3126,-1.0228,Opposite Directions
23.5,89.375,February,2,GWETTOP,ALLSKY_SFC_SW_DWN,-0.5696,0.002955,-0.5915,0.001844,True,True,0.0582,-1.0228,Opposite Directions
23.5,89.375,March,3,T2M,PRECTOTCORR,-0.4971,0.011464,-0.4423,0.026833,True,True,-0.4473,0.1866,Opposite Directions
23.5,89.375,March,3,T2M,GWETTOP,-0.7335,3e-05,-0.6766,0.000205,True,True,-0.4473,0.0675,Opposite Directions
23.5,89.375,March,3,T2M,ALLSKY_SFC_SW_DWN,0.0915,0.66354,-0.0046,0.982531,False,False,-0.4473,-0.6396,Both Decreasing
23.5,89.375,March,3,PRECTOTCORR,GWETTOP,0.5276,0.006723,0.4954,0.011804,True,True,0.1866,0.0675,Both Increasing
23.5,89.375,March,3,PRECTOTCORR,ALLSKY_SFC_SW_DWN,-0.6102,0.001199,-0.4577,0.021416,True,True,0.1866,-0.6396,Opposite Directions
23.5,89.375,March,3,GWETTOP,ALLSKY_SFC_SW_DWN,-0.4308,0.031548,-0.4214,0.035929,True,True,0.0675,-0.6396,Opposite Directions
23.5,89.375,April,4,T2M,PRECTOTCORR,-0.8555,0.0,-0.8405,0.0,True,True,-0.3162,1.1595,Opposite Directions
23.5,89.375,April,4,T2M,GWETTOP,-0.8887,0.0,-0.8265,0.0,True,True,-0.3162,0.0438,Opposite Directions
23.5,89.375,April,4,T2M,ALLSKY_SFC_SW_DWN,0.5526,0.004173,0.4695,0.017891,True,True,-0.3162,-0.5808,Both Decreasing
23.5,89.375,April,4,PRECTOTCORR,GWETTOP,0.8855,0.0,0.8631,0.0,True,True,1.1595,0.0438,Both Increasing
23.5,89.375,April,4,PRECTOTCORR,ALLSKY_SFC_SW_DWN,-0.653,0.000402,-0.7495,1.6e-05,True,True,1.1595,-0.5808,Opposite Directions
23.5,89.375,April,4,GWETTOP,ALLSKY_SFC_SW_DWN,-0.6149,0.001073,-0.5968,0.001638,True,True,0.0438,-0.5808,Opposite Directions
23.5,89.375,May,5,T2M,PRECTOTCORR,-0.8104,1e-06,-0.793,2e-06,True,True,-0.8974,3.4507,Opposite Directions
23.5,89.375,May,5,T2M,GWETTOP,-0.9548,0.0,-0.964,0.0,True,True,-0.8974,0.1008,Opposite Directions
23.5,89.375,May,5,T2M,ALLSKY_SFC_SW_DWN,0.5566,0.003859,0.5764,0.002564,True,True,-0.8974,-0.8804,Both Decreasing
23.5,89.375,May,5,PRECTOTCORR,GWETTOP,0.8377,0.0,0.878,0.0,True,True,3.4507,0.1008,Both Increasing
23.5,89.375,May,5,PRECTOTCORR,ALLSKY_SFC_SW_DWN,-0.6501,0.000435,-0.7459,1.9e-05,True,True,3.4507,-0.8804,Opposite Directions
23.5,89.375,May,5,GWETTOP,ALLSKY_SFC_SW_DWN,-0.5136,0.008645,-0.5983,0.001583,True,True,0.1008,-0.8804,Opposite Directions
23.5,89.375,June,6,T2M,PRECTOTCORR,-0.5816,0.002292,-0.3903,0.053717,True,False,-0.2348,0.5343,Opposite Directions
23.5,89.375,June,6,T2M,GWETTOP,-0.852,0.0,-0.7802,4e-06,True,True,-0.2348,0.088,Opposite Directions
23.5,89.375,June,6,T2M,ALLSKY_SFC_SW_DWN,0.071,0.735882,0.0623,0.767237,False,False,-0.2348,0.4043,Opposite Directions
23.5,89.375,June,6,PRECTOTCORR,GWETTOP,0.6597,0.000334,0.5116,0.008954,True,True,0.5343,0.088,Both Increasing
23.5,89.375,June,6,PRECTOTCORR,ALLSKY_SFC_SW_DWN,-0.3976,0.049048,-0.3628,0.074652,True,False,0.5343,0.4043,Both Increasing
23.5,89.375,June,6,GWETTOP,ALLSKY_SFC_SW_DWN,0.0804,0.702348,0.2285,0.271897,False,False,0.088,0.4043,Both Increasing
23.5,89.375,July,7,T2M,PRECTOTCORR,-0.4458,0.02552,-0.2849,0.167487,True,False,0.1408,2.5679,Both Increasing
23.5,89.375,July,7,T2M,GWETTOP,-0.5214,0.007518,-0.5693,0.002976,True,True,0.1408,0.0394,Both Increasing
23.5,89.375,July,7,T2M,ALLSKY_SFC_SW_DWN,0.5048,0.010073,0.4378,0.028609,True,True,0.1408,0.2462,Both Increasing
23.5,89.375,July,7,PRECTOTCORR,GWETTOP,0.7166,5.6e-05,0.724,4.3e-05,True,True,2.5679,0.0394,Both Increasing
23.5,89.375,July,7,PRECTOTCORR,ALLSKY_SFC_SW_DWN,-0.6985,0.000103,-0.7671,8e-06,True,True,2.5679,0.2462,Both Increasing
23.5,89.375,July,7,GWETTOP,ALLSKY_SFC_SW_DWN,-0.5061,0.009838,-0.5374,0.005597,True,True,0.0394,0.2462,Both Increasing
23.5,89.375,August,8,T2M,PRECTOTCORR,-0.2116,0.309983,-0.3006,0.14433,False,False,0.0258,3.6506,Both Increasing
23.5,89.375,August,8,T2M,GWETTOP,-0.3779,0.062552,-0.3401,0.096233,False,False,0.0258,0.0568,Both Increasing
23.5,89.375,August,8,T2M,ALLSKY_SFC_SW_DWN,0.2247,0.280266,0.2837,0.169377,False,False,0.0258,-0.7242,Opposite Directions
23.5,89.375,August,8,PRECTOTCORR,GWETTOP,0.7292,3.5e-05,0.8418,0.0,True,True,3.6506,0.0568,Both Increasing
23.5,89.375,August,8,PRECTOTCORR,ALLSKY_SFC_SW_DWN,-0.4148,0.03922,-0.467,0.018591,True,True,3.6506,-0.7242,Opposite Directions
23.5,89.375,August,8,GWETTOP,ALLSKY_SFC_SW_DWN,-0.3768,0.063354,-0.3577,0.079156,False,False,0.0568,-0.7242,Opposite Directions
23.5,89.375,September,9,T2M,PRECTOTCORR,0.2538,0.220867,0.1945,0.351427,False,False,0.2779,2.0052,Both Increasing
23.5,89.375,September,9,T2M,GWETTOP,0.2446,0.238552,0.3621,0.075304,False,False,0.2779,0.053,Both Increasing
23.5,89.375,September,9,T2M,ALLSKY_SFC_SW_DWN,-0.0517,0.806178,-0.1974,0.344186,False,False,0.2779,-0.1985,Opposite Directions
23.5,89.375,September,9,PRECTOTCORR,GWETTOP,0.6164,0.001034,0.7269,3.9e-05,True,True,2.0052,0.053,Both Increasing
23.5,89.375,September,9,PRECTOTCORR,ALLSKY_SFC_SW_DWN,-0.648,0.000461,-0.6603,0.000329,True,True,2.0052,-0.1985,Opposite Directions
23.5,89.375,September,9,GWETTOP,ALLSKY_SFC_SW_DWN,-0.2879,0.162847,-0.4399,0.027785,False,True,0.053,-0.1985,Opposite Directions
23.5,89.375,October,10,T2M,PRECTOTCORR,0.291,0.158135,0.2112,0.310869,False,False,0.402,1.7456,Both Increasing
23.5,89.375,October,10,T2M,GWETTOP,0.2768,0.180388,0.2816,0.172603,False,False,0.402,0.0413,Both Increasing
23.5,89.375,October,10,T2M,ALLSKY_SFC_SW_DWN,-0.3529,0.083526,-0.3335,0.103251,False,False,0.402,-0.3481,Opposite Directions
23.5,89.375,October,10,PRECTOTCORR,GWETTOP,0.7674,8e-06,0.7846,3e-06,True,True,1.7456,0.0413,Both Increasing
23.5,89.375,October,10,PRECTOTCORR,ALLSKY_SFC_SW_DWN,-0.7051,8.3e-05,-0.7838,4e-06,True,True,1.7456,-0.3481,Opposite Directions
23.5,89.375,October,10,GWETTOP,ALLSKY_SFC_SW_DWN,-0.4316,0.031214,-0.5485,0.004525,True,True,0.0413,-0.3481,Opposite Directions
23.5,89.375,November,11,T2M,PRECTOTCORR,-0.1171,0.577098,0.0574,0.785309,False,False,0.078,0.2491,Both Increasing
23.5,89.375,November,11,T2M,GWETTOP,-0.2322,0.263975,-0.2422,0.243513,False,False,0.078,0.0554,Both Increasing
23.5,89.375,November,11,T2M,ALLSKY_SFC_SW_DWN,-0.2617,0.206302,-0.3785,0.062056,False,False,0.078,-0.2705,Opposite Directions
23.5,89.375,November,11,PRECTOTCORR,GWETTOP,0.3679,0.070372,0.3642,0.073456,False,False,0.2491,0.0554,Both Increasing
23.5,89.375,November,11,PRECTOTCORR,ALLSKY_SFC_SW_DWN,-0.409,0.042358,-0.4939,0.012091,True,True,0.2491,-0.2705,Opposite Directions
23.5,89.375,November,11,GWETTOP,ALLSKY_SFC_SW_DWN,0.0967,0.645642,0.071,0.735771,False,False,0.0554,-0.2705,Opposite Directions
23.5,89.375,December,12,T2M,PRECTOTCORR,0.1475,0.481661,0.1564,0.455225,False,False,-0.1556,0.4672,Opposite Directions
23.5,89.375,December,12,T2M,GWETTOP,-0.2689,0.193611,-0.2919,0.156896,False,False,-0.1556,0.079,Opposite Directions
23.5,89.375,December,12,T2M,ALLSKY_SFC_SW_DWN,-0.0868,0.679828,0.001,0.996359,False,False,-0.1556,-0.8895,Both Decreasing
23.5,89.375,December,12,PRECTOTCORR,GWETTOP,0.5248,0.007066,0.2939,0.153802,True,False,0.4672,0.079,Both Increasing
23.5,89.375,December,12,PRECTOTCORR,ALLSKY_SFC_SW_DWN,-0.1676,0.423314,-0.4054,0.044395,False,True,0.4672,-0.8895,Opposite Directions
23.5,89.375,December,12,GWETTOP,ALLSKY_SFC_SW_DWN,-0.0961,0.647643,-0.1219,0.561464,False,False,0.079,-0.8895,Opposite Directions
23.5,90.0,January,1,T2M,PRECTOTCORR,-0.1629,0.436666,0.0074,0.971876,False,False,0.0086,0.1939,Both Increasing
23.5,90.0,January,1,T2M,GWETTOP,-0.4997,0.010986,-0.4124,0.04051,True,True,0.0086,0.0754,Both Increasing
23.5,90.0,January,1,T2M,ALLSKY_SFC_SW_DWN,-0.0097,0.96314,-0.0435,0.836511,False,False,0.0086,-0.8892,Opposite Directions
23.5,90.0,January,1,PRECTOTCORR,GWETTOP,0.5674,0.003096,0.3093,0.132504,True,False,0.1939,0.0754,Both Increasing
23.5,90.0,January,1,PRECTOTCORR,ALLSKY_SFC_SW_DWN,-0.5843,0.002163,-0.6786,0.000192,True,True,0.1939,-0.8892,Opposite Directions
23.5,90.0,January,1,GWETTOP,ALLSKY_SFC_SW_DWN,-0.4746,0.01652,-0.4002,0.047427,True,True,0.0754,-0.8892,Opposite Directions
23.5,90.0,February,2,T2M,PRECTOTCORR,-0.0829,0.693723,-0.1206,0.565908,False,False,-0.3354,0.2762,Opposite Directions
23.5,90.0,February,2,T2M,GWETTOP,-0.6498,0.000439,-0.3808,0.060387,True,False,-0.3354,0.0541,Opposite Directions
23.5,90.0,February,2,T2M,ALLSKY_SFC_SW_DWN,0.1781,0.394416,0.1466,0.484402,False,False,-0.3354,-1.0228,Both Decreasing
23.5,90.0,February,2,PRECTOTCORR,GWETTOP,0.1804,0.388135,0.0456,0.828757,False,False,0.2762,0.0541,Both Increasing
23.5,90.0,February,2,PRECTOTCORR,ALLSKY_SFC_SW_DWN,-0.3888,0.054771,-0.4782,0.015601,False,True,0.2762,-1.0228,Opposite Directions
23.5,90.0,February,2,GWETTOP,ALLSKY_SFC_SW_DWN,-0.5617,0.003479,-0.5683,0.003039,True,True,0.0541,-1.0228,Opposite Directions
23.5,90.0,March,3,T2M,PRECTOTCORR,-0.5257,0.006952,-0.4301,0.031882,True,True,-0.3911,0.2448,Opposite Directions
23.5,90.0,March,3,T2M,GWETTOP,-0.7451,1.9e-05,-0.6348,0.000652,True,True,-0.3911,0.0502,Opposite Directions
23.5,90.0,March,3,T2M,ALLSKY_SFC_SW_DWN,0.1738,0.406056,0.0446,0.832293,False,False,-0.3911,-0.6396,Both Decreasing
23.5,90.0,March,3,PRECTOTCORR,GWETTOP,0.613,0.001123,0.5831,0.002217,True,True,0.2448,0.0502,Both Increasing
23.5,90.0,March,3,PRECTOTCORR,ALLSKY_SFC_SW_DWN,-0.6746,0.000217,-0.5059,0.009883,True,True,0.2448,-0.6396,Opposite Directions
23.5,90.0,March,3,GWETTOP,ALLSKY_SFC_SW_DWN,-0.5264,0.006863,-0.5076,0.009585,True,True,0.0502,-0.6396,Opposite Directions
23.5,90.0,April,4,T2M,PRECTOTCORR,-0.8568,0.0,-0.8448,0.0,True,True,-0.2568,1.0972,Opposite Directions
23.5,90.0,April,4,T2M,GWETTOP,-0.8822,0.0,-0.799,2e-06,True,True,-0.2568,0.0383,Opposite Directions
23.5,90.0,April,4,T2M,ALLSKY_SFC_SW_DWN,0.5791,0.002417,0.488,0.013338,True,True,-0.2568,-0.5808,Both Decreasing
23.5,90.0,April,4,PRECTOTCORR,GWETTOP,0.8822,0.0,0.7689,7e-06,True,True,1.0972,0.0383,Both Increasing
23.5,90.0,April,4,PRECTOTCORR,ALLSKY_SFC_SW_DWN,-0.6565,0.000365,-0.7249,4.2e-05,True,True,1.0972,-0.5808,Opposite Directions
23.5,90.0,April,4,GWETTOP,ALLSKY_SFC_SW_DWN,-0.5756,0.002608,-0.5178,0.008023,True,True,0.0383,-0.5808,Opposite Directions
23.5,90.0,May,5,T2M,PRECTOTCORR,-0.7936,2e-06,-0.8094,1e-06,True,True,-0.6442,3.7898,Opposite Directions
23.5,90.0,May,5,T2M,GWETTOP,-0.9281,0.0,-0.948,0.0,True,True,-0.6442,0.0984,Opposite Directions
23.5,90.0,May,5,T2M,ALLSKY_SFC_SW_DWN,0.5848,0.002136,0.6064,0.001312,True,True,-0.6442,-0.8804,Both Decreasing
23.5,90.0,May,5,PRECTOTCORR,GWETTOP,0.8081,1e-06,0.8657,0.0,True,True,3.7898,0.0984,Both Increasing
23.5,90.0,May,5,PRECTOTCORR,ALLSKY_SFC_SW_DWN,-0.7371,2.6e-05,-0.7598,1.1e-05,True,True,3.7898,-0.8804,Opposite Directions
23.5,90.0,May,5,GWETTOP,ALLSKY_SFC_SW_DWN,-0.4985,0.011194,-0.6112,0.001171,True,True,0.0984,-0.8804,Opposite Directions
23.5,90.0,June,6,T2M,PRECTOTCORR,-0.6059,0.001328,-0.491,0.012701,True,True,-0.1397,0.5862,Opposite Directions
23.5,90.0,June,6,T2M,GWETTOP,-0.8105,1e-06,-0.7236,4.4e-05,True,True,-0.1397,0.0892,Opposite Directions
23.5,90.0,June,6,T2M,ALLSKY_SFC_SW_DWN,0.121,0.564468,0.1154,0.582704,False,False,-0.1397,0.4043,Opposite Directions
23.5,90.0,June,6,PRECTOTCORR,GWETTOP,0.6522,0.000411,0.5697,0.00295,True,True,0.5862,0.0892,Both Increasing
23.5,90.0,June,6,PRECTOTCORR,ALLSKY_SFC_SW_DWN,-0.3789,0.061818,-0.3436,0.092635,False,False,0.5862,0.4043,Both Increasing
23.5,90.0,June,6,GWETTOP,ALLSKY_SFC_SW_DWN,0.1037,0.621867,0.2373,0.25341,False,False,0.0892,0.4043,Both Increasing
23.5,90.0,July,7,T2M,PRECTOTCORR,-0.3638,0.073832,-0.1821,0.383648,False,False,0.1662,2.5159,Both Increasing
23.5,90.0,July,7,T2M,GWETTOP,-0.3599,0.077204,-0.2542,0.220128,False,False,0.1662,0.0357,Both Increasing
23.5,90.0,July,7,T2M,ALLSKY_SFC_SW_DWN,0.4724,0.017091,0.3685,0.069897,True,False,0.1662,0.2462,Both Increasing
23.5,90.0,July,7,PRECTOTCORR,GWETTOP,0.7074,7.7e-05,0.7316,3.2e-05,True,True,2.5159,0.0357,Both Increasing
23.5,90.0,July,7,PRECTOTCORR,ALLSKY_SFC_SW_DWN,-0.7162,5.7e-05,-0.8259,0.0,True,True,2.5159,0.2462,Both Increasing
23.5,90.0,July,7,GWETTOP,ALLSKY_SFC_SW_DWN,-0.4873,0.013478,-0.561,0.003526,True,True,0.0357,0.2462,Both Increasing
23.5,90.0,August,8,T2M,PRECTOTCORR,0.0607,0.773028,0.067,0.75042,False,False,0.0798,4.0553,Both Increasing
23.5,90.0,August,8,T2M,GWETTOP,-0.0948,0.652048,-0.0897,0.669766,False,False,0.0798,0.0438,Both Increasing
23.5,90.0,August,8,T2M,ALLSKY_SFC_SW_DWN,0.2029,0.330659,0.2013,0.33448,False,False,0.0798,-0.7242,Opposite Directions
23.5,90.0,August,8,PRECTOTCORR,GWETTOP,0.7226,4.5e-05,0.7836,4e-06,True,True,4.0553,0.0438,Both Increasing
23.5,90.0,August,8,PRECTOTCORR,ALLSKY_SFC_SW_DWN,-0.4168,0.038224,-0.5009,0.010764,True,True,4.0553,-0.7242,Opposite Directions
23.5,90.0,August,8,GWETTOP,ALLSKY_SFC_SW_DWN,-0.3832,0.058658,-0.2926,0.155841,False,False,0.0438,-0.7242,Opposite Directions
23.5,90.0,September,9,T2M,PRECTOTCORR,0.2141,0.304173,0.3267,0.110985,False,False,0.32,1.5988,Both Increasing
23.5,90.0,September,9,T2M,GWETTOP,0.3441,0.09217,0.4795,0.015283,False,True,0.32,0.0398,Both Increasing
23.5,90.0,September,9,T2M,ALLSKY_SFC_SW_DWN,-0.1111,0.597026,-0.2917,0.157112,False,False,0.32,-0.1985,Opposite Directions
23.5,90.0,September,9,PRECTOTCORR,GWETTOP,0.5702,0.00292,0.6857,0.000155,True,True,1.5988,0.0398,Both Increasing
23.5,90.0,September,9,PRECTOTCORR,ALLSKY_SFC_SW_DWN,-0.7132,6.3e-05,-0.5459,0.004763,True,True,1.5988,-0.1985,Opposite Directions
23.5,90.0,September,9,GWETTOP,ALLSKY_SFC_SW_DWN,-0.3495,0.086802,-0.4365,0.029135,False,True,0.0398,-0.1985,Opposite Directions
23.5,90.0,October,10,T2M,PRECTOTCORR,0.3252,0.112695,0.2305,0.267606,False,False,0.4331,2.3178,Both Increasing
23.5,90.0,October,10,T2M,GWETTOP,0.3239,0.114232,0.2794,0.176185,False,False,0.4331,0.0351,Both Increasing
23.5,90.0,October,10,T2M,ALLSKY_SFC_SW_DWN,-0.3424,0.093881,-0.2755,0.182566,False,False,0.4331,-0.3481,Opposite Directions
23.5,90.0,October,10,PRECTOTCORR,GWETTOP,0.8192,1e-06,0.8458,0.0,True,True,2.3178,0.0351,Both Increasing
23.5,90.0,October,10,PRECTOTCORR,ALLSKY_SFC_SW_DWN,-0.6042,0.001381,-0.6436,0.000519,True,True,2.3178,-0.3481,Opposite Directions
23.5,90.0,October,10,GWETTOP,ALLSKY_SFC_SW_DWN,-0.5001,0.010911,-0.6312,0.000717,True,True,0.0351,-0.3481,Opposite Directions
23.5,90.0,November,11,T2M,PRECTOTCORR,0.0566,0.788219,0.0974,0.643172,False,False,0.1155,0.421,Both Increasing
23.5,90.0,November,11,T2M,GWETTOP,-0.1922,0.357437,-0.2062,0.322604,False,False,0.1155,0.0515,Both Increasing
23.5,90.0,November,11,T2M,ALLSKY_SFC_SW_DWN,-0.3006,0.144226,-0.3585,0.078421,False,False,0.1155,-0.2705,Opposite Directions
23.5,90.0,November,11,PRECTOTCORR,GWETTOP,0.4185,0.037341,0.4761,0.016145,True,True,0.421,0.0515,Both Increasing
23.5,90.0,November,11,PRECTOTCORR,ALLSKY_SFC_SW_DWN,-0.3769,0.063259,-0.465,0.01916,False,True,0.421,-0.2705,Opposite Directions
23.5,90.0,November,11,GWETTOP,ALLSKY_SFC_SW_DWN,0.0839,0.690173,0.1286,0.540147,False,False,0.0515,-0.2705,Opposite Directions
23.5,90.0,December,12,T2M,PRECTOTCORR,0.1648,0.431026,0.0825,0.695139,False,False,-0.1002,0.4675,Opposite Directions
23.5,90.0,December,12,T2M,GWETTOP,-0.2414,0.24504,-0.2545,0.219608,False,False,-0.1002,0.0747,Opposite Directions
23.5,90.0,December,12,T2M,ALLSKY_SFC_SW_DWN,-0.1126,0.592109,-0.0385,0.85514,False,False,-0.1002,-0.8895,Both Decreasing
23.5,90.0,December,12,PRECTOTCORR,GWETTOP,0.5315,0.00625,0.3252,0.112726,True,False,0.4675,0.0747,Both Increasing
23.5,90.0,December,12,PRECTOTCORR,ALLSKY_SFC_SW_DWN,-0.1363,0.515984,-0.3565,0.080228,False,False,0.4675,-0.8895,Opposite Directions
23.5,90.0,December,12,GWETTOP,ALLSKY_SFC_SW_DWN,-0.0211,0.920076,-0.015,0.943202,False,False,0.0747,-0.8895,Opposite Directions
23.5,90.625,January,1,T2M,PRECTOTCORR,-0.1795,0.390663,-0.1025,0.626012,False,False,0.0347,0.1219,Both Increasing
23.5,90.625,January,1,T2M,GWETTOP,-0.4896,0.012978,-0.3941,0.051275,True,False,0.0347,0.0788,Both Increasing
23.5,90.625,January,1,T2M,ALLSKY_SFC_SW_DWN,0.0747,0.722605,0.0296,0.888201,False,False,0.0347,-0.786,Opposite Directions
23.5,90.625,January,1,PRECTOTCORR,GWETTOP,0.5021,0.010534,0.402,0.046341,True,True,0.1219,0.0788,Both Increasing
23.5,90.625,January,1,PRECTOTCORR,ALLSKY_SFC_SW_DWN,-0.4951,0.011866,-0.6349,0.00065,True,True,0.1219,-0.786,Opposite Directions
23.5,90.625,January,1,GWETTOP,ALLSKY_SFC_SW_DWN,-0.4496,0.024138,-0.3902,0.053829,True,False,0.0788,-0.786,Opposite Directions
23.5,90.625,February,2,T2M,PRECTOTCORR,-0.0399,0.849729,-0.0539,0.798044,False,False,-0.3642,0.1952,Opposite Directions
23.5,90.625,February,2,T2M,GWETTOP,-0.6276,0.000784,-0.4012,0.046844,True,True,-0.3642,0.0578,Opposite Directions
23.5,90.625,February,2,T2M,ALLSKY_SFC_SW_DWN,0.1679,0.422313,0.1978,0.343322,False,False,-0.3642,-0.9354,Both Decreasing
23.5,90.625,February,2,PRECTOTCORR,GWETTOP,0.0791,0.707201,-0.0302,0.886236,False,False,0.1952,0.0578,Both Increasing
23.5,90.625,February,2,PRECTOTCORR,ALLSKY_SFC_SW_DWN,-0.4026,0.046037,-0.4112,0.041163,True,True,0.1952,-0.9354,Opposite Directions
23.5,90.625,February,2,GWETTOP,ALLSKY_SFC_SW_DWN,-0.5442,0.004917,-0.51,0.009209,True,True,0.0578,-0.9354,Opposite Directions
23.5,90.625,March,3,T2M,PRECTOTCORR,-0.5462,0.004732,-0.4005,0.047289,True,True,-0.311,0.3212,Opposite Directions
23.5,90.625,March,3,T2M,GWETTOP,-0.7401,2.3e-05,-0.6169,0.001021,True,True,-0.311,0.0425,Opposite Directions
23.5,90.625,March,3,T2M,ALLSKY_SFC_SW_DWN,0.127,0.545219,0.0731,0.728484,False,False,-0.311,-0.5078,Both Decreasing
23.5,90.625,March,3,PRECTOTCORR,GWETTOP,0.6938,0.00012,0.6176,0.001004,True,True,0.3212,0.0425,Both Increasing
23.5,90.625,March,3,PRECTOTCORR,ALLSKY_SFC_SW_DWN,-0.6803,0.000183,-0.6617,0.000316,True,True,0.3212,-0.5078,Opposite Directions
23.5,90.625,March,3,GWETTOP,ALLSKY_SFC_SW_DWN,-0.5205,0.007644,-0.5368,0.005659,True,True,0.0425,-0.5078,Opposite Directions
23.5,90.625,April,4,T2M,PRECTOTCORR,-0.8479,0.0,-0.8315,0.0,True,True,-0.1757,0.9088,Opposite Directions
23.5,90.625,April,4,T2M,GWETTOP,-0.8428,0.0,-0.7635,9e-06,True,True,-0.1757,0.0375,Opposite Directions
23.5,90.625,April,4,T2M,ALLSKY_SFC_SW_DWN,0.6195,0.000959,0.464,0.019462,True,True,-0.1757,-0.3795,Both Decreasing
23.5,90.625,April,4,PRECTOTCORR,GWETTOP,0.8767,0.0,0.7063,8e-05,True,True,0.9088,0.0375,Both Increasing
23.5,90.625,April,4,PRECTOTCORR,ALLSKY_SFC_SW_DWN,-0.7195,5e-05,-0.7092,7.2e-05,True,True,0.9088,-0.3795,Opposite Directions
23.5,90.625,April,4,GWETTOP,ALLSKY_SFC_SW_DWN,-0.5459,0.004759,-0.4509,0.02368,True,True,0.0375,-0.3795,Opposite Directions
23.5,90.625,May,5,T2M,PRECTOTCORR,-0.6889,0.00014,-0.6946,0.000117,True,True,-0.3172,3.5954,Opposite Directions
23.5,90.625,May,5,T2M,GWETTOP,-0.8961,0.0,-0.9143,0.0,True,True,-0.3172,0.0774,Opposite Directions
23.5,90.625,May,5,T2M,ALLSKY_SFC_SW_DWN,0.6543,0.000388,0.6324,0.000694,True,True,-0.3172,-0.4582,Both Decreasing
23.5,90.625,May,5,PRECTOTCORR,GWETTOP,0.7469,1.8e-05,0.8407,0.0,True,True,3.5954,0.0774,Both Increasing
23.5,90.625,May,5,PRECTOTCORR,ALLSKY_SFC_SW_DWN,-0.7846,3e-06,-0.7751,5e-06,True,True,3.5954,-0.4582,Opposite Directions
23.5,90.625,May,5,GWETTOP,ALLSKY_SFC_SW_DWN,-0.5367,0.005672,-0.6,0.001522,True,True,0.0774,-0.4582,Opposite Directions
23.5,90.625,June,6,T2M,PRECTOTCORR,-0.5482,0.004548,-0.4831,0.014442,True,True,-0.0129,0.8242,Opposite Directions
23.5,90.625,June,6,T2M,GWETTOP,-0.7096,7.1e-05,-0.6622,0.000311,True,True,-0.0129,0.071,Opposite Directions
23.5,90.625,June,6,T2M,ALLSKY_SFC_SW_DWN,0.1287,0.539851,0.1341,0.522647,False,False,-0.0129,0.149,Opposite Directions
23.5,90.625,June,6,PRECTOTCORR,GWETTOP,0.6484,0.000455,0.5536,0.004093,True,True,0.8242,0.071,Both Increasing
23.5,90.625,June,6,PRECTOTCORR,ALLSKY_SFC_SW_DWN,-0.3712,0.067705,-0.317,0.122536,False,False,0.8242,0.149,Both Increasing
23.5,90.625,June,6,GWETTOP,ALLSKY_SFC_SW_DWN,0.0648,0.758255,0.14,0.504343,False,False,0.071,0.149,Both Increasing
23.5,90.625,July,7,T2M,PRECTOTCORR,-0.3247,0.11331,-0.2362,0.255754,False,False,0.1964,2.2699,Both Increasing
23.5,90.625,July,7,T2M,GWETTOP,-0.1642,0.432723,-0.1118,0.594614,False,False,0.1964,0.0265,Both Increasing
23.5,90.625,July,7,T2M,ALLSKY_SFC_SW_DWN,0.4426,0.026723,0.3946,0.050924,True,False,0.1964,0.2188,Both Increasing
23.5,90.625,July,7,PRECTOTCORR,GWETTOP,0.7513,1.5e-05,0.7077,7.6e-05,True,True,2.2699,0.0265,Both Increasing
23.5,90.625,July,7,PRECTOTCORR,ALLSKY_SFC_SW_DWN,-0.7571,1.2e-05,-0.8623,0.0,True,True,2.2699,0.2188,Both Increasing
23.5,90.625,July,7,GWETTOP,ALLSKY_SFC_SW_DWN,-0.5692,0.002983,-0.5529,0.004149,True,True,0.0265,0.2188,Both Increasing
23.5,90.625,August,8,T2M,PRECTOTCORR,0.1558,0.457182,0.2123,0.308266,False,False,0.1062,4.4643,Both Increasing
23.5,90.625,August,8,T2M,GWETTOP,0.0937,0.655983,0.1078,0.608137,False,False,0.1062,0.0328,Both Increasing
23.5,90.625,August,8,T2M,ALLSKY_SFC_SW_DWN,0.1156,0.582296,0.0977,0.642176,False,False,0.1062,-0.8736,Opposite Directions
23.5,90.625,August,8,PRECTOTCORR,GWETTOP,0.6655,0.000283,0.7204,4.9e-05,True,True,4.4643,0.0328,Both Increasing
23.5,90.625,August,8,PRECTOTCORR,ALLSKY_SFC_SW_DWN,-0.5033,0.010324,-0.6663,0.000277,True,True,4.4643,-0.8736,Opposite Directions
23.5,90.625,August,8,GWETTOP,ALLSKY_SFC_SW_DWN,-0.4074,0.043261,-0.3689,0.069538,True,False,0.0328,-0.8736,Opposite Directions
23.5,90.625,September,9,T2M,PRECTOTCORR,0.1495,0.475752,0.3674,0.070762,False,False,0.3549,1.5073,Both Increasing
23.5,90.625,September,9,T2M,GWETTOP,0.354,0.08258,0.3878,0.055463,False,False,0.3549,0.0294,Both Increasing
23.5,90.625,September,9,T2M,ALLSKY_SFC_SW_DWN,-0.0417,0.843221,-0.1938,0.353374,False,False,0.3549,-0.1239,Opposite Directions
23.5,90.625,September,9,PRECTOTCORR,GWETTOP,0.6463,0.000482,0.6783,0.000194,True,True,1.5073,0.0294,Both Increasing
23.5,90.625,September,9,PRECTOTCORR,ALLSKY_SFC_SW_DWN,-0.717,5.5e-05,-0.5651,0.003245,True,True,1.5073,-0.1239,Opposite Directions
23.5,90.625,September,9,GWETTOP,ALLSKY_SFC_SW_DWN,-0.4304,0.031744,-0.4575,0.021489,True,True,0.0294,-0.1239,Opposite Directions
23.5,90.625,October,10,T2M,PRECTOTCORR,0.3907,0.05345,0.3117,0.129374,False,False,0.4691,2.3293,Both Increasing
23.5,90.625,October,10,T2M,GWETTOP,0.3096,0.132003,0.2703,0.191242,False,False,0.4691,0.0291,Both Increasing
23.5,90.625,October,10,T2M,ALLSKY_SFC_SW_DWN,-0.3917,0.052797,-0.3032,0.140672,False,False,0.4691,-0.4431,Opposite Directions
23.5,90.625,October,10,PRECTOTCORR,GWETTOP,0.831,0.0,0.8597,0.0,True,True,2.3293,0.0291,Both Increasing
23.5,90.625,October,10,PRECTOTCORR,ALLSKY_SFC_SW_DWN,-0.5862,0.002072,-0.5877,0.002007,True,True,2.3293,-0.4431,Opposite Directions
23.5,90.625,October,10,GWETTOP,ALLSKY_SFC_SW_DWN,-0.5081,0.00951,-0.5099,0.00921,True,True,0.0291,-0.4431,Opposite Directions
23.5,90.625,November,11,T2M,PRECTOTCORR,0.2427,0.242324,0.2143,0.303737,False,False,0.2042,0.5294,Both Increasing
23.5,90.625,November,11,T2M,GWETTOP,-0.0827,0.694339,-0.0891,0.671832,False,False,0.2042,0.047,Both Increasing
23.5,90.625,November,11,T2M,ALLSKY_SFC_SW_DWN,-0.3796,0.061288,-0.3978,0.04889,False,True,0.2042,-0.2663,Opposite Directions
23.5,90.625,November,11,PRECTOTCORR,GWETTOP,0.4356,0.029507,0.4787,0.015477,True,True,0.5294,0.047,Both Increasing
23.5,90.625,November,11,PRECTOTCORR,ALLSKY_SFC_SW_DWN,-0.4317,0.03117,-0.4823,0.014629,True,True,0.5294,-0.2663,Opposite Directions
23.5,90.625,November,11,GWETTOP,ALLSKY_SFC_SW_DWN,-0.0194,0.926791,0.0384,0.855388,False,False,0.047,-0.2663,Opposite Directions
23.5,90.625,December,12,T2M,PRECTOTCORR,0.2226,0.284927,0.1228,0.558668,False,False,0.0035,0.4189,Both Increasing
23.5,90.625,December,12,T2M,GWETTOP,-0.1496,0.475514,-0.1417,0.499257,False,False,0.0035,0.0708,Both Increasing
23.5,90.625,December,12,T2M,ALLSKY_SFC_SW_DWN,-0.127,0.545252,-0.1439,0.492635,False,False,0.0035,-0.8821,Opposite Directions
23.5,90.625,December,12,PRECTOTCORR,GWETTOP,0.4769,0.015943,0.2228,0.284298,True,False,0.4189,0.0708,Both Increasing
23.5,90.625,December,12,PRECTOTCORR,ALLSKY_SFC_SW_DWN,-0.0664,0.752514,-0.229,0.270876,False,False,0.4189,-0.8821,Opposite Directions
23.5,90.625,December,12,GWETTOP,ALLSKY_SFC_SW_DWN,0.0492,0.81521,0.0805,0.702213,False,False,0.0708,-0.8821,Opposite Directions
23.0,89.375,January,1,T2M,PRECTOTCORR,-0.1216,0.562667,0.0043,0.983709,False,False,-0.0327,0.1409,Opposite Directions
23.0,89.375,January,1,T2M,GWETTOP,-0.4426,0.026728,-0.3328,0.104098,True,False,-0.0327,0.0775,Opposite Directions
23.0,89.375,January,1,T2M,ALLSKY_SFC_SW_DWN,-0.1206,0.565965,-0.1431,0.494976,False,False,-0.0327,-0.8553,Both Decreasing
23.0,89.375,January,1,PRECTOTCORR,GWETTOP,0.5011,0.010722,0.2851,0.167237,True,False,0.1409,0.0775,Both Increasing
23.0,89.375,January,1,PRECTOTCORR,ALLSKY_SFC_SW_DWN,-0.4956,0.011756,-0.6274,0.000789,True,True,0.1409,-0.8553,Opposite Directions
23.0,89.375,January,1,GWETTOP,ALLSKY_SFC_SW_DWN,-0.4153,0.038948,-0.4058,0.04414,True,True,0.0775,-0.8553,Opposite Directions
23.0,89.375,February,2,T2M,PRECTOTCORR,-0.0548,0.794886,-0.1526,0.466341,False,False,-0.3944,0.4317,Opposite Directions
23.0,89.375,February,2,T2M,GWETTOP,-0.7511,1.5e-05,-0.6331,0.000682,True,True,-0.3944,0.0674,Opposite Directions
23.0,89.375,February,2,T2M,ALLSKY_SFC_SW_DWN,0.083,0.693105,0.0973,0.643494,False,False,-0.3944,-1.3097,Both Decreasing
23.0,89.375,February,2,PRECTOTCORR,GWETTOP,0.2038,0.328469,0.3043,0.139182,False,False,0.4317,0.0674,Both Increasing
23.0,89.375,February,2,PRECTOTCORR,ALLSKY_SFC_SW_DWN,-0.4119,0.040793,-0.4985,0.01121,True,True,0.4317,-1.3097,Opposite Directions
23.0,89.375,February,2,GWETTOP,ALLSKY_SFC_SW_DWN,-0.4929,0.012309,-0.5114,0.008984,True,True,0.0674,-1.3097,Opposite Directions
23.0,89.375,March,3,T2M,PRECTOTCORR,-0.5976,0.001609,-0.5938,0.00175,True,True,-0.4225,0.1971,Opposite Directions
23.0,89.375,March,3,T2M,GWETTOP,-0.8079,1e-06,-0.7566,1.2e-05,True,True,-0.4225,0.0658,Opposite Directions
23.0,89.375,March,3,T2M,ALLSKY_SFC_SW_DWN,-0.0125,0.952613,-0.0269,0.89833,False,False,-0.4225,-0.7318,Both Decreasing
23.0,89.375,March,3,PRECTOTCORR,GWETTOP,0.5827,0.00224,0.6358,0.000636,True,True,0.1971,0.0658,Both Increasing
23.0,89.375,March,3,PRECTOTCORR,ALLSKY_SFC_SW_DWN,-0.4683,0.018217,-0.3639,0.073725,True,False,0.1971,-0.7318,Opposite Directions
23.0,89.375,March,3,GWETTOP,ALLSKY_SFC_SW_DWN,-0.2972,0.149047,-0.3178,0.121635,False,False,0.0658,-0.7318,Opposite Directions
23.0,89.375,April,4,T2M,PRECTOTCORR,-0.8448,0.0,-0.8977,0.0,True,True,-0.1927,1.1221,Opposite Directions
23.0,89.375,April,4,T2M,GWETTOP,-0.897,0.0,-0.8948,0.0,True,True,-0.1927,0.0357,Opposite Directions
23.0,89.375,April,4,T2M,ALLSKY_SFC_SW_DWN,0.4166,0.038324,0.39,0.053946,True,False,-0.1927,-0.6133,Both Decreasing
23.0,89.375,April,4,PRECTOTCORR,GWETTOP,0.8483,0.0,0.8648,0.0,True,True,1.1221,0.0357,Both Increasing
23.0,89.375,April,4,PRECTOTCORR,ALLSKY_SFC_SW_DWN,-0.6287,0.000762,-0.6031,0.001417,True,True,1.1221,-0.6133,Opposite Directions
23.0,89.375,April,4,GWETTOP,ALLSKY_SFC_SW_DWN,-0.5527,0.004169,-0.5447,0.004873,True,True,0.0357,-0.6133,Opposite Directions
23.0,89.375,May,5,T2M,PRECTOTCORR,-0.775,5e-06,-0.8013,1e-06,True,True,-0.8108,3.2499,Opposite Directions
23.0,89.375,May,5,T2M,GWETTOP,-0.9475,0.0,-0.9442,0.0,True,True,-0.8108,0.0951,Opposite Directions
23.0,89.375,May,5,T2M,ALLSKY_SFC_SW_DWN,0.5445,0.004891,0.6397,0.000574,True,True,-0.8108,-0.8331,Both Decreasing
23.0,89.375,May,5,PRECTOTCORR,GWETTOP,0.8433,0.0,0.8883,0.0,True,True,3.2499,0.0951,Both Increasing
23.0,89.375,May,5,PRECTOTCORR,ALLSKY_SFC_SW_DWN,-0.6811,0.000178,-0.7618,1e-05,True,True,3.2499,-0.8331,Opposite Directions
23.0,89.375,May,5,GWETTOP,ALLSKY_SFC_SW_DWN,-0.4928,0.012318,-0.6561,0.000369,True,True,0.0951,-0.8331,Opposite Directions
23.0,89.375,June,6,T2M,PRECTOTCORR,-0.5874,0.00202,-0.5028,0.010418,True,True,-0.154,0.5684,Opposite Directions
23.0,89.375,June,6,T2M,GWETTOP,-0.8543,0.0,-0.7714,6e-06,True,True,-0.154,0.0745,Opposite Directions
23.0,89.375,June,6,T2M,ALLSKY_SFC_SW_DWN,0.2118,0.309476,0.1158,0.581513,False,False,-0.154,0.4449,Opposite Directions
23.0,89.375,June,6,PRECTOTCORR,GWETTOP,0.6719,0.000235,0.5565,0.003863,True,True,0.5684,0.0745,Both Increasing
23.0,89.375,June,6,PRECTOTCORR,ALLSKY_SFC_SW_DWN,-0.4786,0.015514,-0.4262,0.033656,True,True,0.5684,0.4449,Both Increasing
23.0,89.375,June,6,GWETTOP,ALLSKY_SFC_SW_DWN,-0.0357,0.86562,0.0905,0.667014,False,False,0.0745,0.4449,Both Increasing
23.0,89.375,July,7,T2M,PRECTOTCORR,-0.4039,0.045271,-0.2466,0.234641,True,False,0.1679,3.2294,Both Increasing
23.0,89.375,July,7,T2M,GWETTOP,-0.4783,0.015578,-0.5701,0.00293,True,True,0.1679,0.0326,Both Increasing
23.0,89.375,July,7,T2M,ALLSKY_SFC_SW_DWN,0.533,0.006076,0.4768,0.015959,True,True,0.1679,0.1632,Both Increasing
23.0,89.375,July,7,PRECTOTCORR,GWETTOP,0.7,9.8e-05,0.7723,6e-06,True,True,3.2294,0.0326,Both Increasing
23.0,89.375,July,7,PRECTOTCORR,ALLSKY_SFC_SW_DWN,-0.7127,6.4e-05,-0.679,0.00019,True,True,3.2294,0.1632,Both Increasing
23.0,89.375,July,7,GWETTOP,ALLSKY_SFC_SW_DWN,-0.4679,0.018349,-0.5355,0.0058,True,True,0.0326,0.1632,Both Increasing
23.0,89.375,August,8,T2M,PRECTOTCORR,-0.0821,0.696605,-0.1485,0.478622,False,False,0.0585,4.0558,Both Increasing
23.0,89.375,August,8,T2M,GWETTOP,-0.3547,0.081861,-0.1873,0.370006,False,False,0.0585,0.0467,Both Increasing
23.0,89.375,August,8,T2M,ALLSKY_SFC_SW_DWN,0.0416,0.843322,0.1938,0.353185,False,False,0.0585,-0.8498,Opposite Directions
23.0,89.375,August,8,PRECTOTCORR,GWETTOP,0.6476,0.000466,0.857,0.0,True,True,4.0558,0.0467,Both Increasing
23.0,89.375,August,8,PRECTOTCORR,ALLSKY_SFC_SW_DWN,-0.424,0.034674,-0.3975,0.049081,True,True,4.0558,-0.8498,Opposite Directions
23.0,89.375,August,8,GWETTOP,ALLSKY_SFC_SW_DWN,-0.2203,0.28999,-0.3043,0.139219,False,False,0.0467,-0.8498,Opposite Directions
23.0,89.375,September,9,T2M,PRECTOTCORR,0.22,0.290604,0.0858,0.683478,False,False,0.2905,2.2007,Both Increasing
23.0,89.375,September,9,T2M,GWETTOP,0.1963,0.347093,0.2931,0.155046,False,False,0.2905,0.0403,Both Increasing
23.0,89.375,September,9,T2M,ALLSKY_SFC_SW_DWN,-0.0595,0.777368,-0.0223,0.915676,False,False,0.2905,-0.2483,Opposite Directions
23.0,89.375,September,9,PRECTOTCORR,GWETTOP,0.6508,0.000427,0.708,7.5e-05,True,True,2.2007,0.0403,Both Increasing
23.0,89.375,September,9,PRECTOTCORR,ALLSKY_SFC_SW_DWN,-0.5485,0.004525,-0.6909,0.000132,True,True,2.2007,-0.2483,Opposite Directions
23.0,89.375,September,9,GWETTOP,ALLSKY_SFC_SW_DWN,-0.3506,0.085734,-0.5955,0.001685,False,True,0.0403,-0.2483,Opposite Directions
23.0,89.375,October,10,T2M,PRECTOTCORR,0.3488,0.087435,0.2793,0.17637,False,False,0.414,1.7938,Both Increasing
23.0,89.375,October,10,T2M,GWETTOP,0.3115,0.12954,0.2442,0.239365,False,False,0.414,0.0351,Both Increasing
23.0,89.375,October,10,T2M,ALLSKY_SFC_SW_DWN,-0.5031,0.010366,-0.4893,0.013046,True,True,0.414,-0.2817,Opposite Directions
23.0,89.375,October,10,PRECTOTCORR,GWETTOP,0.7247,4.2e-05,0.7628,9e-06,True,True,1.7938,0.0351,Both Increasing
23.0,89.375,October,10,PRECTOTCORR,ALLSKY_SFC_SW_DWN,-0.6345,0.000658,-0.7331,3.1e-05,True,True,1.7938,-0.2817,Opposite Directions
23.0,89.375,October,10,GWETTOP,ALLSKY_SFC_SW_DWN,-0.447,0.025078,-0.5617,0.003476,True,True,0.0351,-0.2817,Opposite Directions
23.0,89.375,November,11,T2M,PRECTOTCORR,0.0529,0.801547,0.0894,0.67073,False,False,0.0774,0.4526,Both Increasing
23.0,89.375,November,11,T2M,GWETTOP,-0.156,0.456628,-0.1636,0.434436,False,False,0.0774,0.0445,Both Increasing
23.0,89.375,November,11,T2M,ALLSKY_SFC_SW_DWN,-0.4275,0.033062,-0.4754,0.016321,True,True,0.0774,-0.2609,Opposite Directions
23.0,89.375,November,11,PRECTOTCORR,GWETTOP,0.4409,0.027388,0.4406,0.027489,True,True,0.4526,0.0445,Both Increasing
23.0,89.375,November,11,PRECTOTCORR,ALLSKY_SFC_SW_DWN,-0.3969,0.04949,-0.4792,0.015368,True,True,0.4526,-0.2609,Opposite Directions
23.0,89.375,November,11,GWETTOP,ALLSKY_SFC_SW_DWN,0.0633,0.76365,0.0509,0.8089,False,False,0.0445,-0.2609,Opposite Directions
23.0,89.375,December,12,T2M,PRECTOTCORR,0.1244,0.553521,0.0835,0.691517,False,False,-0.1495,0.4432,Opposite Directions
23.0,89.375,December,12,T2M,GWETTOP,-0.2611,0.207469,-0.3086,0.133422,False,False,-0.1495,0.0717,Opposite Directions
23.0,89.375,December,12,T2M,ALLSKY_SFC_SW_DWN,-0.2643,0.201762,-0.1624,0.437982,False,False,-0.1495,-0.7998,Both Decreasing
23.0,89.375,December,12,PRECTOTCORR,GWETTOP,0.558,0.003748,0.3589,0.078067,True,False,0.4432,0.0717,Both Increasing
23.0,89.375,December,12,PRECTOTCORR,ALLSKY_SFC_SW_DWN,-0.2667,0.197486,-0.6099,0.001208,False,True,0.4432,-0.7998,Opposite Directions
23.0,89.375,December,12,GWETTOP,ALLSKY_SFC_SW_DWN,-0.1231,0.557822,-0.2522,0.223874,False,False,0.0717,-0.7998,Opposite Directions
23.0,90.0,January,1,T2M,PRECTOTCORR,-0.1432,0.494788,0.0412,0.845087,False,False,-0.034,0.166,Opposite Directions
23.0,90.0,January,1,T2M,GWETTOP,-0.479,0.015412,-0.4048,0.044736,True,True,-0.034,0.0809,Opposite Directions
23.0,90.0,January,1,T2M,ALLSKY_SFC_SW_DWN,-0.1317,0.53034,-0.1793,0.391123,False,False,-0.034,-0.8553,Both Decreasing
23.0,90.0,January,1,PRECTOTCORR,GWETTOP,0.5488,0.004498,0.2818,0.172289,True,False,0.166,0.0809,Both Increasing
23.0,90.0,January,1,PRECTOTCORR,ALLSKY_SFC_SW_DWN,-0.439,0.028133,-0.5535,0.0041,True,True,0.166,-0.8553,Opposite Directions
23.0,90.0,January,1,GWETTOP,ALLSKY_SFC_SW_DWN,-0.3843,0.057901,-0.3055,0.137508,False,False,0.0809,-0.8553,Opposite Directions
23.0,90.0,February,2,T2M,PRECTOTCORR,-0.0682,0.745879,-0.15,0.474224,False,False,-0.4302,0.3609,Opposite Directions
23.0,90.0,February,2,T2M,GWETTOP,-0.7263,4e-05,-0.5063,0.009814,True,True,-0.4302,0.0638,Opposite Directions
23.0,90.0,February,2,T2M,ALLSKY_SFC_SW_DWN,0.1063,0.613127,0.1473,0.482171,False,False,-0.4302,-1.3097,Both Decreasing
23.0,90.0,February,2,PRECTOTCORR,GWETTOP,0.1867,0.371512,0.1803,0.38852,False,False,0.3609,0.0638,Both Increasing
23.0,90.0,February,2,PRECTOTCORR,ALLSKY_SFC_SW_DWN,-0.372,0.067067,-0.3959,0.050098,False,False,0.3609,-1.3097,Opposite Directions
23.0,90.0,February,2,GWETTOP,ALLSKY_SFC_SW_DWN,-0.503,0.010373,-0.5492,0.004463,True,True,0.0638,-1.3097,Opposite Directions
23.0,90.0,March,3,T2M,PRECTOTCORR,-0.5934,0.001766,-0.523,0.007307,True,True,-0.4407,0.2394,Opposite Directions
23.0,90.0,March,3,T2M,GWETTOP,-0.8236,0.0,-0.7038,8.6e-05,True,True,-0.4407,0.0508,Opposite Directions
23.0,90.0,March,3,T2M,ALLSKY_SFC_SW_DWN,0.0806,0.701647,0.0335,0.873789,False,False,-0.4407,-0.7318,Both Decreasing
23.0,90.0,March,3,PRECTOTCORR,GWETTOP,0.6573,0.000357,0.6703,0.000246,True,True,0.2394,0.0508,Both Increasing
23.0,90.0,March,3,PRECTOTCORR,ALLSKY_SFC_SW_DWN,-0.5375,0.005591,-0.4041,0.045143,True,True,0.2394,-0.7318,Opposite Directions
23.0,90.0,March,3,GWETTOP,ALLSKY_SFC_SW_DWN,-0.4158,0.038726,-0.4822,0.014637,True,True,0.0508,-0.7318,Opposite Directions
23.0,90.0,April,4,T2M,PRECTOTCORR,-0.8479,0.0,-0.9167,0.0,True,True,-0.2088,1.2541,Opposite Directions
23.0,90.0,April,4,T2M,GWETTOP,-0.8976,0.0,-0.8842,0.0,True,True,-0.2088,0.0388,Opposite Directions
23.0,90.0,April,4,T2M,ALLSKY_SFC_SW_DWN,0.4757,0.016246,0.4346,0.029928,True,True,-0.2088,-0.6133,Both Decreasing
23.0,90.0,April,4,PRECTOTCORR,GWETTOP,0.8782,0.0,0.8484,0.0,True,True,1.2541,0.0388,Both Increasing
23.0,90.0,April,4,PRECTOTCORR,ALLSKY_SFC_SW_DWN,-0.6347,0.000655,-0.6755,0.000211,True,True,1.2541,-0.6133,Opposite Directions
23.0,90.0,April,4,GWETTOP,ALLSKY_SFC_SW_DWN,-0.5768,0.00254,-0.5791,0.00242,True,True,0.0388,-0.6133,Opposite Directions
23.0,90.0,May,5,T2M,PRECTOTCORR,-0.763,9e-06,-0.82,1e-06,True,True,-0.6657,3.771,Opposite Directions
23.0,90.0,May,5,T2M,GWETTOP,-0.9306,0.0,-0.9512,0.0,True,True,-0.6657,0.0997,Opposite Directions
23.0,90.0,May,5,T2M,ALLSKY_SFC_SW_DWN,0.5854,0.002109,0.6617,0.000316,True,True,-0.6657,-0.8331,Both Decreasing
23.0,90.0,May,5,PRECTOTCORR,GWETTOP,0.7957,2e-06,0.9046,0.0,True,True,3.771,0.0997,Both Increasing
23.0,90.0,May,5,PRECTOTCORR,ALLSKY_SFC_SW_DWN,-0.7659,8e-06,-0.7748,5e-06,True,True,3.771,-0.8331,Opposite Directions
23.0,90.0,May,5,GWETTOP,ALLSKY_SFC_SW_DWN,-0.4921,0.012455,-0.691,0.000131,True,True,0.0997,-0.8331,Opposite Directions
23.0,90.0,June,6,T2M,PRECTOTCORR,-0.5799,0.002378,-0.5308,0.006339,True,True,-0.1255,0.8422,Opposite Directions
23.0,90.0,June,6,T2M,GWETTOP,-0.8242,0.0,-0.7479,1.7e-05,True,True,-0.1255,0.0844,Opposite Directions
23.0,90.0,June,6,T2M,ALLSKY_SFC_SW_DWN,0.2608,0.208033,0.2046,0.326528,False,False,-0.1255,0.4449,Opposite Directions
23.0,90.0,June,6,PRECTOTCORR,GWETTOP,0.6401,0.000569,0.5851,0.002126,True,True,0.8422,0.0844,Both Increasing
23.0,90.0,June,6,PRECTOTCORR,ALLSKY_SFC_SW_DWN,-0.4344,0.030003,-0.4177,0.037746,True,True,0.8422,0.4449,Both Increasing
23.0,90.0,June,6,GWETTOP,ALLSKY_SFC_SW_DWN,-0.0159,0.93995,0.0943,0.65388,False,False,0.0844,0.4449,Both Increasing
23.0,90.0,July,7,T2M,PRECTOTCORR,-0.3384,0.098051,-0.1559,0.456899,False,False,0.175,3.4562,Both Increasing
23.0,90.0,July,7,T2M,GWETTOP,-0.3155,0.124428,-0.3056,0.137391,False,False,0.175,0.0318,Both Increasing
23.0,90.0,July,7,T2M,ALLSKY_SFC_SW_DWN,0.5132,0.008697,0.4904,0.012823,True,True,0.175,0.1632,Both Increasing
23.0,90.0,July,7,PRECTOTCORR,GWETTOP,0.7132,6.3e-05,0.7957,2e-06,True,True,3.4562,0.0318,Both Increasing
23.0,90.0,July,7,PRECTOTCORR,ALLSKY_SFC_SW_DWN,-0.6997,9.9e-05,-0.7151,5.9e-05,True,True,3.4562,0.1632,Both Increasing
23.0,90.0,July,7,GWETTOP,ALLSKY_SFC_SW_DWN,-0.4374,0.028764,-0.4913,0.012626,True,True,0.0318,0.1632,Both Increasing
23.0,90.0,August,8,T2M,PRECTOTCORR,0.1161,0.580543,0.1698,0.417074,False,False,0.0934,4.9494,Both Increasing
23.0,90.0,August,8,T2M,GWETTOP,-0.1008,0.631561,0.0783,0.70994,False,False,0.0934,0.0385,Both Increasing
23.0,90.0,August,8,T2M,ALLSKY_SFC_SW_DWN,0.0512,0.808063,0.0855,0.684422,False,False,0.0934,-0.8498,Opposite Directions
23.0,90.0,August,8,PRECTOTCORR,GWETTOP,0.6834,0.000166,0.8502,0.0,True,True,4.9494,0.0385,Both Increasing
23.0,90.0,August,8,PRECTOTCORR,ALLSKY_SFC_SW_DWN,-0.4826,0.01456,-0.4773,0.015837,True,True,4.9494,-0.8498,Opposite Directions
23.0,90.0,August,8,GWETTOP,ALLSKY_SFC_SW_DWN,-0.2727,0.187199,-0.3372,0.099263,False,False,0.0385,-0.8498,Opposite Directions
23.0,90.0,September,9,T2M,PRECTOTCORR,0.2809,0.173789,0.3281,0.109287,False,False,0.3288,2.1502,Both Increasing
23.0,90.0,September,9,T2M,GWETTOP,0.3244,0.113592,0.3682,0.070117,False,False,0.3288,0.0296,Both Increasing
23.0,90.0,September,9,T2M,ALLSKY_SFC_SW_DWN,-0.1144,0.586033,-0.1162,0.580176,False,False,0.3288,-0.2483,Opposite Directions
23.0,90.0,September,9,PRECTOTCORR,GWETTOP,0.6643,0.000292,0.758,1.1e-05,True,True,2.1502,0.0296,Both Increasing
23.0,90.0,September,9,PRECTOTCORR,ALLSKY_SFC_SW_DWN,-0.4878,0.013379,-0.607,0.001292,True,True,2.1502,-0.2483,Opposite Directions
23.0,90.0,September,9,GWETTOP,ALLSKY_SFC_SW_DWN,-0.467,0.018609,-0.6306,0.000726,True,True,0.0296,-0.2483,Opposite Directions
23.0,90.0,October,10,T2M,PRECTOTCORR,0.4022,0.046241,0.3074,0.135017,True,False,0.4379,2.5826,Both Increasing
23.0,90.0,October,10,T2M,GWETTOP,0.392,0.052594,0.3414,0.09489,False,False,0.4379,0.0271,Both Increasing
23.0,90.0,October,10,T2M,ALLSKY_SFC_SW_DWN,-0.5051,0.010013,-0.4866,0.013632,True,True,0.4379,-0.2817,Opposite Directions
23.0,90.0,October,10,PRECTOTCORR,GWETTOP,0.8367,0.0,0.8491,0.0,True,True,2.5826,0.0271,Both Increasing
23.0,90.0,October,10,PRECTOTCORR,ALLSKY_SFC_SW_DWN,-0.5276,0.006719,-0.5831,0.00222,True,True,2.5826,-0.2817,Opposite Directions
23.0,90.0,October,10,GWETTOP,ALLSKY_SFC_SW_DWN,-0.5395,0.005382,-0.6027,0.001431,True,True,0.0271,-0.2817,Opposite Directions
23.0,90.0,November,11,T2M,PRECTOTCORR,0.2326,0.263264,0.2649,0.200704,False,False,0.1565,0.7806,Both Increasing
23.0,90.0,November,11,T2M,GWETTOP,-0.0013,0.995074,-0.0433,0.837319,False,False,0.1565,0.0378,Both Increasing
23.0,90.0,November,11,T2M,ALLSKY_SFC_SW_DWN,-0.4761,0.016132,-0.4777,0.015736,True,True,0.1565,-0.2609,Opposite Directions
23.0,90.0,November,11,PRECTOTCORR,GWETTOP,0.5249,0.007061,0.5229,0.007318,True,True,0.7806,0.0378,Both Increasing
23.0,90.0,November,11,PRECTOTCORR,ALLSKY_SFC_SW_DWN,-0.4201,0.036554,-0.4731,0.016904,True,True,0.7806,-0.2609,Opposite Directions
23.0,90.0,November,11,GWETTOP,ALLSKY_SFC_SW_DWN,0.026,0.902002,0.0077,0.970765,False,False,0.0378,-0.2609,Opposite Directions
23.0,90.0,December,12,T2M,PRECTOTCORR,0.212,0.308986,0.1362,0.516371,False,False,-0.0765,0.4092,Opposite Directions
23.0,90.0,December,12,T2M,GWETTOP,-0.2085,0.317327,-0.2324,0.263549,False,False,-0.0765,0.0642,Opposite Directions
23.0,90.0,December,12,T2M,ALLSKY_SFC_SW_DWN,-0.2586,0.211984,-0.1947,0.350942,False,False,-0.0765,-0.7998,Both Decreasing
23.0,90.0,December,12,PRECTOTCORR,GWETTOP,0.5293,0.006518,0.4471,0.025028,True,True,0.4092,0.0642,Both Increasing
23.0,90.0,December,12,PRECTOTCORR,ALLSKY_SFC_SW_DWN,-0.2376,0.252733,-0.5472,0.004639,False,True,0.4092,-0.7998,Opposite Directions
23.0,90.0,December,12,GWETTOP,ALLSKY_SFC_SW_DWN,-0.0673,0.749174,-0.2124,0.307952,False,False,0.0642,-0.7998,Opposite Directions
23.0,91.25,January,1,T2M,PRECTOTCORR,-0.0404,0.847969,0.0236,0.910664,False,False,0.2464,0.1945,Both Increasing
23.0,91.25,January,1,T2M,GWETTOP,-0.1045,0.619106,-0.0297,0.887771,False,False,0.2464,0.061,Both Increasing
23.0,91.25,January,1,T2M,ALLSKY_SFC_SW_DWN,-0.0862,0.681888,-0.1285,0.540559,False,False,0.2464,-0.2895,Opposite Directions
23.0,91.25,January,1,PRECTOTCORR,GWETTOP,0.5122,0.00885,0.3386,0.09778,True,False,0.1945,0.061,Both Increasing
23.0,91.25,January,1,PRECTOTCORR,ALLSKY_SFC_SW_DWN,-0.4661,0.018865,-0.7414,2.2e-05,True,True,0.1945,-0.2895,Opposite Directions
23.0,91.25,January,1,GWETTOP,ALLSKY_SFC_SW_DWN,-0.1954,0.349208,-0.0981,0.640818,False,False,0.061,-0.2895,Opposite Directions
23.0,91.25,February,2,T2M,PRECTOTCORR,-0.0839,0.689987,-0.1689,0.419585,False,False,-0.3121,0.1289,Opposite Directions
23.0,91.25,February,2,T2M,GWETTOP,-0.5706,0.002893,-0.4932,0.012247,True,True,-0.3121,0.0706,Opposite Directions
23.0,91.25,February,2,T2M,ALLSKY_SFC_SW_DWN,0.055,0.793897,0.2271,0.274966,False,False,-0.3121,-0.6285,Both Decreasing
23.0,91.25,February,2,PRECTOTCORR,GWETTOP,0.0788,0.708193,0.0823,0.695762,False,False,0.1289,0.0706,Both Increasing
23.0,91.25,February,2,PRECTOTCORR,ALLSKY_SFC_SW_DWN,-0.4969,0.011509,-0.4062,0.043899,True,True,0.1289,-0.6285,Opposite Directions
23.0,91.25,February,2,GWETTOP,ALLSKY_SFC_SW_DWN,-0.4056,0.044292,-0.364,0.073664,True,False,0.0706,-0.6285,Opposite Directions
23.0,91.25,March,3,T2M,PRECTOTCORR,-0.4825,0.014572,-0.4076,0.043117,True,True,-0.4598,0.6184,Opposite Directions
23.0,91.25,March,3,T2M,GWETTOP,-0.7664,8e-06,-0.7062,8e-05,True,True,-0.4598,0.07,Opposite Directions
23.0,91.25,March,3,T2M,ALLSKY_SFC_SW_DWN,0.0228,0.913823,0.0085,0.967961,False,False,-0.4598,-0.3538,Both Decreasing
23.0,91.25,March,3,PRECTOTCORR,GWETTOP,0.6189,0.000972,0.5462,0.004729,True,True,0.6184,0.07,Both Increasing
23.0,91.25,March,3,PRECTOTCORR,ALLSKY_SFC_SW_DWN,-0.5345,0.00591,-0.3855,0.057053,True,False,0.6184,-0.3538,Opposite Directions
23.0,91.25,March,3,GWETTOP,ALLSKY_SFC_SW_DWN,-0.3525,0.083951,-0.4038,0.04532,False,True,0.07,-0.3538,Opposite Directions
23.0,91.25,April,4,T2M,PRECTOTCORR,-0.7933,2e-06,-0.9083,0.0,True,True,-0.3502,1.5931,Opposite Directions
23.0,91.25,April,4,T2M,GWETTOP,-0.8243,0.0,-0.8537,0.0,True,True,-0.3502,0.0677,Opposite Directions
23.0,91.25,April,4,T2M,ALLSKY_SFC_SW_DWN,0.5663,0.003167,0.5455,0.004798,True,True,-0.3502,-0.1865,Both Decreasing
23.0,91.25,April,4,PRECTOTCORR,GWETTOP,0.897,0.0,0.8029,1e-06,True,True,1.5931,0.0677,Both Increasing
23.0,91.25,April,4,PRECTOTCORR,ALLSKY_SFC_SW_DWN,-0.5808,0.002331,-0.6175,0.001005,True,True,1.5931,-0.1865,Opposite Directions
23.0,91.25,April,4,GWETTOP,ALLSKY_SFC_SW_DWN,-0.445,0.025811,-0.4542,0.022573,True,True,0.0677,-0.1865,Opposite Directions
23.0,91.25,May,5,T2M,PRECTOTCORR,-0.6446,0.000505,-0.619,0.000971,True,True,-0.2224,3.6603,Opposite Directions
23.0,91.25,May,5,T2M,GWETTOP,-0.8185,1e-06,-0.8392,0.0,True,True,-0.2224,0.0834,Opposite Directions
23.0,91.25,May,5,T2M,ALLSKY_SFC_SW_DWN,0.4532,0.022913,0.369,0.069501,True,False,-0.2224,0.0433,Opposite Directions
23.0,91.25,May,5,PRECTOTCORR,GWETTOP,0.7553,1.3e-05,0.8354,0.0,True,True,3.6603,0.0834,Both Increasing
23.0,91.25,May,5,PRECTOTCORR,ALLSKY_SFC_SW_DWN,-0.5176,0.008044,-0.5055,0.009949,True,True,3.6603,0.0433,Both Increasing
23.0,91.25,May,5,GWETTOP,ALLSKY_SFC_SW_DWN,-0.2589,0.211451,-0.2786,0.177492,False,False,0.0834,0.0433,Both Increasing
23.0,91.25,June,6,T2M,PRECTOTCORR,-0.4147,0.039299,-0.3564,0.080315,True,False,-0.0077,3.5948,Opposite Directions
23.0,91.25,June,6,T2M,GWETTOP,-0.6004,0.001509,-0.4655,0.019025,True,True,-0.0077,0.0875,Opposite Directions
23.0,91.25,June,6,T2M,ALLSKY_SFC_SW_DWN,0.234,0.260205,0.3654,0.07251,False,False,-0.0077,0.1518,Opposite Directions
23.0,91.25,June,6,PRECTOTCORR,GWETTOP,0.6887,0.000141,0.6069,0.001298,True,True,3.5948,0.0875,Both Increasing
23.0,91.25,June,6,PRECTOTCORR,ALLSKY_SFC_SW_DWN,-0.3659,0.072035,-0.4609,0.02042,False,True,3.5948,0.1518,Both Increasing
23.0,91.25,June,6,GWETTOP,ALLSKY_SFC_SW_DWN,0.0336,0.873338,-0.0194,0.926479,False,False,0.0875,0.1518,Both Increasing
23.0,91.25,July,7,T2M,PRECTOTCORR,-0.1106,0.598677,-0.1393,0.506763,False,False,0.2134,5.7304,Both Increasing
23.0,91.25,July,7,T2M,GWETTOP,0.112,0.593864,0.1437,0.493279,False,False,0.2134,0.0415,Both Increasing
23.0,91.25,July,7,T2M,ALLSKY_SFC_SW_DWN,0.3847,0.057572,0.327,0.110541,False,False,0.2134,0.2272,Both Increasing
23.0,91.25,July,7,PRECTOTCORR,GWETTOP,0.7045,8.4e-05,0.7762,5e-06,True,True,5.7304,0.0415,Both Increasing
23.0,91.25,July,7,PRECTOTCORR,ALLSKY_SFC_SW_DWN,-0.6658,0.000281,-0.8548,0.0,True,True,5.7304,0.2272,Both Increasing
23.0,91.25,July,7,GWETTOP,ALLSKY_SFC_SW_DWN,-0.4079,0.042959,-0.5464,0.004716,True,True,0.0415,0.2272,Both Increasing
23.0,91.25,August,8,T2M,PRECTOTCORR,0.1659,0.427918,0.2316,0.265339,False,False,0.1272,7.5275,Both Increasing
23.0,91.25,August,8,T2M,GWETTOP,0.0647,0.758527,0.1195,0.569431,False,False,0.1272,0.0389,Both Increasing
23.0,91.25,August,8,T2M,ALLSKY_SFC_SW_DWN,-0.0021,0.992078,0.0754,0.72019,False,False,0.1272,-0.9995,Opposite Directions
23.0,91.25,August,8,PRECTOTCORR,GWETTOP,0.6858,0.000155,0.8471,0.0,True,True,7.5275,0.0389,Both Increasing
23.0,91.25,August,8,PRECTOTCORR,ALLSKY_SFC_SW_DWN,-0.5946,0.00172,-0.6423,0.000537,True,True,7.5275,-0.9995,Opposite Directions
23.0,91.25,August,8,GWETTOP,ALLSKY_SFC_SW_DWN,-0.3708,0.068016,-0.4969,0.011503,False,True,0.0389,-0.9995,Opposite Directions
23.0,91.25,September,9,T2M,PRECTOTCORR,0.4322,0.030951,0.5063,0.009801,True,True,0.3811,4.1947,Both Increasing
23.0,91.25,September,9,T2M,GWETTOP,0.4564,0.021837,0.6027,0.001431,True,True,0.3811,0.0368,Both Increasing
23.0,91.25,September,9,T2M,ALLSKY_SFC_SW_DWN,0.0977,0.642304,0.0581,0.782617,False,False,0.3811,0.1433,Both Increasing
23.0,91.25,September,9,PRECTOTCORR,GWETTOP,0.6694,0.000253,0.7265,3.9e-05,True,True,4.1947,0.0368,Both Increasing
23.0,91.25,September,9,PRECTOTCORR,ALLSKY_SFC_SW_DWN,-0.5288,0.006572,-0.3989,0.048225,True,True,4.1947,0.1433,Both Increasing
23.0,91.25,September,9,GWETTOP,ALLSKY_SFC_SW_DWN,-0.3004,0.144616,-0.2291,0.270563,False,False,0.0368,0.1433,Both Increasing
23.0,91.25,October,10,T2M,PRECTOTCORR,0.4773,0.015827,0.4955,0.011784,True,True,0.4938,2.4352,Both Increasing
23.0,91.25,October,10,T2M,GWETTOP,0.3631,0.074436,0.4165,0.038367,False,True,0.4938,0.0332,Both Increasing
23.0,91.25,October,10,T2M,ALLSKY_SFC_SW_DWN,-0.2498,0.228546,-0.3162,0.123572,False,False,0.4938,-0.0654,Opposite Directions
23.0,91.25,October,10,PRECTOTCORR,GWETTOP,0.8303,0.0,0.924,0.0,True,True,2.4352,0.0332,Both Increasing
23.0,91.25,October,10,PRECTOTCORR,ALLSKY_SFC_SW_DWN,-0.3858,0.056782,-0.3431,0.093159,False,False,2.4352,-0.0654,Opposite Directions
23.0,91.25,October,10,GWETTOP,ALLSKY_SFC_SW_DWN,-0.3232,0.115004,-0.3314,0.105596,False,False,0.0332,-0.0654,Opposite Directions
23.0,91.25,November,11,T2M,PRECTOTCORR,0.4188,0.037174,0.4453,0.025717,True,True,0.4024,0.7901,Both Increasing
23.0,91.25,November,11,T2M,GWETTOP,0.451,0.023641,0.4966,0.011561,True,True,0.4024,0.0345,Both Increasing
23.0,91.25,November,11,T2M,ALLSKY_SFC_SW_DWN,-0.3515,0.084913,-0.3405,0.095854,False,False,0.4024,0.1992,Both Increasing
23.0,91.25,November,11,PRECTOTCORR,GWETTOP,0.6372,0.000614,0.524,0.007176,True,True,0.7901,0.0345,Both Increasing
23.0,91.25,November,11,PRECTOTCORR,ALLSKY_SFC_SW_DWN,-0.4275,0.033053,-0.6919,0.000127,True,True,0.7901,0.1992,Both Increasing
23.0,91.25,November,11,GWETTOP,ALLSKY_SFC_SW_DWN,-0.116,0.5807,-0.137,0.513829,False,False,0.0345,0.1992,Both Increasing
23.0,91.25,December,12,T2M,PRECTOTCORR,0.3328,0.104028,0.1923,0.356994,False,False,0.3035,0.3194,Both Increasing
23.0,91.25,December,12,T2M,GWETTOP,0.3436,0.092664,0.2017,0.333507,False,False,0.3035,0.0428,Both Increasing
23.0,91.25,December,12,T2M,ALLSKY_SFC_SW_DWN,-0.3207,0.118101,-0.3027,0.141331,False,False,0.3035,-0.3055,Opposite Directions
23.0,91.25,December,12,PRECTOTCORR,GWETTOP,0.521,0.007577,0.3439,0.092324,True,False,0.3194,0.0428,Both Increasing
23.0,91.25,December,12,PRECTOTCORR,ALLSKY_SFC_SW_DWN,-0.1777,0.395365,-0.3551,0.081548,False,False,0.3194,-0.3055,Opposite Directions
23.0,91.25,December,12,GWETTOP,ALLSKY_SFC_SW_DWN,-0.0331,0.875235,-0.1413,0.500623,False,False,0.0428,-0.3055,Opposite Directions
23.0,91.875,January,1,T2M,PRECTOTCORR,-0.0453,0.829734,-0.12,0.567752,False,False,0.2152,0.2,Both Increasing
23.0,91.875,January,1,T2M,GWETTOP,-0.104,0.620701,-0.0189,0.928519,False,False,0.2152,0.0617,Both Increasing
23.0,91.875,January,1,T2M,ALLSKY_SFC_SW_DWN,-0.0148,0.943947,-0.015,0.943256,False,False,0.2152,-0.2895,Opposite Directions
23.0,91.875,January,1,PRECTOTCORR,GWETTOP,0.5377,0.005564,0.4378,0.028607,True,True,0.2,0.0617,Both Increasing
23.0,91.875,January,1,PRECTOTCORR,ALLSKY_SFC_SW_DWN,-0.4551,0.022266,-0.7077,7.6e-05,True,True,0.2,-0.2895,Opposite Directions
23.0,91.875,January,1,GWETTOP,ALLSKY_SFC_SW_DWN,-0.2219,0.286326,-0.1451,0.48903,False,False,0.0617,-0.2895,Opposite Directions
23.0,91.875,February,2,T2M,PRECTOTCORR,-0.1118,0.594808,-0.2514,0.225431,False,False,-0.3599,0.1108,Opposite Directions
23.0,91.875,February,2,T2M,GWETTOP,-0.5828,0.002232,-0.5538,0.004077,True,True,-0.3599,0.0585,Opposite Directions
23.0,91.875,February,2,T2M,ALLSKY_SFC_SW_DWN,0.1074,0.609216,0.3287,0.108631,False,False,-0.3599,-0.6285,Both Decreasing
23.0,91.875,February,2,PRECTOTCORR,GWETTOP,0.0895,0.670361,0.2056,0.324253,False,False,0.1108,0.0585,Both Increasing
23.0,91.875,February,2,PRECTOTCORR,ALLSKY_SFC_SW_DWN,-0.4922,0.01245,-0.4365,0.029135,True,True,0.1108,-0.6285,Opposite Directions
23.0,91.875,February,2,GWETTOP,ALLSKY_SFC_SW_DWN,-0.4441,0.026156,-0.4643,0.01938,True,True,0.0585,-0.6285,Opposite Directions
23.0,91.875,March,3,T2M,PRECTOTCORR,-0.511,0.009049,-0.4343,0.030055,True,True,-0.3645,0.6958,Opposite Directions
23.0,91.875,March,3,T2M,GWETTOP,-0.695,0.000115,-0.6637,0.000298,True,True,-0.3645,0.0659,Opposite Directions
23.0,91.875,March,3,T2M,ALLSKY_SFC_SW_DWN,0.015,0.943202,0.0196,0.925838,False,False,-0.3645,-0.3538,Both Decreasing
23.0,91.875,March,3,PRECTOTCORR,GWETTOP,0.66,0.000331,0.5658,0.003202,True,True,0.6958,0.0659,Both Increasing
23.0,91.875,March,3,PRECTOTCORR,ALLSKY_SFC_SW_DWN,-0.5233,0.007269,-0.3915,0.052923,True,False,0.6958,-0.3538,Opposite Directions
23.0,91.875,March,3,GWETTOP,ALLSKY_SFC_SW_DWN,-0.4014,0.046699,-0.4206,0.036315,True,True,0.0659,-0.3538,Opposite Directions
23.0,91.875,April,4,T2M,PRECTOTCORR,-0.8001,2e-06,-0.8969,0.0,True,True,-0.2755,1.6113,Opposite Directions
23.0,91.875,April,4,T2M,GWETTOP,-0.8199,1e-06,-0.8438,0.0,True,True,-0.2755,0.0665,Opposite Directions
23.0,91.875,April,4,T2M,ALLSKY_SFC_SW_DWN,0.5709,0.002879,0.5193,0.007805,True,True,-0.2755,-0.1865,Both Decreasing
23.0,91.875,April,4,PRECTOTCORR,GWETTOP,0.8766,0.0,0.8102,1e-06,True,True,1.6113,0.0665,Both Increasing
23.0,91.875,April,4,PRECTOTCORR,ALLSKY_SFC_SW_DWN,-0.5761,0.002581,-0.609,0.001235,True,True,1.6113,-0.1865,Opposite Directions
23.0,91.875,April,4,GWETTOP,ALLSKY_SFC_SW_DWN,-0.4608,0.020442,-0.4445,0.025988,True,True,0.0665,-0.1865,Opposite Directions
23.0,91.875,May,5,T2M,PRECTOTCORR,-0.6029,0.001423,-0.5501,0.004386,True,True,-0.1445,3.5207,Opposite Directions
23.0,91.875,May,5,T2M,GWETTOP,-0.7484,1.7e-05,-0.7768,5e-06,True,True,-0.1445,0.0711,Opposite Directions
23.0,91.875,May,5,T2M,ALLSKY_SFC_SW_DWN,0.4985,0.011205,0.3155,0.124462,True,False,-0.1445,0.0433,Opposite Directions
23.0,91.875,May,5,PRECTOTCORR,GWETTOP,0.7575,1.2e-05,0.8007,2e-06,True,True,3.5207,0.0711,Both Increasing
23.0,91.875,May,5,PRECTOTCORR,ALLSKY_SFC_SW_DWN,-0.502,0.010561,-0.5274,0.006743,True,True,3.5207,0.0433,Both Increasing
23.0,91.875,May,5,GWETTOP,ALLSKY_SFC_SW_DWN,-0.2721,0.188304,-0.2784,0.177753,False,False,0.0711,0.0433,Both Increasing
23.0,91.875,June,6,T2M,PRECTOTCORR,-0.4686,0.018145,-0.4901,0.012882,True,True,0.0132,3.7883,Both Increasing
23.0,91.875,June,6,T2M,GWETTOP,-0.5415,0.005182,-0.5246,0.007103,True,True,0.0132,0.0735,Both Increasing
23.0,91.875,June,6,T2M,ALLSKY_SFC_SW_DWN,0.4195,0.036825,0.5537,0.004088,True,True,0.0132,0.1518,Both Increasing
23.0,91.875,June,6,PRECTOTCORR,GWETTOP,0.714,6.1e-05,0.6507,0.000428,True,True,3.7883,0.0735,Both Increasing
23.0,91.875,June,6,PRECTOTCORR,ALLSKY_SFC_SW_DWN,-0.3422,0.094035,-0.4597,0.020779,False,True,3.7883,0.1518,Both Increasing
23.0,91.875,June,6,GWETTOP,ALLSKY_SFC_SW_DWN,0.027,0.898191,-0.0648,0.758382,False,False,0.0735,0.1518,Both Increasing
23.0,91.875,July,7,T2M,PRECTOTCORR,-0.2339,0.26054,-0.3506,0.085758,False,False,0.2468,5.9234,Both Increasing
23.0,91.875,July,7,T2M,GWETTOP,-0.0492,0.815398,-0.0204,0.922846,False,False,0.2468,0.0422,Both Increasing
23.0,91.875,July,7,T2M,ALLSKY_SFC_SW_DWN,0.5435,0.00499,0.4913,0.012621,True,True,0.2468,0.2272,Both Increasing
23.0,91.875,July,7,PRECTOTCORR,GWETTOP,0.6996,9.9e-05,0.7815,4e-06,True,True,5.9234,0.0422,Both Increasing
23.0,91.875,July,7,PRECTOTCORR,ALLSKY_SFC_SW_DWN,-0.6641,0.000294,-0.8448,0.0,True,True,5.9234,0.2272,Both Increasing
23.0,91.875,July,7,GWETTOP,ALLSKY_SFC_SW_DWN,-0.4122,0.040593,-0.5311,0.006298,True,True,0.0422,0.2272,Both Increasing
23.0,91.875,August,8,T2M,PRECTOTCORR,-0.0858,0.683346,-0.0605,0.774067,False,False,0.0175,7.6788,Both Increasing
23.0,91.875,August,8,T2M,GWETTOP,-0.1739,0.405813,-0.0297,0.887804,False,False,0.0175,0.0436,Both Increasing
23.0,91.875,August,8,T2M,ALLSKY_SFC_SW_DWN,0.2788,0.177199,0.3196,0.119386,False,False,0.0175,-0.9995,Opposite Directions
23.0,91.875,August,8,PRECTOTCORR,GWETTOP,0.6853,0.000157,0.8215,0.0,True,True,7.6788,0.0436,Both Increasing
23.0,91.875,August,8,PRECTOTCORR,ALLSKY_SFC_SW_DWN,-0.6044,0.001374,-0.6415,0.000548,True,True,7.6788,-0.9995,Opposite Directions
23.0,91.875,August,8,GWETTOP,ALLSKY_SFC_SW_DWN,-0.3652,0.07265,-0.469,0.01804,False,True,0.0436,-0.9995,Opposite Directions
23.0,91.875,September,9,T2M,PRECTOTCORR,0.3167,0.122906,0.4476,0.02487,False,True,0.4139,4.5533,Both Increasing
23.0,91.875,September,9,T2M,GWETTOP,0.3602,0.076925,0.5614,0.003504,False,True,0.4139,0.0428,Both Increasing
23.0,91.875,September,9,T2M,ALLSKY_SFC_SW_DWN,0.2628,0.204288,0.1978,0.343227,False,False,0.4139,0.1433,Both Increasing
23.0,91.875,September,9,PRECTOTCORR,GWETTOP,0.6688,0.000257,0.7522,1.4e-05,True,True,4.5533,0.0428,Both Increasing
23.0,91.875,September,9,PRECTOTCORR,ALLSKY_SFC_SW_DWN,-0.5237,0.007216,-0.4028,0.045865,True,True,4.5533,0.1433,Both Increasing
23.0,91.875,September,9,GWETTOP,ALLSKY_SFC_SW_DWN,-0.2261,0.27707,-0.1391,0.507102,False,False,0.0428,0.1433,Both Increasing
23.0,91.875,October,10,T2M,PRECTOTCORR,0.4674,0.018479,0.487,0.013547,True,True,0.5122,2.5681,Both Increasing
23.0,91.875,October,10,T2M,GWETTOP,0.3232,0.115034,0.4149,0.039186,False,True,0.5122,0.0435,Both Increasing
23.0,91.875,October,10,T2M,ALLSKY_SFC_SW_DWN,-0.1108,0.597953,-0.1777,0.395454,False,False,0.5122,-0.0654,Opposite Directions
23.0,91.875,October,10,PRECTOTCORR,GWETTOP,0.7995,2e-06,0.9272,0.0,True,True,2.5681,0.0435,Both Increasing
23.0,91.875,October,10,PRECTOTCORR,ALLSKY_SFC_SW_DWN,-0.3799,0.061038,-0.3474,0.088868,False,False,2.5681,-0.0654,Opposite Directions
23.0,91.875,October,10,GWETTOP,ALLSKY_SFC_SW_DWN,-0.2124,0.308118,-0.3304,0.106682,False,False,0.0435,-0.0654,Opposite Directions
23.0,91.875,November,11,T2M,PRECTOTCORR,0.3952,0.050528,0.4551,0.022276,False,True,0.4948,0.7911,Both Increasing
23.0,91.875,November,11,T2M,GWETTOP,0.6506,0.000429,0.7287,3.6e-05,True,True,0.4948,0.0464,Both Increasing
23.0,91.875,November,11,T2M,ALLSKY_SFC_SW_DWN,-0.3796,0.061235,-0.3145,0.125768,False,False,0.4948,0.1992,Both Increasing
23.0,91.875,November,11,PRECTOTCORR,GWETTOP,0.5719,0.002821,0.4762,0.016117,True,True,0.7911,0.0464,Both Increasing
23.0,91.875,November,11,PRECTOTCORR,ALLSKY_SFC_SW_DWN,-0.4116,0.040948,-0.717,5.5e-05,True,True,0.7911,0.1992,Both Increasing
23.0,91.875,November,11,GWETTOP,ALLSKY_SFC_SW_DWN,-0.0867,0.680315,-0.1093,0.602895,False,False,0.0464,0.1992,Both Increasing
23.0,91.875,December,12,T2M,PRECTOTCORR,0.4318,0.031141,0.2814,0.172957,True,False,0.3681,0.3235,Both Increasing
23.0,91.875,December,12,T2M,GWETTOP,0.4273,0.03313,0.3098,0.131751,True,False,0.3681,0.0535,Both Increasing
23.0,91.875,December,12,T2M,ALLSKY_SFC_SW_DWN,-0.273,0.186722,-0.3732,0.066158,False,False,0.3681,-0.3055,Opposite Directions
23.0,91.875,December,12,PRECTOTCORR,GWETTOP,0.4571,0.021605,0.234,0.260205,True,False,0.3235,0.0535,Both Increasing
23.0,91.875,December,12,PRECTOTCORR,ALLSKY_SFC_SW_DWN,-0.1632,0.435834,-0.2988,0.146828,False,False,0.3235,-0.3055,Opposite Directions
23.0,91.875,December,12,GWETTOP,ALLSKY_SFC_SW_DWN,-0.0945,0.653117,-0.1748,0.403279,False,False,0.0535,-0.3055,Opposite Directions
22.5,89.375,January,1,T2M,PRECTOTCORR,-0.1449,0.489639,-0.0597,0.776995,False,False,-0.0452,0.1165,Opposite Directions
22.5,89.375,January,1,T2M,GWETTOP,-0.3507,0.085642,-0.3836,0.058359,False,False,-0.0452,0.0611,Opposite Directions
22.5,89.375,January,1,T2M,ALLSKY_SFC_SW_DWN,-0.1179,0.574633,-0.1628,0.436972,False,False,-0.0452,-0.8553,Both Decreasing
22.5,89.375,January,1,PRECTOTCORR,GWETTOP,0.4596,0.020818,0.303,0.140952,True,False,0.1165,0.0611,Both Increasing
22.5,89.375,January,1,PRECTOTCORR,ALLSKY_SFC_SW_DWN,-0.4396,0.027877,-0.5116,0.008947,True,True,0.1165,-0.8553,Opposite Directions
22.5,89.375,January,1,GWETTOP,ALLSKY_SFC_SW_DWN,-0.4093,0.042178,-0.3842,0.057948,True,False,0.0611,-0.8553,Opposite Directions
22.5,89.375,February,2,T2M,PRECTOTCORR,-0.0667,0.751529,-0.2254,0.278742,False,False,-0.3537,0.4885,Opposite Directions
22.5,89.375,February,2,T2M,GWETTOP,-0.7562,1.2e-05,-0.6938,0.00012,True,True,-0.3537,0.0693,Opposite Directions
22.5,89.375,February,2,T2M,ALLSKY_SFC_SW_DWN,0.0924,0.660435,0.1608,0.442573,False,False,-0.3537,-1.3097,Both Decreasing
22.5,89.375,February,2,PRECTOTCORR,GWETTOP,0.1969,0.345367,0.3978,0.048941,False,True,0.4885,0.0693,Both Increasing
22.5,89.375,February,2,PRECTOTCORR,ALLSKY_SFC_SW_DWN,-0.3923,0.052401,-0.4772,0.01586,False,True,0.4885,-1.3097,Opposite Directions
22.5,89.375,February,2,GWETTOP,ALLSKY_SFC_SW_DWN,-0.484,0.014232,-0.4531,0.022945,True,True,0.0693,-1.3097,Opposite Directions
22.5,89.375,March,3,T2M,PRECTOTCORR,-0.6835,0.000165,-0.6545,0.000386,True,True,-0.3122,0.145,Opposite Directions
22.5,89.375,March,3,T2M,GWETTOP,-0.8668,0.0,-0.8458,0.0,True,True,-0.3122,0.0579,Opposite Directions
22.5,89.375,March,3,T2M,ALLSKY_SFC_SW_DWN,0.0257,0.902929,0.0104,0.9607,False,False,-0.3122,-0.7318,Both Decreasing
22.5,89.375,March,3,PRECTOTCORR,GWETTOP,0.624,0.000859,0.6761,0.000207,True,True,0.145,0.0579,Both Increasing
22.5,89.375,March,3,PRECTOTCORR,ALLSKY_SFC_SW_DWN,-0.3859,0.056745,-0.2513,0.225616,False,False,0.145,-0.7318,Opposite Directions
22.5,89.375,March,3,GWETTOP,ALLSKY_SFC_SW_DWN,-0.2715,0.189298,-0.2251,0.279396,False,False,0.0579,-0.7318,Opposite Directions
22.5,89.375,April,4,T2M,PRECTOTCORR,-0.7736,6e-06,-0.9311,0.0,True,True,0.1044,0.7907,Both Increasing
22.5,89.375,April,4,T2M,GWETTOP,-0.894,0.0,-0.9189,0.0,True,True,0.1044,0.0058,Both Increasing
22.5,89.375,April,4,T2M,ALLSKY_SFC_SW_DWN,0.3603,0.076837,0.38,0.060984,False,False,0.1044,-0.6133,Opposite Directions
22.5,89.375,April,4,PRECTOTCORR,GWETTOP,0.7801,4e-06,0.9295,0.0,True,True,0.7907,0.0058,Both Increasing
22.5,89.375,April,4,PRECTOTCORR,ALLSKY_SFC_SW_DWN,-0.5907,0.001877,-0.5187,0.007899,True,True,0.7907,-0.6133,Opposite Directions
22.5,89.375,April,4,GWETTOP,ALLSKY_SFC_SW_DWN,-0.4171,0.038023,-0.4835,0.014332,True,True,0.0058,-0.6133,Opposite Directions
22.5,89.375,May,5,T2M,PRECTOTCORR,-0.6738,0.000222,-0.7244,4.2e-05,True,True,-0.4939,2.7691,Opposite Directions
22.5,89.375,May,5,T2M,GWETTOP,-0.9366,0.0,-0.9218,0.0,True,True,-0.4939,0.0752,Opposite Directions
22.5,89.375,May,5,T2M,ALLSKY_SFC_SW_DWN,0.5998,0.001528,0.6924,0.000125,True,True,-0.4939,-0.8331,Both Decreasing
22.5,89.375,May,5,PRECTOTCORR,GWETTOP,0.8068,1e-06,0.847,0.0,True,True,2.7691,0.0752,Both Increasing
22.5,89.375,May,5,PRECTOTCORR,ALLSKY_SFC_SW_DWN,-0.7295,3.5e-05,-0.7603,1e-05,True,True,2.7691,-0.8331,Opposite Directions
22.5,89.375,May,5,GWETTOP,ALLSKY_SFC_SW_DWN,-0.5941,0.001741,-0.701,9.5e-05,True,True,0.0752,-0.8331,Opposite Directions
22.5,89.375,June,6,T2M,PRECTOTCORR,-0.5737,0.002717,-0.4783,0.015595,True,True,-0.0075,1.1082,Opposite Directions
22.5,89.375,June,6,T2M,GWETTOP,-0.8637,0.0,-0.8126,1e-06,True,True,-0.0075,0.0467,Opposite Directions
22.5,89.375,June,6,T2M,ALLSKY_SFC_SW_DWN,0.2178,0.29568,0.0989,0.638166,False,False,-0.0075,0.4449,Opposite Directions
22.5,89.375,June,6,PRECTOTCORR,GWETTOP,0.6693,0.000253,0.6121,0.001147,True,True,1.1082,0.0467,Both Increasing
22.5,89.375,June,6,PRECTOTCORR,ALLSKY_SFC_SW_DWN,-0.4212,0.035995,-0.4238,0.034735,True,True,1.1082,0.4449,Both Increasing
22.5,89.375,June,6,GWETTOP,ALLSKY_SFC_SW_DWN,-0.0355,0.866307,0.0339,0.87213,False,False,0.0467,0.4449,Both Increasing
22.5,89.375,July,7,T2M,PRECTOTCORR,-0.319,0.12018,-0.213,0.306637,False,False,0.2175,4.1945,Both Increasing
22.5,89.375,July,7,T2M,GWETTOP,-0.3834,0.058507,-0.4981,0.011283,False,True,0.2175,0.0115,Both Increasing
22.5,89.375,July,7,T2M,ALLSKY_SFC_SW_DWN,0.5916,0.001841,0.6121,0.001147,True,True,0.2175,0.1632,Both Increasing
22.5,89.375,July,7,PRECTOTCORR,GWETTOP,0.6438,0.000516,0.7312,3.3e-05,True,True,4.1945,0.0115,Both Increasing
22.5,89.375,July,7,PRECTOTCORR,ALLSKY_SFC_SW_DWN,-0.6798,0.000185,-0.6928,0.000124,True,True,4.1945,0.1632,Both Increasing
22.5,89.375,July,7,GWETTOP,ALLSKY_SFC_SW_DWN,-0.491,0.012702,-0.5754,0.002619,True,True,0.0115,0.1632,Both Increasing
22.5,89.375,August,8,T2M,PRECTOTCORR,0.0638,0.761911,0.0647,0.758546,False,False,0.1114,4.4537,Both Increasing
22.5,89.375,August,8,T2M,GWETTOP,-0.2259,0.277638,-0.0283,0.893158,False,False,0.1114,0.0198,Both Increasing
22.5,89.375,August,8,T2M,ALLSKY_SFC_SW_DWN,0.0396,0.850803,0.1207,0.565606,False,False,0.1114,-0.8498,Opposite Directions
22.5,89.375,August,8,PRECTOTCORR,GWETTOP,0.6182,0.000988,0.8317,0.0,True,True,4.4537,0.0198,Both Increasing
22.5,89.375,August,8,PRECTOTCORR,ALLSKY_SFC_SW_DWN,-0.419,0.037072,-0.4283,0.032667,True,True,4.4537,-0.8498,Opposite Directions
22.5,89.375,August,8,GWETTOP,ALLSKY_SFC_SW_DWN,-0.2845,0.168089,-0.4005,0.047265,False,True,0.0198,-0.8498,Opposite Directions
22.5,89.375,September,9,T2M,PRECTOTCORR,0.2224,0.28526,0.1204,0.566435,False,False,0.3195,2.5138,Both Increasing
22.5,89.375,September,9,T2M,GWETTOP,0.1964,0.346862,0.2331,0.262035,False,False,0.3195,0.0153,Both Increasing
22.5,89.375,September,9,T2M,ALLSKY_SFC_SW_DWN,-0.0892,0.671383,-0.0766,0.716027,False,False,0.3195,-0.2483,Opposite Directions
22.5,89.375,September,9,PRECTOTCORR,GWETTOP,0.7742,6e-06,0.7933,2e-06,True,True,2.5138,0.0153,Both Increasing
22.5,89.375,September,9,PRECTOTCORR,ALLSKY_SFC_SW_DWN,-0.5895,0.001929,-0.6817,0.000175,True,True,2.5138,-0.2483,Opposite Directions
22.5,89.375,September,9,GWETTOP,ALLSKY_SFC_SW_DWN,-0.4572,0.021566,-0.748,1.7e-05,True,True,0.0153,-0.2483,Opposite Directions
22.5,89.375,October,10,T2M,PRECTOTCORR,0.3819,0.05958,0.3242,0.113841,False,False,0.4264,2.1542,Both Increasing
22.5,89.375,October,10,T2M,GWETTOP,0.3662,0.071805,0.3252,0.1127,False,False,0.4264,0.0138,Both Increasing
22.5,89.375,October,10,T2M,ALLSKY_SFC_SW_DWN,-0.52,0.007711,-0.5171,0.008116,True,True,0.4264,-0.2817,Opposite Directions
22.5,89.375,October,10,PRECTOTCORR,GWETTOP,0.7907,3e-06,0.8659,0.0,True,True,2.1542,0.0138,Both Increasing
22.5,89.375,October,10,PRECTOTCORR,ALLSKY_SFC_SW_DWN,-0.619,0.000971,-0.7246,4.2e-05,True,True,2.1542,-0.2817,Opposite Directions
22.5,89.375,October,10,GWETTOP,ALLSKY_SFC_SW_DWN,-0.6394,0.00058,-0.6744,0.000218,True,True,0.0138,-0.2817,Opposite Directions
22.5,89.375,November,11,T2M,PRECTOTCORR,0.0737,0.726098,0.0908,0.66586,False,False,0.0545,0.6486,Both Increasing
22.5,89.375,November,11,T2M,GWETTOP,-0.2503,0.227458,-0.2255,0.278387,False,False,0.0545,0.0255,Both Increasing
22.5,89.375,November,11,T2M,ALLSKY_SFC_SW_DWN,-0.4937,0.012132,-0.4877,0.013399,True,True,0.0545,-0.2609,Opposite Directions
22.5,89.375,November,11,PRECTOTCORR,GWETTOP,0.4486,0.024504,0.4649,0.019195,True,True,0.6486,0.0255,Both Increasing
22.5,89.375,November,11,PRECTOTCORR,ALLSKY_SFC_SW_DWN,-0.3684,0.069963,-0.4796,0.015266,False,True,0.6486,-0.2609,Opposite Directions
22.5,89.375,November,11,GWETTOP,ALLSKY_SFC_SW_DWN,0.0855,0.684513,0.051,0.808791,False,False,0.0255,-0.2609,Opposite Directions
22.5,89.375,December,12,T2M,PRECTOTCORR,0.0606,0.77348,0.0085,0.967818,False,False,-0.1015,0.4055,Opposite Directions
22.5,89.375,December,12,T2M,GWETTOP,-0.3053,0.137789,-0.3661,0.071891,False,False,-0.1015,0.0405,Opposite Directions
22.5,89.375,December,12,T2M,ALLSKY_SFC_SW_DWN,-0.3075,0.134819,-0.1612,0.441378,False,False,-0.1015,-0.7998,Both Decreasing
22.5,89.375,December,12,PRECTOTCORR,GWETTOP,0.622,0.000901,0.4005,0.047285,True,True,0.4055,0.0405,Both Increasing
22.5,89.375,December,12,PRECTOTCORR,ALLSKY_SFC_SW_DWN,-0.2715,0.189319,-0.5393,0.005407,False,True,0.4055,-0.7998,Opposite Directions
22.5,89.375,December,12,GWETTOP,ALLSKY_SFC_SW_DWN,-0.0528,0.801954,-0.1482,0.479497,False,False,0.0405,-0.7998,Opposite Directions
22.5,90.0,January,1,T2M,PRECTOTCORR,-0.1413,0.500364,-0.0744,0.723659,False,False,-0.0499,0.1628,Opposite Directions
22.5,90.0,January,1,T2M,GWETTOP,-0.3931,0.05193,-0.3245,0.113546,False,False,-0.0499,0.0733,Opposite Directions
22.5,90.0,January,1,T2M,ALLSKY_SFC_SW_DWN,-0.1598,0.445363,-0.1739,0.405834,False,False,-0.0499,-0.8553,Both Decreasing
22.5,90.0,January,1,PRECTOTCORR,GWETTOP,0.484,0.014223,0.285,0.167305,True,False,0.1628,0.0733,Both Increasing
22.5,90.0,January,1,PRECTOTCORR,ALLSKY_SFC_SW_DWN,-0.3942,0.051198,-0.5242,0.007149,False,True,0.1628,-0.8553,Opposite Directions
22.5,90.0,January,1,GWETTOP,ALLSKY_SFC_SW_DWN,-0.3861,0.056633,-0.3488,0.087463,False,False,0.0733,-0.8553,Opposite Directions
22.5,90.0,February,2,T2M,PRECTOTCORR,-0.0547,0.795003,-0.1459,0.486469,False,False,-0.4382,0.4153,Opposite Directions
22.5,90.0,February,2,T2M,GWETTOP,-0.7422,2.2e-05,-0.6507,0.000428,True,True,-0.4382,0.0751,Opposite Directions
22.5,90.0,February,2,T2M,ALLSKY_SFC_SW_DWN,0.1098,0.601461,0.1415,0.499758,False,False,-0.4382,-1.3097,Both Decreasing
22.5,90.0,February,2,PRECTOTCORR,GWETTOP,0.1833,0.380592,0.2368,0.254435,False,False,0.4153,0.0751,Both Increasing
22.5,90.0,February,2,PRECTOTCORR,ALLSKY_SFC_SW_DWN,-0.3323,0.10462,-0.4393,0.028024,False,True,0.4153,-1.3097,Opposite Directions
22.5,90.0,February,2,GWETTOP,ALLSKY_SFC_SW_DWN,-0.5154,0.00837,-0.5332,0.006055,True,True,0.0751,-1.3097,Opposite Directions
22.5,90.0,March,3,T2M,PRECTOTCORR,-0.6372,0.000613,-0.5348,0.005885,True,True,-0.4126,0.2327,Opposite Directions
22.5,90.0,March,3,T2M,GWETTOP,-0.865,0.0,-0.7439,2e-05,True,True,-0.4126,0.0593,Opposite Directions
22.5,90.0,March,3,T2M,ALLSKY_SFC_SW_DWN,0.0981,0.640821,0.0092,0.965057,False,False,-0.4126,-0.7318,Both Decreasing
22.5,90.0,March,3,PRECTOTCORR,GWETTOP,0.6435,0.00052,0.6551,0.00038,True,True,0.2327,0.0593,Both Increasing
22.5,90.0,March,3,PRECTOTCORR,ALLSKY_SFC_SW_DWN,-0.4587,0.021091,-0.3734,0.065989,True,False,0.2327,-0.7318,Opposite Directions
22.5,90.0,March,3,GWETTOP,ALLSKY_SFC_SW_DWN,-0.3597,0.07734,-0.3091,0.132696,False,False,0.0593,-0.7318,Opposite Directions
22.5,90.0,April,4,T2M,PRECTOTCORR,-0.8135,1e-06,-0.9415,0.0,True,True,-0.0418,1.1983,Opposite Directions
22.5,90.0,April,4,T2M,GWETTOP,-0.8969,0.0,-0.9092,0.0,True,True,-0.0418,0.027,Opposite Directions
22.5,90.0,April,4,T2M,ALLSKY_SFC_SW_DWN,0.4543,0.022534,0.437,0.028937,True,True,-0.0418,-0.6133,Both Decreasing
22.5,90.0,April,4,PRECTOTCORR,GWETTOP,0.8332,0.0,0.9303,0.0,True,True,1.1983,0.027,Both Increasing
22.5,90.0,April,4,PRECTOTCORR,ALLSKY_SFC_SW_DWN,-0.6301,0.000735,-0.5893,0.001935,True,True,1.1983,-0.6133,Opposite Directions
22.5,90.0,April,4,GWETTOP,ALLSKY_SFC_SW_DWN,-0.5189,0.007871,-0.5057,0.009915,True,True,0.027,-0.6133,Opposite Directions
22.5,90.0,May,5,T2M,PRECTOTCORR,-0.687,0.000149,-0.7541,1.3e-05,True,True,-0.503,3.6728,Opposite Directions
22.5,90.0,May,5,T2M,GWETTOP,-0.9191,0.0,-0.9253,0.0,True,True,-0.503,0.0929,Opposite Directions
22.5,90.0,May,5,T2M,ALLSKY_SFC_SW_DWN,0.6289,0.000758,0.6713,0.000239,True,True,-0.503,-0.8331,Both Decreasing
22.5,90.0,May,5,PRECTOTCORR,GWETTOP,0.7562,1.2e-05,0.8716,0.0,True,True,3.6728,0.0929,Both Increasing
22.5,90.0,May,5,PRECTOTCORR,ALLSKY_SFC_SW_DWN,-0.7852,3e-06,-0.789,3e-06,True,True,3.6728,-0.8331,Opposite Directions
22.5,90.0,May,5,GWETTOP,ALLSKY_SFC_SW_DWN,-0.5546,0.004013,-0.7106,6.9e-05,True,True,0.0929,-0.8331,Opposite Directions
22.5,90.0,June,6,T2M,PRECTOTCORR,-0.531,0.006312,-0.551,0.004311,True,True,-0.0598,2.3226,Opposite Directions
22.5,90.0,June,6,T2M,GWETTOP,-0.8,2e-06,-0.7503,1.6e-05,True,True,-0.0598,0.0776,Opposite Directions
22.5,90.0,June,6,T2M,ALLSKY_SFC_SW_DWN,0.2537,0.22114,0.1451,0.48905,False,False,-0.0598,0.4449,Opposite Directions
22.5,90.0,June,6,PRECTOTCORR,GWETTOP,0.6226,0.000889,0.5847,0.002144,True,True,2.3226,0.0776,Both Increasing
22.5,90.0,June,6,PRECTOTCORR,ALLSKY_SFC_SW_DWN,-0.3287,0.108661,-0.2992,0.146198,False,False,2.3226,0.4449,Both Increasing
22.5,90.0,June,6,GWETTOP,ALLSKY_SFC_SW_DWN,0.0633,0.763717,0.1921,0.357681,False,False,0.0776,0.4449,Both Increasing
22.5,90.0,July,7,T2M,PRECTOTCORR,-0.2292,0.270354,-0.1255,0.550148,False,False,0.2069,5.8786,Both Increasing
22.5,90.0,July,7,T2M,GWETTOP,-0.1591,0.447368,-0.2892,0.160868,False,False,0.2069,0.0235,Both Increasing
22.5,90.0,July,7,T2M,ALLSKY_SFC_SW_DWN,0.5469,0.004667,0.5445,0.004895,True,True,0.2069,0.1632,Both Increasing
22.5,90.0,July,7,PRECTOTCORR,GWETTOP,0.7002,9.8e-05,0.8555,0.0,True,True,5.8786,0.0235,Both Increasing
22.5,90.0,July,7,PRECTOTCORR,ALLSKY_SFC_SW_DWN,-0.607,0.001295,-0.5782,0.002467,True,True,5.8786,0.1632,Both Increasing
22.5,90.0,July,7,GWETTOP,ALLSKY_SFC_SW_DWN,-0.4175,0.037824,-0.5103,0.009159,True,True,0.0235,0.1632,Both Increasing
22.5,90.0,August,8,T2M,PRECTOTCORR,0.2058,0.32377,0.2677,0.19568,False,False,0.1405,6.4229,Both Increasing
22.5,90.0,August,8,T2M,GWETTOP,-0.0195,0.926384,0.1269,0.545572,False,False,0.1405,0.0265,Both Increasing
22.5,90.0,August,8,T2M,ALLSKY_SFC_SW_DWN,0.0175,0.933922,0.0674,0.74903,False,False,0.1405,-0.8498,Opposite Directions
22.5,90.0,August,8,PRECTOTCORR,GWETTOP,0.7576,1.2e-05,0.8633,0.0,True,True,6.4229,0.0265,Both Increasing
22.5,90.0,August,8,PRECTOTCORR,ALLSKY_SFC_SW_DWN,-0.4945,0.01198,-0.4903,0.012843,True,True,6.4229,-0.8498,Opposite Directions
22.5,90.0,August,8,GWETTOP,ALLSKY_SFC_SW_DWN,-0.4021,0.046326,-0.4309,0.031511,True,True,0.0265,-0.8498,Opposite Directions
22.5,90.0,September,9,T2M,PRECTOTCORR,0.3586,0.078402,0.3868,0.056148,False,False,0.3537,3.28,Both Increasing
22.5,90.0,September,9,T2M,GWETTOP,0.2908,0.158507,0.2919,0.156879,False,False,0.3537,0.0205,Both Increasing
22.5,90.0,September,9,T2M,ALLSKY_SFC_SW_DWN,-0.1104,0.599262,-0.1055,0.615854,False,False,0.3537,-0.2483,Opposite Directions
22.5,90.0,September,9,PRECTOTCORR,GWETTOP,0.8221,0.0,0.8471,0.0,True,True,3.28,0.0205,Both Increasing
22.5,90.0,September,9,PRECTOTCORR,ALLSKY_SFC_SW_DWN,-0.5232,0.00728,-0.6032,0.001414,True,True,3.28,-0.2483,Opposite Directions
22.5,90.0,September,9,GWETTOP,ALLSKY_SFC_SW_DWN,-0.5342,0.005941,-0.7263,3.9e-05,True,True,0.0205,-0.2483,Opposite Directions
22.5,90.0,October,10,T2M,PRECTOTCORR,0.4553,0.022197,0.4397,0.027852,True,True,0.4574,3.491,Both Increasing
22.5,90.0,October,10,T2M,GWETTOP,0.4157,0.038789,0.3878,0.055456,True,False,0.4574,0.0188,Both Increasing
22.5,90.0,October,10,T2M,ALLSKY_SFC_SW_DWN,-0.5337,0.006004,-0.5543,0.004034,True,True,0.4574,-0.2817,Opposite Directions
22.5,90.0,October,10,PRECTOTCORR,GWETTOP,0.8519,0.0,0.9044,0.0,True,True,3.491,0.0188,Both Increasing
22.5,90.0,October,10,PRECTOTCORR,ALLSKY_SFC_SW_DWN,-0.4902,0.012869,-0.5492,0.004461,True,True,3.491,-0.2817,Opposite Directions
22.5,90.0,October,10,GWETTOP,ALLSKY_SFC_SW_DWN,-0.6215,0.000912,-0.6646,0.00029,True,True,0.0188,-0.2817,Opposite Directions
22.5,90.0,November,11,T2M,PRECTOTCORR,0.2359,0.256279,0.3456,0.090637,False,False,0.1382,1.2115,Both Increasing
22.5,90.0,November,11,T2M,GWETTOP,0.0145,0.945219,0.0502,0.811709,False,False,0.1382,0.0302,Both Increasing
22.5,90.0,November,11,T2M,ALLSKY_SFC_SW_DWN,-0.5415,0.005185,-0.4831,0.014439,True,True,0.1382,-0.2609,Opposite Directions
22.5,90.0,November,11,PRECTOTCORR,GWETTOP,0.5854,0.002112,0.5593,0.003653,True,True,1.2115,0.0302,Both Increasing
22.5,90.0,November,11,PRECTOTCORR,ALLSKY_SFC_SW_DWN,-0.364,0.073662,-0.4633,0.019664,False,True,1.2115,-0.2609,Opposite Directions
22.5,90.0,November,11,GWETTOP,ALLSKY_SFC_SW_DWN,0.0207,0.921912,0.0012,0.995616,False,False,0.0302,-0.2609,Opposite Directions
22.5,90.0,December,12,T2M,PRECTOTCORR,0.2014,0.334325,0.1599,0.445253,False,False,-0.0611,0.4259,Opposite Directions
22.5,90.0,December,12,T2M,GWETTOP,-0.1824,0.38276,-0.1897,0.363745,False,False,-0.0611,0.0502,Opposite Directions
22.5,90.0,December,12,T2M,ALLSKY_SFC_SW_DWN,-0.278,0.178389,-0.2136,0.305297,False,False,-0.0611,-0.7998,Both Decreasing
22.5,90.0,December,12,PRECTOTCORR,GWETTOP,0.6058,0.00133,0.5853,0.002116,True,True,0.4259,0.0502,Both Increasing
22.5,90.0,December,12,PRECTOTCORR,ALLSKY_SFC_SW_DWN,-0.2662,0.198375,-0.4616,0.020189,False,True,0.4259,-0.7998,Opposite Directions
22.5,90.0,December,12,GWETTOP,ALLSKY_SFC_SW_DWN,-0.1053,0.616365,-0.2435,0.240744,False,False,0.0502,-0.7998,Opposite Directions
22.5,91.875,January,1,T2M,PRECTOTCORR,-0.1896,0.364054,-0.1965,0.346606,False,False,0.0248,0.1963,Both Increasing
22.5,91.875,January,1,T2M,GWETTOP,-0.2975,0.148596,-0.2379,0.252146,False,False,0.0248,0.1048,Both Increasing
22.5,91.875,January,1,T2M,ALLSKY_SFC_SW_DWN,0.0066,0.975067,-0.0085,0.96798,False,False,0.0248,-0.2895,Opposite Directions
22.5,91.875,January,1,PRECTOTCORR,GWETTOP,0.5444,0.004905,0.3662,0.071812,True,False,0.1963,0.1048,Both Increasing
22.5,91.875,January,1,PRECTOTCORR,ALLSKY_SFC_SW_DWN,-0.4838,0.014273,-0.6876,0.000146,True,True,0.1963,-0.2895,Opposite Directions
22.5,91.875,January,1,GWETTOP,ALLSKY_SFC_SW_DWN,-0.1601,0.4445,-0.0875,0.677389,False,False,0.1048,-0.2895,Opposite Directions
22.5,91.875,February,2,T2M,PRECTOTCORR,-0.1889,0.365752,-0.3338,0.102969,False,False,-0.485,0.1005,Opposite Directions
22.5,91.875,February,2,T2M,GWETTOP,-0.753,1.4e-05,-0.722,4.6e-05,True,True,-0.485,0.0765,Opposite Directions
22.5,91.875,February,2,T2M,ALLSKY_SFC_SW_DWN,0.2089,0.316278,0.3618,0.075529,False,False,-0.485,-0.6285,Both Decreasing
22.5,91.875,February,2,PRECTOTCORR,GWETTOP,0.1971,0.344994,0.3895,0.054274,False,False,0.1005,0.0765,Both Increasing
22.5,91.875,February,2,PRECTOTCORR,ALLSKY_SFC_SW_DWN,-0.4282,0.032727,-0.4681,0.018278,True,True,0.1005,-0.6285,Opposite Directions
22.5,91.875,February,2,GWETTOP,ALLSKY_SFC_SW_DWN,-0.4782,0.015614,-0.48,0.015158,True,True,0.0765,-0.6285,Opposite Directions
22.5,91.875,March,3,T2M,PRECTOTCORR,-0.5199,0.007727,-0.3012,0.143416,True,False,-0.3412,0.6826,Opposite Directions
22.5,91.875,March,3,T2M,GWETTOP,-0.7183,5.3e-05,-0.6164,0.001033,True,True,-0.3412,0.0721,Opposite Directions
22.5,91.875,March,3,T2M,ALLSKY_SFC_SW_DWN,0.068,0.746748,0.0723,0.731188,False,False,-0.3412,-0.3538,Both Decreasing
22.5,91.875,March,3,PRECTOTCORR,GWETTOP,0.6913,0.00013,0.4757,0.016241,True,True,0.6826,0.0721,Both Increasing
22.5,91.875,March,3,PRECTOTCORR,ALLSKY_SFC_SW_DWN,-0.4712,0.017422,-0.3769,0.063267,True,False,0.6826,-0.3538,Opposite Directions
22.5,91.875,March,3,GWETTOP,ALLSKY_SFC_SW_DWN,-0.3358,0.100752,-0.3646,0.073156,False,False,0.0721,-0.3538,Opposite Directions
22.5,91.875,April,4,T2M,PRECTOTCORR,-0.7922,2e-06,-0.8377,0.0,True,True,-0.1884,1.8946,Opposite Directions
22.5,91.875,April,4,T2M,GWETTOP,-0.7949,2e-06,-0.7533,1.4e-05,True,True,-0.1884,0.0771,Opposite Directions
22.5,91.875,April,4,T2M,ALLSKY_SFC_SW_DWN,0.5975,0.001612,0.6097,0.001213,True,True,-0.1884,-0.1865,Both Decreasing
22.5,91.875,April,4,PRECTOTCORR,GWETTOP,0.8992,0.0,0.7968,2e-06,True,True,1.8946,0.0771,Both Increasing
22.5,91.875,April,4,PRECTOTCORR,ALLSKY_SFC_SW_DWN,-0.5361,0.005738,-0.5882,0.001985,True,True,1.8946,-0.1865,Opposite Directions
22.5,91.875,April,4,GWETTOP,ALLSKY_SFC_SW_DWN,-0.4416,0.027107,-0.4233,0.034973,True,True,0.0771,-0.1865,Opposite Directions
22.5,91.875,May,5,T2M,PRECTOTCORR,-0.5956,0.001681,-0.5211,0.007563,True,True,-0.1836,3.8205,Opposite Directions
22.5,91.875,May,5,T2M,GWETTOP,-0.8297,0.0,-0.8085,1e-06,True,True,-0.1836,0.0957,Opposite Directions
22.5,91.875,May,5,T2M,ALLSKY_SFC_SW_DWN,0.4931,0.012262,0.2958,0.15113,True,False,-0.1836,0.0433,Opposite Directions
22.5,91.875,May,5,PRECTOTCORR,GWETTOP,0.7489,1.7e-05,0.7725,6e-06,True,True,3.8205,0.0957,Both Increasing
22.5,91.875,May,5,PRECTOTCORR,ALLSKY_SFC_SW_DWN,-0.5234,0.007252,-0.4917,0.012541,True,True,3.8205,0.0433,Both Increasing
22.5,91.875,May,5,GWETTOP,ALLSKY_SFC_SW_DWN,-0.3026,0.14144,-0.2262,0.276965,False,False,0.0957,0.0433,Both Increasing
22.5,91.875,June,6,T2M,PRECTOTCORR,-0.3603,0.076883,-0.3548,0.081786,False,False,-0.0458,6.1552,Opposite Directions
22.5,91.875,June,6,T2M,GWETTOP,-0.6543,0.000388,-0.6091,0.001232,True,True,-0.0458,0.1079,Opposite Directions
22.5,91.875,June,6,T2M,ALLSKY_SFC_SW_DWN,0.2023,0.332033,0.3333,0.103462,False,False,-0.0458,0.1518,Opposite Directions
22.5,91.875,June,6,PRECTOTCORR,GWETTOP,0.6661,0.000278,0.6347,0.000654,True,True,6.1552,0.1079,Both Increasing
22.5,91.875,June,6,PRECTOTCORR,ALLSKY_SFC_SW_DWN,-0.2931,0.155102,-0.422,0.035615,False,True,6.1552,0.1518,Both Increasing
22.5,91.875,June,6,GWETTOP,ALLSKY_SFC_SW_DWN,0.0857,0.683683,0.016,0.939544,False,False,0.1079,0.1518,Both Increasing
22.5,91.875,July,7,T2M,PRECTOTCORR,-0.0755,0.719967,-0.1466,0.484487,False,False,0.2592,9.6023,Both Increasing
22.5,91.875,July,7,T2M,GWETTOP,-0.0469,0.823914,0.013,0.950975,False,False,0.2592,0.0506,Both Increasing
22.5,91.875,July,7,T2M,ALLSKY_SFC_SW_DWN,0.4921,0.012463,0.4036,0.045413,True,True,0.2592,0.2272,Both Increasing
22.5,91.875,July,7,PRECTOTCORR,GWETTOP,0.6473,0.000469,0.9302,0.0,True,True,9.6023,0.0506,Both Increasing
22.5,91.875,July,7,PRECTOTCORR,ALLSKY_SFC_SW_DWN,-0.5813,0.002306,-0.7344,2.9e-05,True,True,9.6023,0.2272,Both Increasing
22.5,91.875,July,7,GWETTOP,ALLSKY_SFC_SW_DWN,-0.3199,0.118968,-0.5801,0.002369,False,True,0.0506,0.2272,Both Increasing
22.5,91.875,August,8,T2M,PRECTOTCORR,0.1751,0.402503,0.1696,0.417529,False,False,0.1358,10.0231,Both Increasing
22.5,91.875,August,8,T2M,GWETTOP,-0.0303,0.885732,0.1108,0.59804,False,False,0.1358,0.0531,Both Increasing
22.5,91.875,August,8,T2M,ALLSKY_SFC_SW_DWN,-0.0034,0.987195,0.0881,0.67541,False,False,0.1358,-0.9995,Opposite Directions
22.5,91.875,August,8,PRECTOTCORR,GWETTOP,0.7251,4.1e-05,0.9148,0.0,True,True,10.0231,0.0531,Both Increasing
22.5,91.875,August,8,PRECTOTCORR,ALLSKY_SFC_SW_DWN,-0.609,0.001234,-0.6015,0.001469,True,True,10.0231,-0.9995,Opposite Directions
22.5,91.875,August,8,GWETTOP,ALLSKY_SFC_SW_DWN,-0.3616,0.075698,-0.4655,0.019016,False,True,0.0531,-0.9995,Opposite Directions
22.5,91.875,September,9,T2M,PRECTOTCORR,0.4875,0.013441,0.5133,0.008689,True,True,0.3868,6.7493,Both Increasing
22.5,91.875,September,9,T2M,GWETTOP,0.4176,0.037778,0.5852,0.002119,True,True,0.3868,0.0565,Both Increasing
22.5,91.875,September,9,T2M,ALLSKY_SFC_SW_DWN,0.1544,0.461092,0.1078,0.608171,False,False,0.3868,0.1433,Both Increasing
22.5,91.875,September,9,PRECTOTCORR,GWETTOP,0.6562,0.000368,0.8437,0.0,True,True,6.7493,0.0565,Both Increasing
22.5,91.875,September,9,PRECTOTCORR,ALLSKY_SFC_SW_DWN,-0.474,0.016675,-0.4432,0.026506,True,True,6.7493,0.1433,Both Increasing
22.5,91.875,September,9,GWETTOP,ALLSKY_SFC_SW_DWN,-0.2854,0.166723,-0.2898,0.159914,False,False,0.0565,0.1433,Both Increasing
22.5,91.875,October,10,T2M,PRECTOTCORR,0.3795,0.061342,0.3528,0.083701,False,False,0.4464,3.4649,Both Increasing
22.5,91.875,October,10,T2M,GWETTOP,0.2183,0.29448,0.3044,0.138969,False,False,0.4464,0.0572,Both Increasing
22.5,91.875,October,10,T2M,ALLSKY_SFC_SW_DWN,-0.0755,0.719765,-0.1004,0.632986,False,False,0.4464,-0.0654,Opposite Directions
22.5,91.875,October,10,PRECTOTCORR,GWETTOP,0.7217,4.7e-05,0.9273,0.0,True,True,3.4649,0.0572,Both Increasing
22.5,91.875,October,10,PRECTOTCORR,ALLSKY_SFC_SW_DWN,-0.4187,0.03723,-0.4285,0.032605,True,True,3.4649,-0.0654,Opposite Directions
22.5,91.875,October,10,GWETTOP,ALLSKY_SFC_SW_DWN,-0.1977,0.34355,-0.3514,0.084984,False,False,0.0572,-0.0654,Opposite Directions
22.5,91.875,November,11,T2M,PRECTOTCORR,0.3936,0.051548,0.5657,0.003205,False,True,0.4645,1.066,Both Increasing
22.5,91.875,November,11,T2M,GWETTOP,0.5984,0.00158,0.6702,0.000247,True,True,0.4645,0.0699,Both Increasing
22.5,91.875,November,11,T2M,ALLSKY_SFC_SW_DWN,-0.3799,0.061013,-0.3148,0.125357,False,False,0.4645,0.1992,Both Increasing
22.5,91.875,November,11,PRECTOTCORR,GWETTOP,0.534,0.005965,0.4851,0.013972,True,True,1.066,0.0699,Both Increasing
22.5,91.875,November,11,PRECTOTCORR,ALLSKY_SFC_SW_DWN,-0.3636,0.073974,-0.689,0.00014,False,True,1.066,0.1992,Both Increasing
22.5,91.875,November,11,GWETTOP,ALLSKY_SFC_SW_DWN,0.0058,0.978172,-0.1005,0.632515,False,False,0.0699,0.1992,Both Increasing
22.5,91.875,December,12,T2M,PRECTOTCORR,0.363,0.074478,0.2745,0.184135,False,False,0.2568,0.3755,Both Increasing
22.5,91.875,December,12,T2M,GWETTOP,0.2737,0.185597,0.2158,0.300093,False,False,0.2568,0.095,Both Increasing
22.5,91.875,December,12,T2M,ALLSKY_SFC_SW_DWN,-0.2773,0.179525,-0.3476,0.088671,False,False,0.2568,-0.3055,Opposite Directions
22.5,91.875,December,12,PRECTOTCORR,GWETTOP,0.3788,0.061821,0.2434,0.24109,False,False,0.3755,0.095,Both Increasing
22.5,91.875,December,12,PRECTOTCORR,ALLSKY_SFC_SW_DWN,-0.1688,0.419893,-0.391,0.053296,False,False,0.3755,-0.3055,Opposite Directions
22.5,91.875,December,12,GWETTOP,ALLSKY_SFC_SW_DWN,-0.1522,0.467692,-0.2049,0.325945,False,False,0.095,-0.3055,Opposite Directions
22.5,92.5,January,1,T2M,PRECTOTCORR,-0.4719,0.017233,-0.3449,0.091288,True,False,-0.3075,0.1656,Opposite Directions
22.5,92.5,January,1,T2M,GWETTOP,-0.6024,0.001441,-0.5823,0.002259,True,True,-0.3075,0.0921,Opposite Directions
22.5,92.5,January,1,T2M,ALLSKY_SFC_SW_DWN,0.3214,0.117182,0.3081,0.133992,False,False,-0.3075,-0.3213,Both Decreasing
22.5,92.5,January,1,PRECTOTCORR,GWETTOP,0.6515,0.00042,0.4195,0.036862,True,True,0.1656,0.0921,Both Increasing
22.5,92.5,January,1,PRECTOTCORR,ALLSKY_SFC_SW_DWN,-0.5361,0.005737,-0.5674,0.003097,True,True,0.1656,-0.3213,Opposite Directions
22.5,92.5,January,1,GWETTOP,ALLSKY_SFC_SW_DWN,-0.2732,0.18644,-0.227,0.275137,False,False,0.0921,-0.3213,Opposite Directions
22.5,92.5,February,2,T2M,PRECTOTCORR,-0.2477,0.232458,-0.2686,0.19421,False,False,-0.5439,0.0143,Opposite Directions
22.5,92.5,February,2,T2M,GWETTOP,-0.7354,2.8e-05,-0.723,4.5e-05,True,True,-0.5439,0.069,Opposite Directions
22.5,92.5,February,2,T2M,ALLSKY_SFC_SW_DWN,0.2032,0.329887,0.414,0.039647,False,True,-0.5439,-0.5742,Both Decreasing
22.5,92.5,February,2,PRECTOTCORR,GWETTOP,0.3021,0.142203,0.367,0.071117,False,False,0.0143,0.069,Both Increasing
22.5,92.5,February,2,PRECTOTCORR,ALLSKY_SFC_SW_DWN,-0.3795,0.061369,-0.4565,0.02181,False,True,0.0143,-0.5742,Opposite Directions
22.5,92.5,February,2,GWETTOP,ALLSKY_SFC_SW_DWN,-0.4652,0.019114,-0.4706,0.017579,True,True,0.069,-0.5742,Opposite Directions
22.5,92.5,March,3,T2M,PRECTOTCORR,-0.5928,0.00179,-0.44,0.027718,True,True,-0.2855,0.6575,Opposite Directions
22.5,92.5,March,3,T2M,GWETTOP,-0.7353,2.8e-05,-0.6607,0.000324,True,True,-0.2855,0.0729,Opposite Directions
22.5,92.5,March,3,T2M,ALLSKY_SFC_SW_DWN,0.1652,0.430113,0.1422,0.497659,False,False,-0.2855,-0.4556,Both Decreasing
22.5,92.5,March,3,PRECTOTCORR,GWETTOP,0.6631,0.000303,0.512,0.008888,True,True,0.6575,0.0729,Both Increasing
22.5,92.5,March,3,PRECTOTCORR,ALLSKY_SFC_SW_DWN,-0.4653,0.019098,-0.4622,0.020012,True,True,0.6575,-0.4556,Opposite Directions
22.5,92.5,March,3,GWETTOP,ALLSKY_SFC_SW_DWN,-0.3662,0.071775,-0.4141,0.039592,False,True,0.0729,-0.4556,Opposite Directions
22.5,92.5,April,4,T2M,PRECTOTCORR,-0.8247,0.0,-0.8813,0.0,True,True,-0.276,1.5864,Opposite Directions
22.5,92.5,April,4,T2M,GWETTOP,-0.8194,1e-06,-0.8262,0.0,True,True,-0.276,0.0665,Opposite Directions
22.5,92.5,April,4,T2M,ALLSKY_SFC_SW_DWN,0.5556,0.003937,0.6015,0.001469,True,True,-0.276,-0.3208,Both Decreasing
22.5,92.5,April,4,PRECTOTCORR,GWETTOP,0.8864,0.0,0.8389,0.0,True,True,1.5864,0.0665,Both Increasing
22.5,92.5,April,4,PRECTOTCORR,ALLSKY_SFC_SW_DWN,-0.516,0.008284,-0.5509,0.00432,True,True,1.5864,-0.3208,Opposite Directions
22.5,92.5,April,4,GWETTOP,ALLSKY_SFC_SW_DWN,-0.5253,0.007009,-0.5777,0.002496,True,True,0.0665,-0.3208,Opposite Directions
22.5,92.5,May,5,T2M,PRECTOTCORR,-0.62,0.000947,-0.6505,0.00043,True,True,-0.335,3.5238,Opposite Directions
22.5,92.5,May,5,T2M,GWETTOP,-0.8655,0.0,-0.8767,0.0,True,True,-0.335,0.0849,Opposite Directions
22.5,92.5,May,5,T2M,ALLSKY_SFC_SW_DWN,0.4735,0.016822,0.4155,0.038845,True,True,-0.335,0.3089,Opposite Directions
22.5,92.5,May,5,PRECTOTCORR,GWETTOP,0.7312,3.3e-05,0.7616,1e-05,True,True,3.5238,0.0849,Both Increasing
22.5,92.5,May,5,PRECTOTCORR,ALLSKY_SFC_SW_DWN,-0.4035,0.045487,-0.3928,0.052117,True,False,3.5238,0.3089,Both Increasing
22.5,92.5,May,5,GWETTOP,ALLSKY_SFC_SW_DWN,-0.2766,0.180672,-0.2601,0.209299,False,False,0.0849,0.3089,Both Increasing
22.5,92.5,June,6,T2M,PRECTOTCORR,-0.5209,0.007588,-0.4613,0.020274,True,True,-0.2869,6.8871,Opposite Directions
22.5,92.5,June,6,T2M,GWETTOP,-0.7597,1.1e-05,-0.6224,0.000892,True,True,-0.2869,0.128,Opposite Directions
22.5,92.5,June,6,T2M,ALLSKY_SFC_SW_DWN,0.3205,0.118311,0.3936,0.051569,False,False,-0.2869,0.1002,Opposite Directions
22.5,92.5,June,6,PRECTOTCORR,GWETTOP,0.713,6.3e-05,0.6847,0.00016,True,True,6.8871,0.128,Both Increasing
22.5,92.5,June,6,PRECTOTCORR,ALLSKY_SFC_SW_DWN,-0.2446,0.238599,-0.3808,0.060406,False,False,6.8871,0.1002,Both Increasing
22.5,92.5,June,6,GWETTOP,ALLSKY_SFC_SW_DWN,0.0076,0.971252,-0.0663,0.752831,False,False,0.128,0.1002,Both Increasing
22.5,92.5,July,7,T2M,PRECTOTCORR,-0.3604,0.076752,-0.4643,0.019374,False,True,0.0699,9.3208,Both Increasing
22.5,92.5,July,7,T2M,GWETTOP,-0.5173,0.008096,-0.3664,0.071597,True,False,0.0699,0.0967,Both Increasing
22.5,92.5,July,7,T2M,ALLSKY_SFC_SW_DWN,0.6983,0.000104,0.6275,0.000787,True,True,0.0699,0.2169,Both Increasing
22.5,92.5,July,7,PRECTOTCORR,GWETTOP,0.5966,0.001646,0.9267,0.0,True,True,9.3208,0.0967,Both Increasing
22.5,92.5,July,7,PRECTOTCORR,ALLSKY_SFC_SW_DWN,-0.5251,0.007036,-0.5906,0.001881,True,True,9.3208,0.2169,Both Increasing
22.5,92.5,July,7,GWETTOP,ALLSKY_SFC_SW_DWN,-0.2577,0.213556,-0.4554,0.022148,False,True,0.0967,0.2169,Both Increasing
22.5,92.5,August,8,T2M,PRECTOTCORR,-0.3422,0.094105,-0.2897,0.160161,False,False,-0.1278,9.1818,Opposite Directions
22.5,92.5,August,8,T2M,GWETTOP,-0.6208,0.00093,-0.2826,0.17109,True,False,-0.1278,0.1062,Opposite Directions
22.5,92.5,August,8,T2M,ALLSKY_SFC_SW_DWN,0.337,0.099517,0.4262,0.033619,False,True,-0.1278,-0.7381,Both Decreasing
22.5,92.5,August,8,PRECTOTCORR,GWETTOP,0.687,0.000149,0.9142,0.0,True,True,9.1818,0.1062,Both Increasing
22.5,92.5,August,8,PRECTOTCORR,ALLSKY_SFC_SW_DWN,-0.6155,0.001057,-0.6323,0.000696,True,True,9.1818,-0.7381,Opposite Directions
22.5,92.5,August,8,GWETTOP,ALLSKY_SFC_SW_DWN,-0.315,0.125096,-0.4758,0.016227,False,True,0.1062,-0.7381,Opposite Directions
22.5,92.5,September,9,T2M,PRECTOTCORR,0.1543,0.461381,0.2366,0.254864,False,False,0.2147,6.3137,Both Increasing
22.5,92.5,September,9,T2M,GWETTOP,-0.1909,0.360572,0.2761,0.181551,False,False,0.2147,0.1183,Both Increasing
22.5,92.5,September,9,T2M,ALLSKY_SFC_SW_DWN,0.3948,0.050836,0.4179,0.037665,False,True,0.2147,0.301,Both Increasing
22.5,92.5,September,9,PRECTOTCORR,GWETTOP,0.6989,0.000102,0.8796,0.0,True,True,6.3137,0.1183,Both Increasing
22.5,92.5,September,9,PRECTOTCORR,ALLSKY_SFC_SW_DWN,-0.106,0.614125,0.0581,0.782699,False,False,6.3137,0.301,Both Increasing
22.5,92.5,September,9,GWETTOP,ALLSKY_SFC_SW_DWN,-0.0749,0.721843,0.0853,0.685292,False,False,0.1183,0.301,Both Increasing
22.5,92.5,October,10,T2M,PRECTOTCORR,0.12,0.56775,0.147,0.483158,False,False,0.1794,3.1163,Both Increasing
22.5,92.5,October,10,T2M,GWETTOP,-0.2202,0.290164,0.056,0.790464,False,False,0.1794,0.1281,Both Increasing
22.5,92.5,October,10,T2M,ALLSKY_SFC_SW_DWN,0.2893,0.160664,0.2084,0.317393,False,False,0.1794,0.1205,Both Increasing
22.5,92.5,October,10,PRECTOTCORR,GWETTOP,0.6811,0.000178,0.8992,0.0,True,True,3.1163,0.1281,Both Increasing
22.5,92.5,October,10,PRECTOTCORR,ALLSKY_SFC_SW_DWN,-0.1795,0.390563,-0.1858,0.373873,False,False,3.1163,0.1205,Both Increasing
22.5,92.5,October,10,GWETTOP,ALLSKY_SFC_SW_DWN,-0.037,0.860448,-0.1181,0.57401,False,False,0.1281,0.1205,Both Increasing
22.5,92.5,November,11,T2M,PRECTOTCORR,0.2999,0.145184,0.5236,0.00723,False,True,0.0411,0.8946,Both Increasing
22.5,92.5,November,11,T2M,GWETTOP,0.0276,0.895854,0.2083,0.317695,False,False,0.0411,0.1382,Both Increasing
22.5,92.5,November,11,T2M,ALLSKY_SFC_SW_DWN,-0.5287,0.006589,-0.4886,0.013212,True,True,0.0411,0.18,Both Increasing
22.5,92.5,November,11,PRECTOTCORR,GWETTOP,0.4564,0.021848,0.5271,0.006778,True,True,0.8946,0.1382,Both Increasing
22.5,92.5,November,11,PRECTOTCORR,ALLSKY_SFC_SW_DWN,-0.262,0.205892,-0.6518,0.000415,False,True,0.8946,0.18,Both Increasing
22.5,92.5,November,11,GWETTOP,ALLSKY_SFC_SW_DWN,0.0514,0.807274,-0.1336,0.524451,False,False,0.1382,0.18,Both Increasing
22.5,92.5,December,12,T2M,PRECTOTCORR,0.06,0.775662,0.1913,0.359768,False,False,-0.124,0.371,Opposite Directions
22.5,92.5,December,12,T2M,GWETTOP,-0.4362,0.029257,-0.3799,0.061079,True,False,-0.124,0.1191,Opposite Directions
22.5,92.5,December,12,T2M,ALLSKY_SFC_SW_DWN,-0.1425,0.496728,-0.2266,0.276087,False,False,-0.124,-0.2477,Both Decreasing
22.5,92.5,December,12,PRECTOTCORR,GWETTOP,0.3692,0.069317,0.107,0.610661,False,False,0.371,0.1191,Both Increasing
22.5,92.5,December,12,PRECTOTCORR,ALLSKY_SFC_SW_DWN,-0.0972,0.643804,-0.3445,0.091721,False,False,0.371,-0.2477,Opposite Directions
22.5,92.5,December,12,GWETTOP,ALLSKY_SFC_SW_DWN,-0.1461,0.486015,-0.1212,0.5639,False,False,0.1191,-0.2477,Opposite Directions
22.0,89.375,January,1,T2M,PRECTOTCORR,-0.1725,0.409666,-0.0996,0.635736,False,False,-0.0512,0.1008,Opposite Directions
22.0,89.375,January,1,T2M,GWETTOP,-0.2939,0.153874,-0.2204,0.289651,False,False,-0.0512,0.0485,Opposite Directions
22.0,89.375,January,1,T2M,ALLSKY_SFC_SW_DWN,-0.1505,0.472775,-0.2132,0.306285,False,False,-0.0512,-0.7458,Both Decreasing
22.0,89.375,January,1,PRECTOTCORR,GWETTOP,0.4519,0.023334,0.3789,0.061814,True,False,0.1008,0.0485,Both Increasing
22.0,89.375,January,1,PRECTOTCORR,ALLSKY_SFC_SW_DWN,-0.4169,0.038154,-0.5682,0.003047,True,True,0.1008,-0.7458,Opposite Directions
22.0,89.375,January,1,GWETTOP,ALLSKY_SFC_SW_DWN,-0.3968,0.049522,-0.368,0.07032,True,False,0.0485,-0.7458,Opposite Directions
22.0,89.375,February,2,T2M,PRECTOTCORR,-0.052,0.805063,-0.1501,0.473852,False,False,-0.3218,0.4652,Opposite Directions
22.0,89.375,February,2,T2M,GWETTOP,-0.7288,3.6e-05,-0.6517,0.000417,True,True,-0.3218,0.0647,Opposite Directions
22.0,89.375,February,2,T2M,ALLSKY_SFC_SW_DWN,0.0616,0.769832,0.1685,0.420751,False,False,-0.3218,-1.0295,Both Decreasing
22.0,89.375,February,2,PRECTOTCORR,GWETTOP,0.1271,0.544845,0.2796,0.175863,False,False,0.4652,0.0647,Both Increasing
22.0,89.375,February,2,PRECTOTCORR,ALLSKY_SFC_SW_DWN,-0.2738,0.185424,-0.481,0.014918,False,True,0.4652,-1.0295,Opposite Directions
22.0,89.375,February,2,GWETTOP,ALLSKY_SFC_SW_DWN,-0.4164,0.038388,-0.422,0.035595,True,True,0.0647,-1.0295,Opposite Directions
22.0,89.375,March,3,T2M,PRECTOTCORR,-0.6514,0.00042,-0.562,0.00346,True,True,-0.2235,0.1583,Opposite Directions
22.0,89.375,March,3,T2M,GWETTOP,-0.8275,0.0,-0.7426,2.1e-05,True,True,-0.2235,0.0609,Opposite Directions
22.0,89.375,March,3,T2M,ALLSKY_SFC_SW_DWN,-0.0489,0.816546,-0.03,0.886737,False,False,-0.2235,-0.5528,Both Decreasing
22.0,89.375,March,3,PRECTOTCORR,GWETTOP,0.5895,0.00193,0.6469,0.000475,True,True,0.1583,0.0609,Both Increasing
22.0,89.375,March,3,PRECTOTCORR,ALLSKY_SFC_SW_DWN,-0.3339,0.102869,-0.1982,0.34227,False,False,0.1583,-0.5528,Opposite Directions
22.0,89.375,March,3,GWETTOP,ALLSKY_SFC_SW_DWN,-0.2069,0.321059,-0.2221,0.286011,False,False,0.0609,-0.5528,Opposite Directions
22.0,89.375,April,4,T2M,PRECTOTCORR,-0.7068,7.8e-05,-0.8331,0.0,True,True,0.2501,0.6302,Both Increasing
22.0,89.375,April,4,T2M,GWETTOP,-0.7778,5e-06,-0.7933,2e-06,True,True,0.2501,-0.0048,Opposite Directions
22.0,89.375,April,4,T2M,ALLSKY_SFC_SW_DWN,0.1513,0.47036,0.1,0.634361,False,False,0.2501,-0.3783,Opposite Directions
22.0,89.375,April,4,PRECTOTCORR,GWETTOP,0.774,6e-06,0.8764,0.0,True,True,0.6302,-0.0048,Opposite Directions
22.0,89.375,April,4,PRECTOTCORR,ALLSKY_SFC_SW_DWN,-0.3836,0.058382,-0.2592,0.210818,False,False,0.6302,-0.3783,Opposite Directions
22.0,89.375,April,4,GWETTOP,ALLSKY_SFC_SW_DWN,-0.1894,0.364485,-0.2267,0.275802,False,False,-0.0048,-0.3783,Both Decreasing
22.0,89.375,May,5,T2M,PRECTOTCORR,-0.549,0.004483,-0.6583,0.000347,True,True,-0.15,2.7673,Opposite Directions
22.0,89.375,May,5,T2M,GWETTOP,-0.8656,0.0,-0.8607,0.0,True,True,-0.15,0.0655,Opposite Directions
22.0,89.375,May,5,T2M,ALLSKY_SFC_SW_DWN,0.4377,0.028641,0.4248,0.034296,True,True,-0.15,-0.5792,Both Decreasing
22.0,89.375,May,5,PRECTOTCORR,GWETTOP,0.7515,1.5e-05,0.8155,1e-06,True,True,2.7673,0.0655,Both Increasing
22.0,89.375,May,5,PRECTOTCORR,ALLSKY_SFC_SW_DWN,-0.6067,0.001301,-0.6621,0.000312,True,True,2.7673,-0.5792,Opposite Directions
22.0,89.375,May,5,GWETTOP,ALLSKY_SFC_SW_DWN,-0.4565,0.021792,-0.5446,0.004883,True,True,0.0655,-0.5792,Opposite Directions
22.0,89.375,June,6,T2M,PRECTOTCORR,-0.4836,0.014315,-0.4471,0.025041,True,True,0.0935,2.2198,Both Increasing
22.0,89.375,June,6,T2M,GWETTOP,-0.7821,4e-06,-0.7559,1.2e-05,True,True,0.0935,0.0435,Both Increasing
22.0,89.375,June,6,T2M,ALLSKY_SFC_SW_DWN,0.1161,0.58034,0.1224,0.560129,False,False,0.0935,0.3647,Both Increasing
22.0,89.375,June,6,PRECTOTCORR,GWETTOP,0.6375,0.000609,0.6208,0.000928,True,True,2.2198,0.0435,Both Increasing
22.0,89.375,June,6,PRECTOTCORR,ALLSKY_SFC_SW_DWN,-0.3668,0.071296,-0.4054,0.044388,False,True,2.2198,0.3647,Both Increasing
22.0,89.375,June,6,GWETTOP,ALLSKY_SFC_SW_DWN,0.0792,0.706649,0.0173,0.934468,False,False,0.0435,0.3647,Both Increasing
22.0,89.375,July,7,T2M,PRECTOTCORR,-0.1432,0.494574,-0.1128,0.591445,False,False,0.2724,5.561,Both Increasing
22.0,89.375,July,7,T2M,GWETTOP,-0.1432,0.494595,-0.2239,0.281983,False,False,0.2724,0.0124,Both Increasing
22.0,89.375,July,7,T2M,ALLSKY_SFC_SW_DWN,0.4698,0.01781,0.4831,0.014442,True,True,0.2724,0.0985,Both Increasing
22.0,89.375,July,7,PRECTOTCORR,GWETTOP,0.6898,0.000136,0.7932,2e-06,True,True,5.561,0.0124,Both Increasing
22.0,89.375,July,7,PRECTOTCORR,ALLSKY_SFC_SW_DWN,-0.6291,0.000755,-0.69,0.000135,True,True,5.561,0.0985,Both Increasing
22.0,89.375,July,7,GWETTOP,ALLSKY_SFC_SW_DWN,-0.4589,0.021025,-0.5584,0.003718,True,True,0.0124,0.0985,Both Increasing
22.0,89.375,August,8,T2M,PRECTOTCORR,0.2865,0.164957,0.2991,0.146335,False,False,0.2166,5.1308,Both Increasing
22.0,89.375,August,8,T2M,GWETTOP,0.1144,0.585976,0.1814,0.385602,False,False,0.2166,0.0135,Both Increasing
22.0,89.375,August,8,T2M,ALLSKY_SFC_SW_DWN,-0.1101,0.600307,-0.0551,0.793807,False,False,0.2166,-0.6428,Opposite Directions
22.0,89.375,August,8,PRECTOTCORR,GWETTOP,0.7819,4e-06,0.8445,0.0,True,True,5.1308,0.0135,Both Increasing
22.0,89.375,August,8,PRECTOTCORR,ALLSKY_SFC_SW_DWN,-0.4566,0.021764,-0.47,0.017753,True,True,5.1308,-0.6428,Opposite Directions
22.0,89.375,August,8,GWETTOP,ALLSKY_SFC_SW_DWN,-0.417,0.038097,-0.4786,0.015517,True,True,0.0135,-0.6428,Opposite Directions
22.0,89.375,September,9,T2M,PRECTOTCORR,0.3202,0.118677,0.3589,0.078065,False,False,0.3515,3.1178,Both Increasing
22.0,89.375,September,9,T2M,GWETTOP,0.33,0.107166,0.3774,0.062923,False,False,0.3515,0.0099,Both Increasing
22.0,89.375,September,9,T2M,ALLSKY_SFC_SW_DWN,-0.0015,0.994429,-0.0223,0.91566,False,False,0.3515,-0.2348,Opposite Directions
22.0,89.375,September,9,PRECTOTCORR,GWETTOP,0.8195,1e-06,0.8479,0.0,True,True,3.1178,0.0099,Both Increasing
22.0,89.375,September,9,PRECTOTCORR,ALLSKY_SFC_SW_DWN,-0.5304,0.006385,-0.5563,0.003882,True,True,3.1178,-0.2348,Opposite Directions
22.0,89.375,September,9,GWETTOP,ALLSKY_SFC_SW_DWN,-0.5439,0.004944,-0.5994,0.001543,True,True,0.0099,-0.2348,Opposite Directions
22.0,89.375,October,10,T2M,PRECTOTCORR,0.3412,0.095062,0.2814,0.173027,False,False,0.4036,2.5935,Both Increasing
22.0,89.375,October,10,T2M,GWETTOP,0.3133,0.127288,0.2464,0.235058,False,False,0.4036,0.0099,Both Increasing
22.0,89.375,October,10,T2M,ALLSKY_SFC_SW_DWN,-0.365,0.072847,-0.4509,0.023678,False,True,0.4036,-0.3818,Opposite Directions
22.0,89.375,October,10,PRECTOTCORR,GWETTOP,0.8032,1e-06,0.9197,0.0,True,True,2.5935,0.0099,Both Increasing
22.0,89.375,October,10,PRECTOTCORR,ALLSKY_SFC_SW_DWN,-0.5964,0.001654,-0.6622,0.000311,True,True,2.5935,-0.3818,Opposite Directions
22.0,89.375,October,10,GWETTOP,ALLSKY_SFC_SW_DWN,-0.6183,0.000987,-0.6594,0.000336,True,True,0.0099,-0.3818,Opposite Directions
22.0,89.375,November,11,T2M,PRECTOTCORR,0.0691,0.742859,0.1317,0.530262,False,False,0.0462,0.7354,Both Increasing
22.0,89.375,November,11,T2M,GWETTOP,-0.1627,0.4372,-0.0996,0.63561,False,False,0.0462,0.0164,Both Increasing
22.0,89.375,November,11,T2M,ALLSKY_SFC_SW_DWN,-0.4802,0.015116,-0.5034,0.010315,True,True,0.0462,-0.2378,Opposite Directions
22.0,89.375,November,11,PRECTOTCORR,GWETTOP,0.4755,0.016301,0.4165,0.038333,True,True,0.7354,0.0164,Both Increasing
22.0,89.375,November,11,PRECTOTCORR,ALLSKY_SFC_SW_DWN,-0.2979,0.148105,-0.5191,0.007843,False,True,0.7354,-0.2378,Opposite Directions
22.0,89.375,November,11,GWETTOP,ALLSKY_SFC_SW_DWN,0.0822,0.696085,0.0315,0.881302,False,False,0.0164,-0.2378,Opposite Directions
22.0,89.375,December,12,T2M,PRECTOTCORR,0.0545,0.795736,0.0239,0.909879,False,False,-0.1102,0.4418,Opposite Directions
22.0,89.375,December,12,T2M,GWETTOP,-0.3371,0.09936,-0.34,0.096319,False,False,-0.1102,0.0328,Opposite Directions
22.0,89.375,December,12,T2M,ALLSKY_SFC_SW_DWN,-0.289,0.161108,-0.0645,0.759424,False,False,-0.1102,-0.743,Both Decreasing
22.0,89.375,December,12,PRECTOTCORR,GWETTOP,0.6128,0.001127,0.3578,0.079101,True,False,0.4418,0.0328,Both Increasing
22.0,89.375,December,12,PRECTOTCORR,ALLSKY_SFC_SW_DWN,-0.2479,0.232112,-0.4448,0.025871,False,True,0.4418,-0.743,Opposite Directions
22.0,89.375,December,12,GWETTOP,ALLSKY_SFC_SW_DWN,-0.0508,0.809555,-0.2154,0.301166,False,False,0.0328,-0.743,Opposite Directions
22.0,90.625,January,1,T2M,PRECTOTCORR,-0.3678,0.070442,-0.1144,0.586097,False,False,-0.2485,0.3059,Opposite Directions
22.0,90.625,January,1,T2M,GWETTOP,-0.4743,0.016596,-0.279,0.176758,True,False,-0.2485,0.0616,Opposite Directions
22.0,90.625,January,1,T2M,ALLSKY_SFC_SW_DWN,0.1026,0.625381,-0.0248,0.906265,False,False,-0.2485,-0.6655,Both Decreasing
22.0,90.625,January,1,PRECTOTCORR,GWETTOP,0.5994,0.001543,0.4856,0.013854,True,True,0.3059,0.0616,Both Increasing
22.0,90.625,January,1,PRECTOTCORR,ALLSKY_SFC_SW_DWN,-0.4743,0.016601,-0.6751,0.000214,True,True,0.3059,-0.6655,Opposite Directions
22.0,90.625,January,1,GWETTOP,ALLSKY_SFC_SW_DWN,-0.4617,0.020162,-0.402,0.046384,True,True,0.0616,-0.6655,Opposite Directions
22.0,90.625,February,2,T2M,PRECTOTCORR,-0.1446,0.490495,-0.2389,0.250155,False,False,-0.4355,0.9179,Opposite Directions
22.0,90.625,February,2,T2M,GWETTOP,-0.5911,0.00186,-0.5949,0.00171,True,True,-0.4355,0.0914,Opposite Directions
22.0,90.625,February,2,T2M,ALLSKY_SFC_SW_DWN,0.1653,0.429625,0.257,0.214871,False,False,-0.4355,-0.9035,Both Decreasing
22.0,90.625,February,2,PRECTOTCORR,GWETTOP,0.3056,0.137424,0.4902,0.012868,False,True,0.9179,0.0914,Both Increasing
22.0,90.625,February,2,PRECTOTCORR,ALLSKY_SFC_SW_DWN,-0.2216,0.286976,-0.5538,0.004074,False,True,0.9179,-0.9035,Opposite Directions
22.0,90.625,February,2,GWETTOP,ALLSKY_SFC_SW_DWN,-0.5371,0.005627,-0.5207,0.007614,True,True,0.0914,-0.9035,Opposite Directions
22.0,90.625,March,3,T2M,PRECTOTCORR,-0.5758,0.002596,-0.4454,0.02567,True,True,-0.3198,1.0918,Opposite Directions
22.0,90.625,March,3,T2M,GWETTOP,-0.6953,0.000114,-0.623,0.000879,True,True,-0.3198,0.1044,Opposite Directions
22.0,90.625,March,3,T2M,ALLSKY_SFC_SW_DWN,0.0317,0.880425,0.0285,0.892573,False,False,-0.3198,-0.5518,Both Decreasing
22.0,90.625,March,3,PRECTOTCORR,GWETTOP,0.735,2.9e-05,0.6442,0.00051,True,True,1.0918,0.1044,Both Increasing
22.0,90.625,March,3,PRECTOTCORR,ALLSKY_SFC_SW_DWN,-0.4691,0.018014,-0.3777,0.062687,True,False,1.0918,-0.5518,Opposite Directions
22.0,90.625,March,3,GWETTOP,ALLSKY_SFC_SW_DWN,-0.4158,0.038738,-0.4099,0.04183,True,True,0.1044,-0.5518,Opposite Directions
22.0,90.625,April,4,T2M,PRECTOTCORR,-0.6564,0.000366,-0.8149,1e-06,True,True,0.0098,3.1315,Both Increasing
22.0,90.625,April,4,T2M,GWETTOP,-0.7165,5.6e-05,-0.6927,0.000124,True,True,0.0098,0.0828,Both Increasing
22.0,90.625,April,4,T2M,ALLSKY_SFC_SW_DWN,0.4273,0.033122,0.4763,0.016077,True,True,0.0098,-0.4066,Opposite Directions
22.0,90.625,April,4,PRECTOTCORR,GWETTOP,0.7431,2.1e-05,0.801,2e-06,True,True,3.1315,0.0828,Both Increasing
22.0,90.625,April,4,PRECTOTCORR,ALLSKY_SFC_SW_DWN,-0.4801,0.015147,-0.4652,0.019122,True,True,3.1315,-0.4066,Opposite Directions
22.0,90.625,April,4,GWETTOP,ALLSKY_SFC_SW_DWN,-0.4629,0.019786,-0.4587,0.021096,True,True,0.0828,-0.4066,Opposite Directions
22.0,90.625,May,5,T2M,PRECTOTCORR,-0.4492,0.024273,-0.4785,0.015545,True,True,-0.0588,7.6031,Opposite Directions
22.0,90.625,May,5,T2M,GWETTOP,-0.5976,0.001607,-0.6146,0.00108,True,True,-0.0588,0.1107,Opposite Directions
22.0,90.625,May,5,T2M,ALLSKY_SFC_SW_DWN,0.4921,0.012471,0.4385,0.028347,True,True,-0.0588,-0.1783,Both Decreasing
22.0,90.625,May,5,PRECTOTCORR,GWETTOP,0.8114,1e-06,0.8236,0.0,True,True,7.6031,0.1107,Both Increasing
22.0,90.625,May,5,PRECTOTCORR,ALLSKY_SFC_SW_DWN,-0.3596,0.077493,-0.3808,0.060406,False,False,7.6031,-0.1783,Opposite Directions
22.0,90.625,May,5,GWETTOP,ALLSKY_SFC_SW_DWN,-0.2353,0.257612,-0.2455,0.23681,False,False,0.1107,-0.1783,Opposite Directions
22.0,90.625,June,6,T2M,PRECTOTCORR,-0.1022,0.626838,-0.0473,0.822259,False,False,0.1428,11.9611,Both Increasing
22.0,90.625,June,6,T2M,GWETTOP,-0.3545,0.082056,-0.1083,0.606494,False,False,0.1428,0.0613,Both Increasing
22.0,90.625,June,6,T2M,ALLSKY_SFC_SW_DWN,0.3849,0.057431,0.419,0.037086,False,True,0.1428,0.3927,Both Increasing
22.0,90.625,June,6,PRECTOTCORR,GWETTOP,0.6087,0.001244,0.8124,1e-06,True,True,11.9611,0.0613,Both Increasing
22.0,90.625,June,6,PRECTOTCORR,ALLSKY_SFC_SW_DWN,-0.1973,0.344468,-0.2862,0.165528,False,False,11.9611,0.3927,Both Increasing
22.0,90.625,June,6,GWETTOP,ALLSKY_SFC_SW_DWN,0.1719,0.411232,0.0363,0.863122,False,False,0.0613,0.3927,Both Increasing
22.0,90.625,July,7,T2M,PRECTOTCORR,0.1592,0.44711,0.1281,0.541625,False,False,0.3562,18.2695,Both Increasing
22.0,90.625,July,7,T2M,GWETTOP,0.1128,0.591449,0.1447,0.490028,False,False,0.3562,0.0122,Both Increasing
22.0,90.625,July,7,T2M,ALLSKY_SFC_SW_DWN,0.3654,0.072448,0.3013,0.143255,False,False,0.3562,0.1756,Both Increasing
22.0,90.625,July,7,PRECTOTCORR,GWETTOP,0.8125,1e-06,0.9212,0.0,True,True,18.2695,0.0122,Both Increasing
22.0,90.625,July,7,PRECTOTCORR,ALLSKY_SFC_SW_DWN,-0.5322,0.006175,-0.6217,0.000909,True,True,18.2695,0.1756,Both Increasing
22.0,90.625,July,7,GWETTOP,ALLSKY_SFC_SW_DWN,-0.5439,0.004948,-0.5642,0.00331,True,True,0.0122,0.1756,Both Increasing
22.0,90.625,August,8,T2M,PRECTOTCORR,0.5189,0.007865,0.5566,0.003858,True,True,0.3607,15.6886,Both Increasing
22.0,90.625,August,8,T2M,GWETTOP,0.4113,0.04108,0.439,0.028117,True,True,0.3607,0.0148,Both Increasing
22.0,90.625,August,8,T2M,ALLSKY_SFC_SW_DWN,-0.2112,0.310768,-0.1671,0.424796,False,False,0.3607,-0.7216,Opposite Directions
22.0,90.625,August,8,PRECTOTCORR,GWETTOP,0.8558,0.0,0.9419,0.0,True,True,15.6886,0.0148,Both Increasing
22.0,90.625,August,8,PRECTOTCORR,ALLSKY_SFC_SW_DWN,-0.5501,0.004382,-0.5046,0.010098,True,True,15.6886,-0.7216,Opposite Directions
22.0,90.625,August,8,GWETTOP,ALLSKY_SFC_SW_DWN,-0.4721,0.017172,-0.5016,0.010632,True,True,0.0148,-0.7216,Opposite Directions
22.0,90.625,September,9,T2M,PRECTOTCORR,0.6195,0.000958,0.6241,0.000856,True,True,0.4148,9.3702,Both Increasing
22.0,90.625,September,9,T2M,GWETTOP,0.5554,0.00395,0.5849,0.002133,True,True,0.4148,0.0184,Both Increasing
22.0,90.625,September,9,T2M,ALLSKY_SFC_SW_DWN,-0.0166,0.937088,-0.0208,0.921443,False,False,0.4148,-0.2172,Opposite Directions
22.0,90.625,September,9,PRECTOTCORR,GWETTOP,0.8187,1e-06,0.9459,0.0,True,True,9.3702,0.0184,Both Increasing
22.0,90.625,September,9,PRECTOTCORR,ALLSKY_SFC_SW_DWN,-0.4422,0.026859,-0.3567,0.08009,True,False,9.3702,-0.2172,Opposite Directions
22.0,90.625,September,9,GWETTOP,ALLSKY_SFC_SW_DWN,-0.4465,0.025242,-0.4529,0.022993,True,True,0.0184,-0.2172,Opposite Directions
22.0,90.625,October,10,T2M,PRECTOTCORR,0.3094,0.132342,0.331,0.106094,False,False,0.3407,7.8658,Both Increasing
22.0,90.625,October,10,T2M,GWETTOP,0.3176,0.121866,0.2718,0.188694,False,False,0.3407,0.0185,Both Increasing
22.0,90.625,October,10,T2M,ALLSKY_SFC_SW_DWN,-0.269,0.193512,-0.361,0.07626,False,False,0.3407,-0.4072,Opposite Directions
22.0,90.625,October,10,PRECTOTCORR,GWETTOP,0.7993,2e-06,0.8897,0.0,True,True,7.8658,0.0185,Both Increasing
22.0,90.625,October,10,PRECTOTCORR,ALLSKY_SFC_SW_DWN,-0.4936,0.012151,-0.6115,0.001162,True,True,7.8658,-0.4072,Opposite Directions
22.0,90.625,October,10,GWETTOP,ALLSKY_SFC_SW_DWN,-0.625,0.000837,-0.613,0.001122,True,True,0.0185,-0.4072,Opposite Directions
22.0,90.625,November,11,T2M,PRECTOTCORR,0.1342,0.52253,0.4609,0.02042,False,True,0.0671,2.4368,Both Increasing
22.0,90.625,November,11,T2M,GWETTOP,0.2166,0.298302,0.3081,0.134106,False,False,0.0671,0.0285,Both Increasing
22.0,90.625,November,11,T2M,ALLSKY_SFC_SW_DWN,-0.4348,0.029862,-0.4513,0.023538,True,True,0.0671,-0.1468,Opposite Directions
22.0,90.625,November,11,PRECTOTCORR,GWETTOP,0.5753,0.002624,0.6622,0.000311,True,True,2.4368,0.0285,Both Increasing
22.0,90.625,November,11,PRECTOTCORR,ALLSKY_SFC_SW_DWN,-0.3731,0.066216,-0.6207,0.00093,False,True,2.4368,-0.1468,Opposite Directions
22.0,90.625,November,11,GWETTOP,ALLSKY_SFC_SW_DWN,-0.2635,0.203088,-0.346,0.090209,False,False,0.0285,-0.1468,Opposite Directions
22.0,90.625,December,12,T2M,PRECTOTCORR,0.0257,0.902793,0.0829,0.693781,False,False,-0.2715,0.7489,Opposite Directions
22.0,90.625,December,12,T2M,GWETTOP,-0.2218,0.286692,-0.2354,0.257254,False,False,-0.2715,0.0515,Opposite Directions
22.0,90.625,December,12,T2M,ALLSKY_SFC_SW_DWN,-0.053,0.801411,-0.0346,0.869448,False,False,-0.2715,-0.5922,Both Decreasing
22.0,90.625,December,12,PRECTOTCORR,GWETTOP,0.6355,0.000641,0.6028,0.001426,True,True,0.7489,0.0515,Both Increasing
22.0,90.625,December,12,PRECTOTCORR,ALLSKY_SFC_SW_DWN,-0.2737,0.185523,-0.4357,0.02946,False,True,0.7489,-0.5922,Opposite Directions
22.0,90.625,December,12,GWETTOP,ALLSKY_SFC_SW_DWN,-0.3041,0.13944,-0.4387,0.028243,False,True,0.0515,-0.5922,Opposite Directions
22.0,92.5,January,1,T2M,PRECTOTCORR,-0.4663,0.01881,-0.3768,0.063342,True,False,-0.5514,0.172,Opposite Directions
22.0,92.5,January,1,T2M,GWETTOP,-0.7339,3e-05,-0.703,8.9e-05,True,True,-0.5514,0.0958,Opposite Directions
22.0,92.5,January,1,T2M,ALLSKY_SFC_SW_DWN,0.2173,0.296841,0.2485,0.230981,False,False,-0.5514,-0.2496,Both Decreasing
22.0,92.5,January,1,PRECTOTCORR,GWETTOP,0.6607,0.000325,0.518,0.007995,True,True,0.172,0.0958,Both Increasing
22.0,92.5,January,1,PRECTOTCORR,ALLSKY_SFC_SW_DWN,-0.5565,0.00386,-0.5911,0.001862,True,True,0.172,-0.2496,Opposite Directions
22.0,92.5,January,1,GWETTOP,ALLSKY_SFC_SW_DWN,-0.2451,0.2377,-0.2257,0.278036,False,False,0.0958,-0.2496,Opposite Directions
22.0,92.5,February,2,T2M,PRECTOTCORR,-0.2692,0.193129,-0.3291,0.108202,False,False,-0.727,0.0497,Opposite Directions
22.0,92.5,February,2,T2M,GWETTOP,-0.7827,4e-06,-0.8109,1e-06,True,True,-0.727,0.061,Opposite Directions
22.0,92.5,February,2,T2M,ALLSKY_SFC_SW_DWN,0.1354,0.518603,0.332,0.10495,False,False,-0.727,-0.3317,Both Decreasing
22.0,92.5,February,2,PRECTOTCORR,GWETTOP,0.2934,0.154636,0.3613,0.075993,False,False,0.0497,0.061,Both Increasing
22.0,92.5,February,2,PRECTOTCORR,ALLSKY_SFC_SW_DWN,-0.3133,0.12726,-0.3766,0.063499,False,False,0.0497,-0.3317,Opposite Directions
22.0,92.5,February,2,GWETTOP,ALLSKY_SFC_SW_DWN,-0.3735,0.065878,-0.444,0.026174,False,True,0.061,-0.3317,Opposite Directions
22.0,92.5,March,3,T2M,PRECTOTCORR,-0.6064,0.001311,-0.4093,0.042172,True,True,-0.3648,0.5495,Opposite Directions
22.0,92.5,March,3,T2M,GWETTOP,-0.7908,3e-06,-0.7448,2e-05,True,True,-0.3648,0.0604,Opposite Directions
22.0,92.5,March,3,T2M,ALLSKY_SFC_SW_DWN,0.0629,0.765235,0.0446,0.832198,False,False,-0.3648,-0.2662,Both Decreasing
22.0,92.5,March,3,PRECTOTCORR,GWETTOP,0.7085,7.4e-05,0.4724,0.017107,True,True,0.5495,0.0604,Both Increasing
22.0,92.5,March,3,PRECTOTCORR,ALLSKY_SFC_SW_DWN,-0.3911,0.053212,-0.3607,0.076475,False,False,0.5495,-0.2662,Opposite Directions
22.0,92.5,March,3,GWETTOP,ALLSKY_SFC_SW_DWN,-0.3235,0.114655,-0.297,0.149306,False,False,0.0604,-0.2662,Opposite Directions
22.0,92.5,April,4,T2M,PRECTOTCORR,-0.8058,1e-06,-0.8748,0.0,True,True,-0.3027,1.4358,Opposite Directions
22.0,92.5,April,4,T2M,GWETTOP,-0.8095,1e-06,-0.8428,0.0,True,True,-0.3027,0.0586,Opposite Directions
22.0,92.5,April,4,T2M,ALLSKY_SFC_SW_DWN,0.4266,0.033456,0.4221,0.035576,True,True,-0.3027,-0.2446,Both Decreasing
22.0,92.5,April,4,PRECTOTCORR,GWETTOP,0.8802,0.0,0.8431,0.0,True,True,1.4358,0.0586,Both Increasing
22.0,92.5,April,4,PRECTOTCORR,ALLSKY_SFC_SW_DWN,-0.4519,0.023343,-0.5363,0.005722,True,True,1.4358,-0.2446,Opposite Directions
22.0,92.5,April,4,GWETTOP,ALLSKY_SFC_SW_DWN,-0.5072,0.009656,-0.5256,0.006968,True,True,0.0586,-0.2446,Opposite Directions
22.0,92.5,May,5,T2M,PRECTOTCORR,-0.6088,0.001241,-0.6379,0.000602,True,True,-0.3192,3.0958,Opposite Directions
22.0,92.5,May,5,T2M,GWETTOP,-0.8657,0.0,-0.8655,0.0,True,True,-0.3192,0.0706,Opposite Directions
22.0,92.5,May,5,T2M,ALLSKY_SFC_SW_DWN,0.4149,0.039202,0.3444,0.091859,True,False,-0.3192,0.3333,Opposite Directions
22.0,92.5,May,5,PRECTOTCORR,GWETTOP,0.7239,4.3e-05,0.8253,0.0,True,True,3.0958,0.0706,Both Increasing
22.0,92.5,May,5,PRECTOTCORR,ALLSKY_SFC_SW_DWN,-0.4027,0.045939,-0.3146,0.125587,True,False,3.0958,0.3333,Both Increasing
22.0,92.5,May,5,GWETTOP,ALLSKY_SFC_SW_DWN,-0.246,0.235781,-0.2339,0.260522,False,False,0.0706,0.3333,Both Increasing
22.0,92.5,June,6,T2M,PRECTOTCORR,-0.4664,0.018779,-0.388,0.055304,True,False,-0.2347,8.0498,Opposite Directions
22.0,92.5,June,6,T2M,GWETTOP,-0.7262,4e-05,-0.6483,0.000457,True,True,-0.2347,0.123,Opposite Directions
22.0,92.5,June,6,T2M,ALLSKY_SFC_SW_DWN,0.1798,0.389808,0.3195,0.119537,False,False,-0.2347,0.3358,Opposite Directions
22.0,92.5,June,6,PRECTOTCORR,GWETTOP,0.7237,4.3e-05,0.6952,0.000115,True,True,8.0498,0.123,Both Increasing
22.0,92.5,June,6,PRECTOTCORR,ALLSKY_SFC_SW_DWN,-0.1115,0.595631,-0.2385,0.251001,False,False,8.0498,0.3358,Both Increasing
22.0,92.5,June,6,GWETTOP,ALLSKY_SFC_SW_DWN,0.1817,0.384705,-0.0019,0.992707,False,False,0.123,0.3358,Both Increasing
22.0,92.5,July,7,T2M,PRECTOTCORR,-0.3126,0.128136,-0.4125,0.040463,False,True,0.0565,10.9921,Both Increasing
22.0,92.5,July,7,T2M,GWETTOP,-0.6015,0.00147,-0.3404,0.095868,True,False,0.0565,0.0847,Both Increasing
22.0,92.5,July,7,T2M,ALLSKY_SFC_SW_DWN,0.6454,0.000495,0.688,0.000144,True,True,0.0565,0.2969,Both Increasing
22.0,92.5,July,7,PRECTOTCORR,GWETTOP,0.5783,0.00246,0.911,0.0,True,True,10.9921,0.0847,Both Increasing
22.0,92.5,July,7,PRECTOTCORR,ALLSKY_SFC_SW_DWN,-0.5627,0.00341,-0.6285,0.000767,True,True,10.9921,0.2969,Both Increasing
22.0,92.5,July,7,GWETTOP,ALLSKY_SFC_SW_DWN,-0.3409,0.095375,-0.5018,0.010603,False,True,0.0847,0.2969,Both Increasing
22.0,92.5,August,8,T2M,PRECTOTCORR,-0.2455,0.236953,-0.1347,0.520843,False,False,-0.0313,9.5038,Opposite Directions
22.0,92.5,August,8,T2M,GWETTOP,-0.5165,0.008214,-0.1718,0.411677,True,False,-0.0313,0.0802,Opposite Directions
22.0,92.5,August,8,T2M,ALLSKY_SFC_SW_DWN,0.1304,0.534522,0.2371,0.253787,False,False,-0.0313,-0.2091,Both Decreasing
22.0,92.5,August,8,PRECTOTCORR,GWETTOP,0.7374,2.6e-05,0.9346,0.0,True,True,9.5038,0.0802,Both Increasing
22.0,92.5,August,8,PRECTOTCORR,ALLSKY_SFC_SW_DWN,-0.4246,0.03437,-0.4069,0.043511,True,True,9.5038,-0.2091,Opposite Directions
22.0,92.5,August,8,GWETTOP,ALLSKY_SFC_SW_DWN,-0.0136,0.948599,-0.2656,0.199435,False,False,0.0802,-0.2091,Opposite Directions
22.0,92.5,September,9,T2M,PRECTOTCORR,0.337,0.099522,0.3674,0.070821,False,False,0.2362,7.1565,Both Increasing
22.0,92.5,September,9,T2M,GWETTOP,0.0421,0.841671,0.393,0.051965,False,False,0.2362,0.0877,Both Increasing
22.0,92.5,September,9,T2M,ALLSKY_SFC_SW_DWN,0.1525,0.466804,0.1177,0.575135,False,False,0.2362,0.287,Both Increasing
22.0,92.5,September,9,PRECTOTCORR,GWETTOP,0.6678,0.000265,0.9039,0.0,True,True,7.1565,0.0877,Both Increasing
22.0,92.5,September,9,PRECTOTCORR,ALLSKY_SFC_SW_DWN,-0.1486,0.478523,-0.085,0.686174,False,False,7.1565,0.287,Both Increasing
22.0,92.5,September,9,GWETTOP,ALLSKY_SFC_SW_DWN,-0.0057,0.978398,-0.0975,0.642814,False,False,0.0877,0.287,Both Increasing
22.0,92.5,October,10,T2M,PRECTOTCORR,0.1708,0.414305,0.1781,0.39423,False,False,0.2043,3.4525,Both Increasing
22.0,92.5,October,10,T2M,GWETTOP,-0.0779,0.711195,0.1046,0.618899,False,False,0.2043,0.0961,Both Increasing
22.0,92.5,October,10,T2M,ALLSKY_SFC_SW_DWN,0.1896,0.364013,0.1447,0.490132,False,False,0.2043,-0.0773,Opposite Directions
22.0,92.5,October,10,PRECTOTCORR,GWETTOP,0.7113,6.7e-05,0.9331,0.0,True,True,3.4525,0.0961,Both Increasing
22.0,92.5,October,10,PRECTOTCORR,ALLSKY_SFC_SW_DWN,-0.3971,0.049356,-0.3889,0.054672,True,False,3.4525,-0.0773,Opposite Directions
22.0,92.5,October,10,GWETTOP,ALLSKY_SFC_SW_DWN,-0.1713,0.41306,-0.3218,0.116755,False,False,0.0961,-0.0773,Opposite Directions
22.0,92.5,November,11,T2M,PRECTOTCORR,0.3373,0.099126,0.4442,0.026117,False,True,0.1521,0.9058,Both Increasing
22.0,92.5,November,11,T2M,GWETTOP,0.2105,0.312398,0.3492,0.087137,False,False,0.1521,0.111,Both Increasing
22.0,92.5,November,11,T2M,ALLSKY_SFC_SW_DWN,-0.4978,0.011337,-0.5422,0.005108,True,True,0.1521,0.1988,Both Increasing
22.0,92.5,November,11,PRECTOTCORR,GWETTOP,0.4934,0.012198,0.5311,0.006305,True,True,0.9058,0.111,Both Increasing
22.0,92.5,November,11,PRECTOTCORR,ALLSKY_SFC_SW_DWN,-0.2608,0.208002,-0.66,0.000331,False,True,0.9058,0.1988,Both Increasing
22.0,92.5,November,11,GWETTOP,ALLSKY_SFC_SW_DWN,0.013,0.950918,-0.1408,0.502047,False,False,0.111,0.1988,Both Increasing
22.0,92.5,December,12,T2M,PRECTOTCORR,0.131,0.532535,0.3049,0.138368,False,False,-0.1535,0.3741,Opposite Directions
22.0,92.5,December,12,T2M,GWETTOP,-0.3932,0.051812,-0.2895,0.160481,False,False,-0.1535,0.1174,Opposite Directions
22.0,92.5,December,12,T2M,ALLSKY_SFC_SW_DWN,-0.3359,0.100672,-0.3968,0.049561,False,True,-0.1535,-0.1318,Both Decreasing
22.0,92.5,December,12,PRECTOTCORR,GWETTOP,0.392,0.052588,0.252,0.224299,False,False,0.3741,0.1174,Both Increasing
22.0,92.5,December,12,PRECTOTCORR,ALLSKY_SFC_SW_DWN,-0.1198,0.568464,-0.496,0.01169,False,True,0.3741,-0.1318,Opposite Directions
22.0,92.5,December,12,GWETTOP,ALLSKY_SFC_SW_DWN,-0.055,0.793901,-0.0727,0.729848,False,False,0.1174,-0.1318,Opposite Directions
21.5,92.5,January,1,T2M,PRECTOTCORR,-0.4714,0.01736,-0.3056,0.137356,True,False,-0.4838,0.176,Opposite Directions
21.5,92.5,January,1,T2M,GWETTOP,-0.7304,3.4e-05,-0.6636,0.000299,True,True,-0.4838,0.0909,Opposite Directions
21.5,92.5,January,1,T2M,ALLSKY_SFC_SW_DWN,0.181,0.386572,0.2708,0.190484,False,False,-0.4838,-0.2496,Both Decreasing
21.5,92.5,January,1,PRECTOTCORR,GWETTOP,0.6534,0.000398,0.5486,0.004517,True,True,0.176,0.0909,Both Increasing
21.5,92.5,January,1,PRECTOTCORR,ALLSKY_SFC_SW_DWN,-0.5251,0.007039,-0.556,0.003902,True,True,0.176,-0.2496,Opposite Directions
21.5,92.5,January,1,GWETTOP,ALLSKY_SFC_SW_DWN,-0.2548,0.21892,-0.2734,0.185967,False,False,0.0909,-0.2496,Opposite Directions
21.5,92.5,February,2,T2M,PRECTOTCORR,-0.2279,0.273219,-0.2767,0.18062,False,False,-0.6664,0.1046,Opposite Directions
21.5,92.5,February,2,T2M,GWETTOP,-0.7475,1.8e-05,-0.7984,2e-06,True,True,-0.6664,0.0542,Opposite Directions
21.5,92.5,February,2,T2M,ALLSKY_SFC_SW_DWN,0.132,0.529412,0.3208,0.11789,False,False,-0.6664,-0.3317,Both Decreasing
21.5,92.5,February,2,PRECTOTCORR,GWETTOP,0.2698,0.192064,0.3473,0.088917,False,False,0.1046,0.0542,Both Increasing
21.5,92.5,February,2,PRECTOTCORR,ALLSKY_SFC_SW_DWN,-0.351,0.085332,-0.3912,0.053178,False,False,0.1046,-0.3317,Opposite Directions
21.5,92.5,February,2,GWETTOP,ALLSKY_SFC_SW_DWN,-0.4155,0.038873,-0.4625,0.019917,True,True,0.0542,-0.3317,Opposite Directions
21.5,92.5,March,3,T2M,PRECTOTCORR,-0.6486,0.000453,-0.4331,0.030564,True,True,-0.2605,0.4309,Opposite Directions
21.5,92.5,March,3,T2M,GWETTOP,-0.7565,1.2e-05,-0.6604,0.000328,True,True,-0.2605,0.0442,Opposite Directions
21.5,92.5,March,3,T2M,ALLSKY_SFC_SW_DWN,0.0027,0.989826,-0.0516,0.806645,False,False,-0.2605,-0.2662,Both Decreasing
21.5,92.5,March,3,PRECTOTCORR,GWETTOP,0.8009,2e-06,0.5437,0.004964,True,True,0.4309,0.0442,Both Increasing
21.5,92.5,March,3,PRECTOTCORR,ALLSKY_SFC_SW_DWN,-0.39,0.053941,-0.4052,0.044513,False,True,0.4309,-0.2662,Opposite Directions
21.5,92.5,March,3,GWETTOP,ALLSKY_SFC_SW_DWN,-0.3762,0.063855,-0.3759,0.064082,False,False,0.0442,-0.2662,Opposite Directions
21.5,92.5,April,4,T2M,PRECTOTCORR,-0.7866,3e-06,-0.8269,0.0,True,True,-0.1529,1.1044,Opposite Directions
21.5,92.5,April,4,T2M,GWETTOP,-0.8013,1e-06,-0.8448,0.0,True,True,-0.1529,0.0445,Opposite Directions
21.5,92.5,April,4,T2M,ALLSKY_SFC_SW_DWN,0.4423,0.02683,0.4293,0.032223,True,True,-0.1529,-0.2446,Both Decreasing
21.5,92.5,April,4,PRECTOTCORR,GWETTOP,0.8768,0.0,0.8086,1e-06,True,True,1.1044,0.0445,Both Increasing
21.5,92.5,April,4,PRECTOTCORR,ALLSKY_SFC_SW_DWN,-0.491,0.012697,-0.6274,0.000787,True,True,1.1044,-0.2446,Opposite Directions
21.5,92.5,April,4,GWETTOP,ALLSKY_SFC_SW_DWN,-0.5401,0.005319,-0.5175,0.008057,True,True,0.0445,-0.2446,Opposite Directions
21.5,92.5,May,5,T2M,PRECTOTCORR,-0.5476,0.004605,-0.6123,0.001141,True,True,-0.2056,2.4606,Opposite Directions
21.5,92.5,May,5,T2M,GWETTOP,-0.8475,0.0,-0.8507,0.0,True,True,-0.2056,0.05,Opposite Directions
21.5,92.5,May,5,T2M,ALLSKY_SFC_SW_DWN,0.505,0.010023,0.39,0.053946,True,False,-0.2056,0.3333,Opposite Directions
21.5,92.5,May,5,PRECTOTCORR,GWETTOP,0.6746,0.000217,0.8326,0.0,True,True,2.4606,0.05,Both Increasing
21.5,92.5,May,5,PRECTOTCORR,ALLSKY_SFC_SW_DWN,-0.4026,0.046021,-0.3738,0.065631,True,False,2.4606,0.3333,Both Increasing
21.5,92.5,May,5,GWETTOP,ALLSKY_SFC_SW_DWN,-0.299,0.146462,-0.2732,0.186436,False,False,0.05,0.3333,Both Increasing
21.5,92.5,June,6,T2M,PRECTOTCORR,-0.4204,0.036389,-0.3831,0.058737,True,False,-0.1595,8.3187,Opposite Directions
21.5,92.5,June,6,T2M,GWETTOP,-0.6849,0.000159,-0.6966,0.00011,True,True,-0.1595,0.1062,Opposite Directions
21.5,92.5,June,6,T2M,ALLSKY_SFC_SW_DWN,0.1391,0.507205,0.28,0.175218,False,False,-0.1595,0.3358,Opposite Directions
21.5,92.5,June,6,PRECTOTCORR,GWETTOP,0.7017,9.3e-05,0.6708,0.000243,True,True,8.3187,0.1062,Both Increasing
21.5,92.5,June,6,PRECTOTCORR,ALLSKY_SFC_SW_DWN,-0.1577,0.451569,-0.2769,0.180209,False,False,8.3187,0.3358,Both Increasing
21.5,92.5,June,6,GWETTOP,ALLSKY_SFC_SW_DWN,0.1928,0.355708,-0.0416,0.843357,False,False,0.1062,0.3358,Both Increasing
21.5,92.5,July,7,T2M,PRECTOTCORR,-0.2739,0.18525,-0.3329,0.103886,False,False,0.077,11.682,Both Increasing
21.5,92.5,July,7,T2M,GWETTOP,-0.6176,0.001005,-0.3109,0.130364,True,False,0.077,0.0704,Both Increasing
21.5,92.5,July,7,T2M,ALLSKY_SFC_SW_DWN,0.6147,0.001078,0.5612,0.003515,True,True,0.077,0.2969,Both Increasing
21.5,92.5,July,7,PRECTOTCORR,GWETTOP,0.5876,0.002011,0.9033,0.0,True,True,11.682,0.0704,Both Increasing
21.5,92.5,July,7,PRECTOTCORR,ALLSKY_SFC_SW_DWN,-0.5739,0.002702,-0.6077,0.001273,True,True,11.682,0.2969,Both Increasing
21.5,92.5,July,7,GWETTOP,ALLSKY_SFC_SW_DWN,-0.4028,0.045911,-0.4704,0.017631,True,True,0.0704,0.2969,Both Increasing
21.5,92.5,August,8,T2M,PRECTOTCORR,-0.1816,0.385056,-0.1508,0.47182,False,False,0.0028,9.3536,Both Increasing
21.5,92.5,August,8,T2M,GWETTOP,-0.4692,0.017983,-0.1656,0.428954,True,False,0.0028,0.0611,Both Increasing
21.5,92.5,August,8,T2M,ALLSKY_SFC_SW_DWN,0.0035,0.986634,0.2227,0.28454,False,False,0.0028,-0.2091,Opposite Directions
21.5,92.5,August,8,PRECTOTCORR,GWETTOP,0.7423,2.2e-05,0.9051,0.0,True,True,9.3536,0.0611,Both Increasing
21.5,92.5,August,8,PRECTOTCORR,ALLSKY_SFC_SW_DWN,-0.4573,0.02154,-0.4777,0.015736,True,True,9.3536,-0.2091,Opposite Directions
21.5,92.5,August,8,GWETTOP,ALLSKY_SFC_SW_DWN,0.0376,0.858379,-0.204,0.328118,False,False,0.0611,-0.2091,Opposite Directions
21.5,92.5,September,9,T2M,PRECTOTCORR,0.3887,0.054791,0.4657,0.018957,False,True,0.2017,7.2635,Both Increasing
21.5,92.5,September,9,T2M,GWETTOP,0.1208,0.565244,0.4336,0.030374,False,True,0.2017,0.0639,Both Increasing
21.5,92.5,September,9,T2M,ALLSKY_SFC_SW_DWN,0.0222,0.916056,-0.0435,0.836417,False,False,0.2017,0.287,Both Increasing
21.5,92.5,September,9,PRECTOTCORR,GWETTOP,0.6583,0.000347,0.8994,0.0,True,True,7.2635,0.0639,Both Increasing
21.5,92.5,September,9,PRECTOTCORR,ALLSKY_SFC_SW_DWN,-0.0938,0.655658,-0.0365,0.862313,False,False,7.2635,0.287,Both Increasing
21.5,92.5,September,9,GWETTOP,ALLSKY_SFC_SW_DWN,0.0626,0.76638,0.0176,0.933382,False,False,0.0639,0.287,Both Increasing
21.5,92.5,October,10,T2M,PRECTOTCORR,0.0377,0.858109,0.0419,0.842256,False,False,0.1728,3.6602,Both Increasing
21.5,92.5,October,10,T2M,GWETTOP,-0.0516,0.806602,0.0437,0.83554,False,False,0.1728,0.0717,Both Increasing
21.5,92.5,October,10,T2M,ALLSKY_SFC_SW_DWN,0.1917,0.358516,0.1631,0.435874,False,False,0.1728,-0.0773,Opposite Directions
21.5,92.5,October,10,PRECTOTCORR,GWETTOP,0.7815,4e-06,0.9164,0.0,True,True,3.6602,0.0717,Both Increasing
21.5,92.5,October,10,PRECTOTCORR,ALLSKY_SFC_SW_DWN,-0.457,0.021636,-0.4601,0.020659,True,True,3.6602,-0.0773,Opposite Directions
21.5,92.5,October,10,GWETTOP,ALLSKY_SFC_SW_DWN,-0.2498,0.228465,-0.3509,0.085472,False,False,0.0717,-0.0773,Opposite Directions
21.5,92.5,November,11,T2M,PRECTOTCORR,0.3875,0.055673,0.4793,0.01533,False,True,0.2291,0.8018,Both Increasing
21.5,92.5,November,11,T2M,GWETTOP,0.4382,0.028464,0.4514,0.023511,True,True,0.2291,0.0801,Both Increasing
21.5,92.5,November,11,T2M,ALLSKY_SFC_SW_DWN,-0.5479,0.004575,-0.5806,0.002342,True,True,0.2291,0.1988,Both Increasing
21.5,92.5,November,11,PRECTOTCORR,GWETTOP,0.5637,0.003339,0.6037,0.001398,True,True,0.8018,0.0801,Both Increasing
21.5,92.5,November,11,PRECTOTCORR,ALLSKY_SFC_SW_DWN,-0.3347,0.101993,-0.6956,0.000113,False,True,0.8018,0.1988,Both Increasing
21.5,92.5,November,11,GWETTOP,ALLSKY_SFC_SW_DWN,-0.072,0.732222,-0.1886,0.366597,False,False,0.0801,0.1988,Both Increasing
21.5,92.5,December,12,T2M,PRECTOTCORR,0.2609,0.207706,0.4206,0.036321,False,True,0.0858,0.2695,Both Increasing
21.5,92.5,December,12,T2M,GWETTOP,-0.2119,0.309111,-0.151,0.471269,False,False,0.0858,0.0906,Both Increasing
21.5,92.5,December,12,T2M,ALLSKY_SFC_SW_DWN,-0.3525,0.083936,-0.4323,0.030933,False,True,0.0858,-0.1318,Opposite Directions
21.5,92.5,December,12,PRECTOTCORR,GWETTOP,0.414,0.039672,0.3041,0.139444,True,False,0.2695,0.0906,Both Increasing
21.5,92.5,December,12,PRECTOTCORR,ALLSKY_SFC_SW_DWN,-0.2173,0.296862,-0.606,0.001323,False,True,0.2695,-0.1318,Opposite Directions
21.5,92.5,December,12,GWETTOP,ALLSKY_SFC_SW_DWN,-0.1225,0.559641,-0.1821,0.383646,False,False,0.0906,-0.1318,Opposite Directions
