date,T2M
2001-01-01,18.08
2001-01-02,18.78
2001-01-03,19.18
2001-01-04,16.41
2001-01-05,15.24
2001-01-06,14.45
2001-01-07,14.73
2001-01-08,15.56
2001-01-09,16.59
2001-01-10,15.21
2001-01-11,13.98
2001-01-12,13.99
2001-01-13,14.57
2001-01-14,15.42
2001-01-15,15.95
2001-01-16,16.26
2001-01-17,17.32
2001-01-18,16.95
2001-01-19,17.23
2001-01-20,17.66
2001-01-21,17.44
2001-01-22,18.46
2001-01-23,19.13
2001-01-24,17.43
2001-01-25,14.95
2001-01-26,14.77
2001-01-27,14.95
2001-01-28,15.64
2001-01-29,16.34
2001-01-30,17.36
2001-01-31,17.95
2001-02-01,19.71
2001-02-02,20.83
2001-02-03,19.74
2001-02-04,18.76
2001-02-05,19.98
2001-02-06,20.6
2001-02-07,18.93
2001-02-08,18.73
2001-02-09,19.08
2001-02-10,19.05
2001-02-11,19.51
2001-02-12,18.94
2001-02-13,19.31
2001-02-14,20.45
2001-02-15,22.32
2001-02-16,23.17
2001-02-17,23.97
2001-02-18,24.67
2001-02-19,24.28
2001-02-20,24.09
2001-02-21,23.11
2001-02-22,23.18
2001-02-23,23.0
2001-02-24,23.14
2001-02-25,24.68
2001-02-26,24.76
2001-02-27,25.77
2001-02-28,25.37
2001-03-01,24.94
2001-03-02,25.27
2001-03-03,24.43
2001-03-04,24.73
2001-03-05,23.58
2001-03-06,23.48
2001-03-07,23.32
2001-03-08,23.6
2001-03-09,24.45
2001-03-10,24.63
2001-03-11,24.97
2001-03-12,24.95
2001-03-13,25.89
2001-03-14,26.0
2001-03-15,27.17
2001-03-16,27.47
2001-03-17,27.51
2001-03-18,27.75
2001-03-19,27.91
2001-03-20,28.01
2001-03-21,28.55
2001-03-22,29.4
2001-03-23,27.43
2001-03-24,29.27
2001-03-25,28.25
2001-03-26,28.28
2001-03-27,28.7
2001-03-28,29.19
2001-03-29,29.26
2001-03-30,28.17
2001-03-31,27.22
2001-04-01,28.46
2001-04-02,27.99
2001-04-03,29.51
2001-04-04,30.43
2001-04-05,30.02
2001-04-06,30.88
2001-04-07,32.2
2001-04-08,32.43
2001-04-09,31.15
2001-04-10,31.73
2001-04-11,31.62
2001-04-12,31.09
2001-04-13,30.13
2001-04-14,29.05
2001-04-15,29.78
2001-04-16,30.24
2001-04-17,31.06
2001-04-18,28.89
2001-04-19,30.52
2001-04-20,32.02
2001-04-21,31.22
2001-04-22,31.64
2001-04-23,31.49
2001-04-24,31.64
2001-04-25,32.52
2001-04-26,33.14
2001-04-27,32.63
2001-04-28,31.73
2001-04-29,31.17
2001-04-30,29.12
2001-05-01,29.93
2001-05-02,30.69
2001-05-03,29.32
2001-05-04,28.08
2001-05-05,27.51
2001-05-06,26.22
2001-05-07,27.91
2001-05-08,28.14
2001-05-09,28.69
2001-05-10,29.21
2001-05-11,28.32
2001-05-12,26.66
2001-05-13,27.86
2001-05-14,29.08
2001-05-15,29.86
2001-05-16,29.94
2001-05-17,29.66
2001-05-18,29.27
2001-05-19,29.38
2001-05-20,29.39
2001-05-21,28.26
2001-05-22,28.83
2001-05-23,29.77
2001-05-24,28.76
2001-05-25,28.9
2001-05-26,28.47
2001-05-27,28.85
2001-05-28,28.92
2001-05-29,28.77
2001-05-30,28.14
2001-05-31,28.91
2001-06-01,29.2
2001-06-02,28.76
2001-06-03,28.04
2001-06-04,26.92
2001-06-05,27.45
2001-06-06,27.81
2001-06-07,27.94
2001-06-08,27.65
2001-06-09,27.78
2001-06-10,27.82
2001-06-11,27.85
2001-06-12,28.13
2001-06-13,27.84
2001-06-14,27.1
2001-06-15,27.58
2001-06-16,27.34
2001-06-17,27.29
2001-06-18,27.18
2001-06-19,28.25
2001-06-20,28.52
2001-06-21,28.98
2001-06-22,28.91
2001-06-23,28.69
2001-06-24,28.16
2001-06-25,27.84
2001-06-26,27.76
2001-06-27,27.62
2001-06-28,28.43
2001-06-29,28.11
2001-06-30,27.68
2001-07-01,27.36
2001-07-02,27.71
2001-07-03,27.56
2001-07-04,28.53
2001-07-05,28.45
2001-07-06,28.0
2001-07-07,27.88
2001-07-08,28.56
2001-07-09,28.43
2001-07-10,27.67
2001-07-11,27.46
2001-07-12,28.2
2001-07-13,28.0
2001-07-14,28.25
2001-07-15,28.37
2001-07-16,27.61
2001-07-17,27.78
2001-07-18,28.43
2001-07-19,27.9
2001-07-20,27.73
2001-07-21,27.95
2001-07-22,28.1
2001-07-23,28.47
2001-07-24,28.38
2001-07-25,28.01
2001-07-26,27.68
2001-07-27,28.54
2001-07-28,28.19
2001-07-29,28.39
2001-07-30,28.2
2001-07-31,28.72
2001-08-01,28.2
2001-08-02,28.99
2001-08-03,28.77
2001-08-04,27.73
2001-08-05,27.69
2001-08-06,27.82
2001-08-07,28.76
2001-08-08,27.72
2001-08-09,27.87
2001-08-10,28.32
2001-08-11,28.56
2001-08-12,28.38
2001-08-13,28.09
2001-08-14,27.26
2001-08-15,28.38
2001-08-16,28.9
2001-08-17,29.09
2001-08-18,28.53
2001-08-19,28.7
2001-08-20,28.72
2001-08-21,27.83
2001-08-22,28.25
2001-08-23,28.26
2001-08-24,28.39
2001-08-25,28.45
2001-08-26,28.85
2001-08-27,28.33
2001-08-28,28.39
2001-08-29,28.34
2001-08-30,27.99
2001-08-31,28.43
2001-09-01,28.07
2001-09-02,28.04
2001-09-03,28.0
2001-09-04,28.03
2001-09-05,28.11
2001-09-06,27.91
2001-09-07,27.92
2001-09-08,28.02
2001-09-09,28.54
2001-09-10,27.73
2001-09-11,27.69
2001-09-12,27.85
2001-09-13,27.43
2001-09-14,28.08
2001-09-15,28.37
2001-09-16,28.72
2001-09-17,27.82
2001-09-18,26.96
2001-09-19,26.63
2001-09-20,27.39
2001-09-21,26.99
2001-09-22,28.46
2001-09-23,27.6
2001-09-24,28.16
2001-09-25,27.92
2001-09-26,28.51
2001-09-27,28.94
2001-09-28,28.82
2001-09-29,28.25
2001-09-30,27.29
2001-10-01,27.15
2001-10-02,26.83
2001-10-03,26.65
2001-10-04,26.22
2001-10-05,26.28
2001-10-06,26.94
2001-10-07,27.54
2001-10-08,27.66
2001-10-09,27.64
2001-10-10,27.17
2001-10-11,27.04
2001-10-12,27.3
2001-10-13,27.57
2001-10-14,27.01
2001-10-15,27.74
2001-10-16,27.42
2001-10-17,25.83
2001-10-18,25.38
2001-10-19,26.26
2001-10-20,25.6
2001-10-21,25.96
2001-10-22,26.19
2001-10-23,26.02
2001-10-24,25.66
2001-10-25,25.72
2001-10-26,25.99
2001-10-27,25.88
2001-10-28,24.99
2001-10-29,25.44
2001-10-30,25.3
2001-10-31,25.77
2001-11-01,25.5
2001-11-02,24.55
2001-11-03,24.07
2001-11-04,24.51
2001-11-05,24.26
2001-11-06,23.27
2001-11-07,23.17
2001-11-08,23.72
2001-11-09,23.37
2001-11-10,23.21
2001-11-11,22.65
2001-11-12,22.24
2001-11-13,24.01
2001-11-14,23.44
2001-11-15,23.39
2001-11-16,23.53
2001-11-17,23.57
2001-11-18,23.05
2001-11-19,22.58
2001-11-20,22.4
2001-11-21,22.5
2001-11-22,22.55
2001-11-23,21.45
2001-11-24,21.07
2001-11-25,20.63
2001-11-26,21.94
2001-11-27,21.54
2001-11-28,20.09
2001-11-29,19.32
2001-11-30,18.14
2001-12-01,17.44
2001-12-02,17.62
2001-12-03,17.3
2001-12-04,18.11
2001-12-05,18.83
2001-12-06,18.25
2001-12-07,18.04
2001-12-08,18.5
2001-12-09,18.07
2001-12-10,17.6
2001-12-11,17.39
2001-12-12,17.04
2001-12-13,17.07
2001-12-14,17.33
2001-12-15,17.97
2001-12-16,17.67
2001-12-17,17.24
2001-12-18,17.14
2001-12-19,17.48
2001-12-20,17.72
2001-12-21,16.94
2001-12-22,17.72
2001-12-23,18.86
2001-12-24,18.92
2001-12-25,18.77
2001-12-26,18.72
2001-12-27,18.5
2001-12-28,18.11
2001-12-29,17.63
2001-12-30,17.08
2001-12-31,16.83
2002-01-01,15.93
2002-01-02,16.34
2002-01-03,17.94
2002-01-04,18.97
2002-01-05,19.04
2002-01-06,18.79
2002-01-07,19.11
2002-01-08,19.76
2002-01-09,18.84
2002-01-10,17.82
2002-01-11,17.44
2002-01-12,16.54
2002-01-13,17.31
2002-01-14,18.19
2002-01-15,19.15
2002-01-16,19.8
2002-01-17,20.52
2002-01-18,20.63
2002-01-19,21.2
2002-01-20,21.12
2002-01-21,21.76
2002-01-22,21.79
2002-01-23,20.41
2002-01-24,19.55
2002-01-25,16.88
2002-01-26,17.05
2002-01-27,16.54
2002-01-28,16.1
2002-01-29,18.29
2002-01-30,17.99
2002-01-31,16.88
2002-02-01,16.98
2002-02-02,16.76
2002-02-03,17.16
2002-02-04,17.43
2002-02-05,17.3
2002-02-06,18.94
2002-02-07,20.58
2002-02-08,21.73
2002-02-09,22.65
2002-02-10,23.39
2002-02-11,23.35
2002-02-12,22.74
2002-02-13,21.78
2002-02-14,19.93
2002-02-15,20.1
2002-02-16,21.34
2002-02-17,22.81
2002-02-18,23.51
2002-02-19,23.2
2002-02-20,23.18
2002-02-21,24.08
2002-02-22,24.27
2002-02-23,23.74
2002-02-24,25.32
2002-02-25,24.71
2002-02-26,24.46
2002-02-27,22.84
2002-02-28,23.35
2002-03-01,23.91
2002-03-02,24.63
2002-03-03,25.16
2002-03-04,25.62
2002-03-05,24.11
2002-03-06,24.24
2002-03-07,23.67
2002-03-08,25.04
2002-03-09,25.73
2002-03-10,27.6
2002-03-11,28.06
2002-03-12,27.54
2002-03-13,25.7
2002-03-14,25.11
2002-03-15,26.7
2002-03-16,27.18
2002-03-17,26.71
2002-03-18,26.79
2002-03-19,27.75
2002-03-20,28.89
2002-03-21,28.58
2002-03-22,28.4
2002-03-23,29.01
2002-03-24,28.52
2002-03-25,28.57
2002-03-26,27.67
2002-03-27,27.27
2002-03-28,28.31
2002-03-29,29.16
2002-03-30,28.82
2002-03-31,29.05
2002-04-01,29.45
2002-04-02,26.45
2002-04-03,24.76
2002-04-04,27.38
2002-04-05,28.81
2002-04-06,28.46
2002-04-07,29.95
2002-04-08,30.63
2002-04-09,30.5
2002-04-10,30.59
2002-04-11,28.74
2002-04-12,28.8
2002-04-13,28.76
2002-04-14,29.41
2002-04-15,29.4
2002-04-16,29.83
2002-04-17,30.54
2002-04-18,31.29
2002-04-19,31.22
2002-04-20,31.81
2002-04-21,30.24
2002-04-22,29.73
2002-04-23,28.99
2002-04-24,30.35
2002-04-25,30.91
2002-04-26,30.33
2002-04-27,28.33
2002-04-28,29.87
2002-04-29,29.58
2002-04-30,29.17
2002-05-01,29.45
2002-05-02,29.46
2002-05-03,30.42
2002-05-04,30.17
2002-05-05,30.06
2002-05-06,27.0
2002-05-07,29.13
2002-05-08,30.13
2002-05-09,30.31
2002-05-10,29.77
2002-05-11,30.47
2002-05-12,31.01
2002-05-13,31.13
2002-05-14,30.69
2002-05-15,29.5
2002-05-16,30.23
2002-05-17,31.97
2002-05-18,32.85
2002-05-19,32.45
2002-05-20,31.55
2002-05-21,32.24
2002-05-22,31.41
2002-05-23,30.1
2002-05-24,29.77
2002-05-25,27.98
2002-05-26,28.24
2002-05-27,27.64
2002-05-28,27.99
2002-05-29,27.25
2002-05-30,28.27
2002-05-31,28.95
2002-06-01,28.4
2002-06-02,29.27
2002-06-03,29.81
2002-06-04,29.01
2002-06-05,29.07
2002-06-06,28.62
2002-06-07,28.38
2002-06-08,28.1
2002-06-09,28.32
2002-06-10,28.01
2002-06-11,26.87
2002-06-12,27.4
2002-06-13,27.47
2002-06-14,28.13
2002-06-15,28.64
2002-06-16,28.81
2002-06-17,28.54
2002-06-18,28.73
2002-06-19,28.16
2002-06-20,28.27
2002-06-21,27.86
2002-06-22,28.68
2002-06-23,28.31
2002-06-24,28.88
2002-06-25,28.43
2002-06-26,28.03
2002-06-27,28.9
2002-06-28,29.35
2002-06-29,29.34
2002-06-30,28.5
2002-07-01,29.48
2002-07-02,28.33
2002-07-03,28.69
2002-07-04,28.43
2002-07-05,28.35
2002-07-06,28.94
2002-07-07,29.74
2002-07-08,29.16
2002-07-09,28.43
2002-07-10,29.14
2002-07-11,28.53
2002-07-12,28.88
2002-07-13,29.21
2002-07-14,28.89
2002-07-15,28.91
2002-07-16,28.36
2002-07-17,28.21
2002-07-18,28.15
2002-07-19,28.47
2002-07-20,28.06
2002-07-21,28.21
2002-07-22,27.41
2002-07-23,27.84
2002-07-24,28.51
2002-07-25,28.54
2002-07-26,28.7
2002-07-27,28.02
2002-07-28,28.53
2002-07-29,28.02
2002-07-30,27.98
2002-07-31,27.94
2002-08-01,28.04
2002-08-02,27.63
2002-08-03,27.5
2002-08-04,26.94
2002-08-05,28.1
2002-08-06,28.32
2002-08-07,27.93
2002-08-08,28.38
2002-08-09,28.52
2002-08-10,28.28
2002-08-11,28.16
2002-08-12,27.63
2002-08-13,27.84
2002-08-14,27.6
2002-08-15,27.33
2002-08-16,27.06
2002-08-17,27.46
2002-08-18,27.95
2002-08-19,27.54
2002-08-20,27.8
2002-08-21,27.46
2002-08-22,27.3
2002-08-23,26.78
2002-08-24,26.52
2002-08-25,27.17
2002-08-26,28.3
2002-08-27,28.78
2002-08-28,27.9
2002-08-29,27.22
2002-08-30,27.86
2002-08-31,27.31
2002-09-01,27.87
2002-09-02,27.91
2002-09-03,28.11
2002-09-04,27.45
2002-09-05,27.63
2002-09-06,27.68
2002-09-07,27.9
2002-09-08,28.4
2002-09-09,26.95
2002-09-10,26.42
2002-09-11,26.19
2002-09-12,27.05
2002-09-13,28.04
2002-09-14,27.67
2002-09-15,27.5
2002-09-16,26.78
2002-09-17,27.25
2002-09-18,26.87
2002-09-19,28.23
2002-09-20,27.87
2002-09-21,27.57
2002-09-22,27.22
2002-09-23,26.52
2002-09-24,26.31
2002-09-25,26.81
2002-09-26,26.58
2002-09-27,26.75
2002-09-28,27.01
2002-09-29,26.74
2002-09-30,27.35
2002-10-01,27.67
2002-10-02,28.38
2002-10-03,28.24
2002-10-04,28.24
2002-10-05,28.36
2002-10-06,28.78
2002-10-07,28.74
2002-10-08,28.01
2002-10-09,27.12
2002-10-10,27.21
2002-10-11,27.13
2002-10-12,26.59
2002-10-13,26.11
2002-10-14,24.81
2002-10-15,24.37
2002-10-16,25.95
2002-10-17,26.13
2002-10-18,25.41
2002-10-19,24.85
2002-10-20,25.14
2002-10-21,23.98
2002-10-22,23.91
2002-10-23,24.12
2002-10-24,24.05
2002-10-25,23.66
2002-10-26,23.39
2002-10-27,23.15
2002-10-28,22.85
2002-10-29,22.64
2002-10-30,22.68
2002-10-31,22.91
2002-11-01,22.82
2002-11-02,23.42
2002-11-03,24.16
2002-11-04,25.15
2002-11-05,25.17
2002-11-06,24.52
2002-11-07,23.95
2002-11-08,24.46
2002-11-09,24.41
2002-11-10,24.62
2002-11-11,23.02
2002-11-12,21.42
2002-11-13,23.4
2002-11-14,21.25
2002-11-15,20.7
2002-11-16,20.48
2002-11-17,21.05
2002-11-18,20.65
2002-11-19,21.2
2002-11-20,21.96
2002-11-21,20.48
2002-11-22,21.31
2002-11-23,22.16
2002-11-24,21.77
2002-11-25,22.54
2002-11-26,22.98
2002-11-27,21.9
2002-11-28,21.89
2002-11-29,22.07
2002-11-30,21.23
2002-12-01,21.08
2002-12-02,20.66
2002-12-03,19.93
2002-12-04,19.79
2002-12-05,19.28
2002-12-06,18.99
2002-12-07,18.45
2002-12-08,17.93
2002-12-09,18.3
2002-12-10,18.07
2002-12-11,18.65
2002-12-12,19.68
2002-12-13,19.93
2002-12-14,19.72
2002-12-15,19.76
2002-12-16,20.89
2002-12-17,20.51
2002-12-18,20.73
2002-12-19,20.65
2002-12-20,20.32
2002-12-21,20.72
2002-12-22,18.55
2002-12-23,18.23
2002-12-24,17.99
2002-12-25,18.23
2002-12-26,17.79
2002-12-27,17.5
2002-12-28,16.48
2002-12-29,15.64
2002-12-30,15.01
2002-12-31,15.4
2003-01-01,14.94
2003-01-02,16.02
2003-01-03,17.92
2003-01-04,18.17
2003-01-05,15.69
2003-01-06,15.91
2003-01-07,15.76
2003-01-08,14.98
2003-01-09,14.3
2003-01-10,14.5
2003-01-11,14.66
2003-01-12,15.0
2003-01-13,15.52
2003-01-14,15.13
2003-01-15,15.44
2003-01-16,16.09
2003-01-17,17.3
2003-01-18,17.75
2003-01-19,17.56
2003-01-20,16.21
2003-01-21,14.89
2003-01-22,14.76
2003-01-23,15.44
2003-01-24,15.78
2003-01-25,15.96
2003-01-26,16.45
2003-01-27,17.38
2003-01-28,18.0
2003-01-29,17.49
2003-01-30,17.54
2003-01-31,19.57
2003-02-01,19.78
2003-02-02,20.85
2003-02-03,21.62
2003-02-04,22.18
2003-02-05,20.14
2003-02-06,20.79
2003-02-07,20.71
2003-02-08,20.37
2003-02-09,20.54
2003-02-10,21.72
2003-02-11,21.83
2003-02-12,20.5
2003-02-13,21.34
2003-02-14,21.2
2003-02-15,19.27
2003-02-16,19.4
2003-02-17,20.71
2003-02-18,22.06
2003-02-19,22.56
2003-02-20,22.73
2003-02-21,21.68
2003-02-22,19.84
2003-02-23,20.72
2003-02-24,21.51
2003-02-25,22.57
2003-02-26,23.22
2003-02-27,24.09
2003-02-28,23.95
2003-03-01,25.52
2003-03-02,26.82
2003-03-03,27.02
2003-03-04,26.43
2003-03-05,21.4
2003-03-06,21.0
2003-03-07,20.94
2003-03-08,21.47
2003-03-09,21.25
2003-03-10,22.78
2003-03-11,23.34
2003-03-12,22.61
2003-03-13,21.89
2003-03-14,23.49
2003-03-15,24.62
2003-03-16,25.51
2003-03-17,24.31
2003-03-18,24.36
2003-03-19,25.68
2003-03-20,25.76
2003-03-21,26.11
2003-03-22,25.7
2003-03-23,26.83
2003-03-24,27.3
2003-03-25,28.3
2003-03-26,27.64
2003-03-27,27.23
2003-03-28,27.67
2003-03-29,28.5
2003-03-30,27.15
2003-03-31,26.7
2003-04-01,27.1
2003-04-02,25.97
2003-04-03,28.04
2003-04-04,27.72
2003-04-05,28.67
2003-04-06,29.57
2003-04-07,30.59
2003-04-08,29.73
2003-04-09,29.43
2003-04-10,29.43
2003-04-11,30.23
2003-04-12,29.76
2003-04-13,30.52
2003-04-14,30.26
2003-04-15,30.21
2003-04-16,30.43
2003-04-17,30.8
2003-04-18,31.24
2003-04-19,30.97
2003-04-20,29.72
2003-04-21,29.08
2003-04-22,30.06
2003-04-23,29.95
2003-04-24,30.26
2003-04-25,30.79
2003-04-26,31.4
2003-04-27,31.69
2003-04-28,29.67
2003-04-29,29.89
2003-04-30,29.01
2003-05-01,27.83
2003-05-02,27.73
2003-05-03,29.06
2003-05-04,30.16
2003-05-05,30.14
2003-05-06,30.27
2003-05-07,29.96
2003-05-08,29.62
2003-05-09,29.65
2003-05-10,30.07
2003-05-11,30.02
2003-05-12,30.55
2003-05-13,30.47
2003-05-14,30.84
2003-05-15,29.1
2003-05-16,31.02
2003-05-17,31.21
2003-05-18,32.05
2003-05-19,31.93
2003-05-20,32.73
2003-05-21,29.88
2003-05-22,30.14
2003-05-23,30.13
2003-05-24,30.89
2003-05-25,30.92
2003-05-26,31.06
2003-05-27,32.23
2003-05-28,32.29
2003-05-29,31.71
2003-05-30,32.07
2003-05-31,32.77
2003-06-01,33.12
2003-06-02,32.92
2003-06-03,31.63
2003-06-04,30.1
2003-06-05,29.29
2003-06-06,30.32
2003-06-07,29.03
2003-06-08,29.14
2003-06-09,29.64
2003-06-10,28.64
2003-06-11,28.52
2003-06-12,27.93
2003-06-13,28.75
2003-06-14,28.37
2003-06-15,28.21
2003-06-16,28.31
2003-06-17,27.39
2003-06-18,27.67
2003-06-19,27.09
2003-06-20,27.83
2003-06-21,27.77
2003-06-22,27.94
2003-06-23,27.71
2003-06-24,27.99
2003-06-25,28.37
2003-06-26,28.23
2003-06-27,28.06
2003-06-28,28.37
2003-06-29,27.95
2003-06-30,27.71
2003-07-01,27.95
2003-07-02,28.24
2003-07-03,28.17
2003-07-04,28.39
2003-07-05,28.59
2003-07-06,28.59
2003-07-07,28.55
2003-07-08,27.97
2003-07-09,28.65
2003-07-10,27.9
2003-07-11,27.83
2003-07-12,27.97
2003-07-13,28.46
2003-07-14,28.33
2003-07-15,28.29
2003-07-16,28.35
2003-07-17,29.13
2003-07-18,28.84
2003-07-19,28.84
2003-07-20,28.95
2003-07-21,27.77
2003-07-22,28.18
2003-07-23,29.73
2003-07-24,29.73
2003-07-25,28.71
2003-07-26,28.44
2003-07-27,28.44
2003-07-28,28.23
2003-07-29,27.78
2003-07-30,28.0
2003-07-31,28.35
2003-08-01,27.56
2003-08-02,27.93
2003-08-03,28.74
2003-08-04,28.75
2003-08-05,29.32
2003-08-06,28.63
2003-08-07,29.45
2003-08-08,28.52
2003-08-09,28.68
2003-08-10,28.56
2003-08-11,28.59
2003-08-12,28.56
2003-08-13,28.87
2003-08-14,28.78
2003-08-15,28.25
2003-08-16,27.96
2003-08-17,28.82
2003-08-18,28.58
2003-08-19,28.22
2003-08-20,28.64
2003-08-21,30.47
2003-08-22,28.54
2003-08-23,28.22
2003-08-24,27.3
2003-08-25,29.19
2003-08-26,29.6
2003-08-27,29.19
2003-08-28,28.26
2003-08-29,27.9
2003-08-30,28.35
2003-08-31,28.86
2003-09-01,28.41
2003-09-02,27.9
2003-09-03,28.29
2003-09-04,27.74
2003-09-05,28.63
2003-09-06,27.77
2003-09-07,27.97
2003-09-08,27.23
2003-09-09,27.78
2003-09-10,27.08
2003-09-11,28.58
2003-09-12,27.64
2003-09-13,28.41
2003-09-14,28.13
2003-09-15,27.53
2003-09-16,27.63
2003-09-17,27.36
2003-09-18,27.88
2003-09-19,27.4
2003-09-20,26.98
2003-09-21,27.99
2003-09-22,28.14
2003-09-23,28.65
2003-09-24,27.35
2003-09-25,27.33
2003-09-26,26.57
2003-09-27,26.94
2003-09-28,26.78
2003-09-29,27.74
2003-09-30,28.26
2003-10-01,28.83
2003-10-02,27.04
2003-10-03,27.14
2003-10-04,27.11
2003-10-05,26.62
2003-10-06,26.86
2003-10-07,25.28
2003-10-08,25.26
2003-10-09,26.56
2003-10-10,27.12
2003-10-11,27.27
2003-10-12,26.26
2003-10-13,24.43
2003-10-14,25.82
2003-10-15,26.86
2003-10-16,27.24
2003-10-17,27.18
2003-10-18,26.14
2003-10-19,26.95
2003-10-20,27.45
2003-10-21,27.44
2003-10-22,26.5
2003-10-23,26.29
2003-10-24,25.47
2003-10-25,25.9
2003-10-26,24.92
2003-10-27,26.1
2003-10-28,26.4
2003-10-29,25.66
2003-10-30,25.22
2003-10-31,25.03
2003-11-01,24.86
2003-11-02,24.03
2003-11-03,23.62
2003-11-04,22.93
2003-11-05,22.85
2003-11-06,23.69
2003-11-07,24.04
2003-11-08,23.89
2003-11-09,21.89
2003-11-10,21.82
2003-11-11,21.89
2003-11-12,22.46
2003-11-13,21.8
2003-11-14,21.44
2003-11-15,21.33
2003-11-16,21.18
2003-11-17,21.33
2003-11-18,21.16
2003-11-19,20.83
2003-11-20,21.19
2003-11-21,20.14
2003-11-22,20.12
2003-11-23,20.75
2003-11-24,20.99
2003-11-25,20.84
2003-11-26,21.1
2003-11-27,20.38
2003-11-28,19.71
2003-11-29,19.31
2003-11-30,19.24
2003-12-01,18.95
2003-12-02,18.88
2003-12-03,19.09
2003-12-04,18.95
2003-12-05,18.34
2003-12-06,18.36
2003-12-07,18.55
2003-12-08,19.56
2003-12-09,20.42
2003-12-10,20.23
2003-12-11,19.86
2003-12-12,19.99
2003-12-13,20.04
2003-12-14,20.32
2003-12-15,19.69
2003-12-16,20.16
2003-12-17,19.39
2003-12-18,19.13
2003-12-19,19.79
2003-12-20,20.27
2003-12-21,19.51
2003-12-22,19.49
2003-12-23,18.97
2003-12-24,18.33
2003-12-25,17.1
2003-12-26,16.73
2003-12-27,17.19
2003-12-28,16.17
2003-12-29,15.6
2003-12-30,16.21
2003-12-31,16.06
2004-01-01,16.06
2004-01-02,15.78
2004-01-03,14.76
2004-01-04,13.96
2004-01-05,14.41
2004-01-06,16.47
2004-01-07,17.45
2004-01-08,17.48
2004-01-09,15.62
2004-01-10,16.5
2004-01-11,18.16
2004-01-12,18.6
2004-01-13,18.28
2004-01-14,19.06
2004-01-15,19.29
2004-01-16,18.77
2004-01-17,18.98
2004-01-18,19.74
2004-01-19,19.69
2004-01-20,20.52
2004-01-21,19.61
2004-01-22,19.73
2004-01-23,20.36
2004-01-24,20.48
2004-01-25,18.9
2004-01-26,15.78
2004-01-27,16.29
2004-01-28,15.62
2004-01-29,15.99
2004-01-30,17.24
2004-01-31,18.38
2004-02-01,17.58
2004-02-02,19.4
2004-02-03,16.83
2004-02-04,16.05
2004-02-05,16.54
2004-02-06,17.65
2004-02-07,17.95
2004-02-08,17.55
2004-02-09,19.01
2004-02-10,20.47
2004-02-11,20.91
2004-02-12,20.69
2004-02-13,20.99
2004-02-14,21.21
2004-02-15,22.48
2004-02-16,21.27
2004-02-17,21.43
2004-02-18,21.67
2004-02-19,22.9
2004-02-20,23.39
2004-02-21,22.49
2004-02-22,22.57
2004-02-23,23.04
2004-02-24,22.79
2004-02-25,23.27
2004-02-26,24.17
2004-02-27,25.32
2004-02-28,24.87
2004-02-29,25.13
2004-03-01,25.0
2004-03-02,24.13
2004-03-03,23.48
2004-03-04,23.13
2004-03-05,23.3
2004-03-06,25.03
2004-03-07,23.38
2004-03-08,24.16
2004-03-09,26.51
2004-03-10,24.56
2004-03-11,24.35
2004-03-12,26.12
2004-03-13,26.7
2004-03-14,27.03
2004-03-15,27.88
2004-03-16,28.98
2004-03-17,28.74
2004-03-18,29.1
2004-03-19,28.53
2004-03-20,28.93
2004-03-21,29.17
2004-03-22,29.78
2004-03-23,30.15
2004-03-24,30.29
2004-03-25,30.04
2004-03-26,30.25
2004-03-27,31.39
2004-03-28,31.69
2004-03-29,31.24
2004-03-30,30.56
2004-03-31,30.64
2004-04-01,28.62
2004-04-02,29.18
2004-04-03,30.67
2004-04-04,30.25
2004-04-05,30.97
2004-04-06,28.96
2004-04-07,26.28
2004-04-08,27.18
2004-04-09,26.84
2004-04-10,28.03
2004-04-11,30.58
2004-04-12,30.85
2004-04-13,30.89
2004-04-14,31.52
2004-04-15,31.45
2004-04-16,31.42
2004-04-17,30.52
2004-04-18,29.61
2004-04-19,28.0
2004-04-20,27.37
2004-04-21,28.96
2004-04-22,29.53
2004-04-23,28.08
2004-04-24,27.7
2004-04-25,27.75
2004-04-26,28.38
2004-04-27,27.95
2004-04-28,29.24
2004-04-29,28.81
2004-04-30,29.83
2004-05-01,30.55
2004-05-02,31.5
2004-05-03,30.13
2004-05-04,28.8
2004-05-05,30.37
2004-05-06,32.03
2004-05-07,32.02
2004-05-08,32.29
2004-05-09,32.05
2004-05-10,32.39
2004-05-11,33.12
2004-05-12,32.37
2004-05-13,31.83
2004-05-14,31.47
2004-05-15,30.74
2004-05-16,31.23
2004-05-17,31.13
2004-05-18,30.53
2004-05-19,32.3
2004-05-20,30.96
2004-05-21,30.71
2004-05-22,29.64
2004-05-23,27.93
2004-05-24,27.89
2004-05-25,27.18
2004-05-26,28.37
2004-05-27,30.18
2004-05-28,30.58
2004-05-29,30.18
2004-05-30,30.03
2004-05-31,29.13
2004-06-01,30.48
2004-06-02,28.59
2004-06-03,28.57
2004-06-04,28.22
2004-06-05,29.49
2004-06-06,29.53
2004-06-07,29.95
2004-06-08,29.45
2004-06-09,30.37
2004-06-10,31.15
2004-06-11,30.22
2004-06-12,29.68
2004-06-13,28.12
2004-06-14,28.03
2004-06-15,29.07
2004-06-16,29.6
2004-06-17,29.2
2004-06-18,29.29
2004-06-19,28.5
2004-06-20,28.91
2004-06-21,28.13
2004-06-22,28.92
2004-06-23,29.59
2004-06-24,28.02
2004-06-25,29.15
2004-06-26,27.49
2004-06-27,29.24
2004-06-28,29.04
2004-06-29,28.37
2004-06-30,28.64
2004-07-01,28.86
2004-07-02,29.87
2004-07-03,28.98
2004-07-04,28.15
2004-07-05,28.51
2004-07-06,28.29
2004-07-07,28.44
2004-07-08,28.01
2004-07-09,27.62
2004-07-10,27.2
2004-07-11,27.96
2004-07-12,27.44
2004-07-13,28.04
2004-07-14,26.94
2004-07-15,27.3
2004-07-16,27.78
2004-07-17,27.77
2004-07-18,27.77
2004-07-19,27.77
2004-07-20,27.26
2004-07-21,26.21
2004-07-22,27.97
2004-07-23,28.65
2004-07-24,27.27
2004-07-25,28.01
2004-07-26,28.46
2004-07-27,28.06
2004-07-28,28.12
2004-07-29,27.6
2004-07-30,27.42
2004-07-31,28.31
2004-08-01,28.43
2004-08-02,28.25
2004-08-03,28.6
2004-08-04,27.85
2004-08-05,27.6
2004-08-06,28.29
2004-08-07,27.3
2004-08-08,27.76
2004-08-09,27.74
2004-08-10,27.51
2004-08-11,28.29
2004-08-12,28.16
2004-08-13,27.45
2004-08-14,27.69
2004-08-15,28.42
2004-08-16,28.89
2004-08-17,28.25
2004-08-18,28.24
2004-08-19,27.89
2004-08-20,28.32
2004-08-21,28.53
2004-08-22,28.71
2004-08-23,27.86
2004-08-24,28.34
2004-08-25,27.96
2004-08-26,28.04
2004-08-27,27.9
2004-08-28,28.98
2004-08-29,27.95
2004-08-30,28.49
2004-08-31,28.17
2004-09-01,27.95
2004-09-02,28.21
2004-09-03,28.34
2004-09-04,28.35
2004-09-05,28.29
2004-09-06,28.58
2004-09-07,28.33
2004-09-08,28.03
2004-09-09,27.65
2004-09-10,26.44
2004-09-11,25.77
2004-09-12,26.48
2004-09-13,25.96
2004-09-14,25.3
2004-09-15,25.61
2004-09-16,24.99
2004-09-17,26.05
2004-09-18,26.31
2004-09-19,26.34
2004-09-20,27.16
2004-09-21,27.01
2004-09-22,27.27
2004-09-23,26.44
2004-09-24,27.06
2004-09-25,26.69
2004-09-26,27.5
2004-09-27,27.28
2004-09-28,26.7
2004-09-29,27.41
2004-09-30,27.24
2004-10-01,27.71
2004-10-02,27.08
2004-10-03,26.4
2004-10-04,25.91
2004-10-05,26.14
2004-10-06,26.38
2004-10-07,25.69
2004-10-08,25.54
2004-10-09,26.05
2004-10-10,26.75
2004-10-11,26.61
2004-10-12,26.46
2004-10-13,26.1
2004-10-14,26.17
2004-10-15,25.23
2004-10-16,23.49
2004-10-17,23.49
2004-10-18,24.35
2004-10-19,24.79
2004-10-20,24.6
2004-10-21,24.05
2004-10-22,23.94
2004-10-23,23.69
2004-10-24,23.49
2004-10-25,23.73
2004-10-26,24.14
2004-10-27,23.9
2004-10-28,24.09
2004-10-29,23.93
2004-10-30,23.15
2004-10-31,21.98
2004-11-01,21.42
2004-11-02,21.15
2004-11-03,21.36
2004-11-04,21.69
2004-11-05,22.91
2004-11-06,23.3
2004-11-07,23.12
2004-11-08,23.53
2004-11-09,22.74
2004-11-10,21.34
2004-11-11,20.11
2004-11-12,20.05
2004-11-13,20.3
2004-11-14,20.85
2004-11-15,20.22
2004-11-16,20.78
2004-11-17,21.41
2004-11-18,21.96
2004-11-19,22.86
2004-11-20,21.87
2004-11-21,21.52
2004-11-22,22.01
2004-11-23,21.86
2004-11-24,21.27
2004-11-25,20.45
2004-11-26,20.67
2004-11-27,21.75
2004-11-28,20.6
2004-11-29,21.34
2004-11-30,21.62
2004-12-01,20.83
2004-12-02,19.83
2004-12-03,18.95
2004-12-04,19.46
2004-12-05,20.49
2004-12-06,20.29
2004-12-07,20.41
2004-12-08,20.91
2004-12-09,21.18
2004-12-10,21.05
2004-12-11,21.4
2004-12-12,21.39
2004-12-13,21.08
2004-12-14,20.63
2004-12-15,20.68
2004-12-16,20.7
2004-12-17,21.26
2004-12-18,20.65
2004-12-19,20.14
2004-12-20,19.7
2004-12-21,19.96
2004-12-22,20.51
2004-12-23,18.95
2004-12-24,18.89
2004-12-25,19.17
2004-12-26,16.87
2004-12-27,14.71
2004-12-28,14.65
2004-12-29,15.78
2004-12-30,16.64
2004-12-31,17.04
2005-01-01,17.35
2005-01-02,17.93
2005-01-03,19.22
2005-01-04,18.91
2005-01-05,18.49
2005-01-06,17.86
2005-01-07,17.6
2005-01-08,17.71
2005-01-09,16.88
2005-01-10,17.28
2005-01-11,17.39
2005-01-12,17.08
2005-01-13,15.46
2005-01-14,16.01
2005-01-15,16.72
2005-01-16,18.08
2005-01-17,18.03
2005-01-18,18.45
2005-01-19,17.69
2005-01-20,17.23
2005-01-21,15.35
2005-01-22,15.93
2005-01-23,18.02
2005-01-24,18.14
2005-01-25,17.28
2005-01-26,17.5
2005-01-27,18.68
2005-01-28,17.23
2005-01-29,18.4
2005-01-30,18.98
2005-01-31,20.58
2005-02-01,20.3
2005-02-02,18.92
2005-02-03,16.36
2005-02-04,16.25
2005-02-05,17.69
2005-02-06,19.96
2005-02-07,21.59
2005-02-08,21.42
2005-02-09,21.83
2005-02-10,22.35
2005-02-11,22.4
2005-02-12,23.68
2005-02-13,23.95
2005-02-14,23.42
2005-02-15,22.9
2005-02-16,24.86
2005-02-17,25.47
2005-02-18,25.99
2005-02-19,26.81
2005-02-20,26.78
2005-02-21,27.28
2005-02-22,25.35
2005-02-23,23.57
2005-02-24,23.57
2005-02-25,23.0
2005-02-26,24.42
2005-02-27,24.68
2005-02-28,24.02
2005-03-01,24.72
2005-03-02,26.79
2005-03-03,26.99
2005-03-04,27.58
2005-03-05,28.89
2005-03-06,29.59
2005-03-07,28.8
2005-03-08,28.21
2005-03-09,28.24
2005-03-10,28.98
2005-03-11,27.21
2005-03-12,26.17
2005-03-13,26.34
2005-03-14,27.47
2005-03-15,27.43
2005-03-16,27.4
2005-03-17,28.62
2005-03-18,28.43
2005-03-19,29.65
2005-03-20,29.65
2005-03-21,29.88
2005-03-22,29.93
2005-03-23,28.09
2005-03-24,24.43
2005-03-25,25.23
2005-03-26,26.57
2005-03-27,27.66
2005-03-28,27.39
2005-03-29,28.25
2005-03-30,27.68
2005-03-31,26.74
2005-04-01,28.12
2005-04-02,28.21
2005-04-03,28.36
2005-04-04,26.84
2005-04-05,27.7
2005-04-06,28.42
2005-04-07,29.14
2005-04-08,29.29
2005-04-09,29.45
2005-04-10,29.01
2005-04-11,28.2
2005-04-12,29.09
2005-04-13,27.54
2005-04-14,27.51
2005-04-15,29.14
2005-04-16,29.92
2005-04-17,29.37
2005-04-18,29.39
2005-04-19,28.27
2005-04-20,28.97
2005-04-21,30.59
2005-04-22,30.8
2005-04-23,30.95
2005-04-24,30.98
2005-04-25,30.03
2005-04-26,30.11
2005-04-27,29.94
2005-04-28,31.04
2005-04-29,27.94
2005-04-30,27.0
2005-05-01,27.94
2005-05-02,26.96
2005-05-03,28.39
2005-05-04,29.18
2005-05-05,28.27
2005-05-06,26.81
2005-05-07,28.45
2005-05-08,29.21
2005-05-09,30.32
2005-05-10,31.77
2005-05-11,31.69
2005-05-12,31.65
2005-05-13,30.53
2005-05-14,30.62
2005-05-15,30.14
2005-05-16,31.37
2005-05-17,30.44
2005-05-18,30.78
2005-05-19,28.76
2005-05-20,28.56
2005-05-21,27.75
2005-05-22,28.25
2005-05-23,28.8
2005-05-24,28.9
2005-05-25,28.56
2005-05-26,28.91
2005-05-27,28.76
2005-05-28,29.07
2005-05-29,29.02
2005-05-30,30.25
2005-05-31,30.82
2005-06-01,30.47
2005-06-02,30.91
2005-06-03,30.95
2005-06-04,29.91
2005-06-05,28.75
2005-06-06,27.46
2005-06-07,29.62
2005-06-08,30.09
2005-06-09,30.89
2005-06-10,30.79
2005-06-11,30.65
2005-06-12,31.21
2005-06-13,30.43
2005-06-14,30.84
2005-06-15,30.05
2005-06-16,30.22
2005-06-17,31.04
2005-06-18,30.23
2005-06-19,30.36
2005-06-20,30.37
2005-06-21,29.77
2005-06-22,29.37
2005-06-23,29.79
2005-06-24,29.51
2005-06-25,28.0
2005-06-26,29.13
2005-06-27,29.5
2005-06-28,28.68
2005-06-29,28.6
2005-06-30,28.43
2005-07-01,28.83
2005-07-02,28.53
2005-07-03,28.01
2005-07-04,28.01
2005-07-05,27.43
2005-07-06,28.25
2005-07-07,28.66
2005-07-08,28.91
2005-07-09,28.62
2005-07-10,28.76
2005-07-11,28.33
2005-07-12,28.05
2005-07-13,27.7
2005-07-14,27.1
2005-07-15,26.09
2005-07-16,27.5
2005-07-17,28.16
2005-07-18,27.96
2005-07-19,28.65
2005-07-20,28.9
2005-07-21,27.9
2005-07-22,28.54
2005-07-23,29.09
2005-07-24,29.14
2005-07-25,29.08
2005-07-26,28.63
2005-07-27,28.82
2005-07-28,29.24
2005-07-29,28.88
2005-07-30,28.85
2005-07-31,28.97
2005-08-01,29.9
2005-08-02,29.1
2005-08-03,28.96
2005-08-04,29.25
2005-08-05,28.64
2005-08-06,28.8
2005-08-07,28.96
2005-08-08,29.52
2005-08-09,28.34
2005-08-10,28.46
2005-08-11,27.79
2005-08-12,29.27
2005-08-13,29.97
2005-08-14,28.25
2005-08-15,28.49
2005-08-16,27.95
2005-08-17,28.47
2005-08-18,28.29
2005-08-19,28.35
2005-08-20,28.58
2005-08-21,28.41
2005-08-22,28.41
2005-08-23,28.57
2005-08-24,27.9
2005-08-25,27.84
2005-08-26,27.79
2005-08-27,27.8
2005-08-28,27.75
2005-08-29,28.38
2005-08-30,27.29
2005-08-31,28.85
2005-09-01,29.5
2005-09-02,29.72
2005-09-03,28.35
2005-09-04,27.77
2005-09-05,28.74
2005-09-06,28.64
2005-09-07,28.38
2005-09-08,28.83
2005-09-09,28.12
2005-09-10,26.9
2005-09-11,26.36
2005-09-12,27.11
2005-09-13,26.79
2005-09-14,27.57
2005-09-15,28.77
2005-09-16,28.33
2005-09-17,27.01
2005-09-18,28.27
2005-09-19,28.27
2005-09-20,26.46
2005-09-21,27.0
2005-09-22,27.24
2005-09-23,27.36
2005-09-24,27.52
2005-09-25,27.94
2005-09-26,28.45
2005-09-27,27.72
2005-09-28,28.24
2005-09-29,27.65
2005-09-30,26.73
2005-10-01,26.08
2005-10-02,26.12
2005-10-03,26.3
2005-10-04,26.09
2005-10-05,27.39
2005-10-06,27.81
2005-10-07,27.5
2005-10-08,27.32
2005-10-09,27.49
2005-10-10,28.16
2005-10-11,27.97
2005-10-12,27.41
2005-10-13,26.99
2005-10-14,27.06
2005-10-15,26.92
2005-10-16,27.06
2005-10-17,26.29
2005-10-18,25.32
2005-10-19,24.43
2005-10-20,23.58
2005-10-21,24.14
2005-10-22,23.88
2005-10-23,23.51
2005-10-24,24.68
2005-10-25,23.83
2005-10-26,24.75
2005-10-27,24.86
2005-10-28,25.22
2005-10-29,25.27
2005-10-30,24.49
2005-10-31,23.47
2005-11-01,23.06
2005-11-02,22.47
2005-11-03,22.36
2005-11-04,21.51
2005-11-05,21.73
2005-11-06,21.61
2005-11-07,21.88
2005-11-08,23.73
2005-11-09,24.01
2005-11-10,23.85
2005-11-11,22.32
2005-11-12,20.82
2005-11-13,20.82
2005-11-14,20.99
2005-11-15,21.06
2005-11-16,21.66
2005-11-17,22.6
2005-11-18,22.37
2005-11-19,20.76
2005-11-20,20.75
2005-11-21,20.91
2005-11-22,21.99
2005-11-23,22.1
2005-11-24,20.77
2005-11-25,19.6
2005-11-26,19.01
2005-11-27,18.83
2005-11-28,18.2
2005-11-29,18.09
2005-11-30,18.05
2005-12-01,17.93
2005-12-02,18.67
2005-12-03,18.73
2005-12-04,18.22
2005-12-05,17.1
2005-12-06,16.91
2005-12-07,17.53
2005-12-08,18.12
2005-12-09,17.88
2005-12-10,17.7
2005-12-11,17.14
2005-12-12,16.6
2005-12-13,16.39
2005-12-14,16.45
2005-12-15,17.85
2005-12-16,19.49
2005-12-17,20.64
2005-12-18,20.09
2005-12-19,19.21
2005-12-20,18.93
2005-12-21,20.01
2005-12-22,19.85
2005-12-23,19.65
2005-12-24,18.53
2005-12-25,18.69
2005-12-26,17.82
2005-12-27,16.76
2005-12-28,16.98
2005-12-29,16.84
2005-12-30,16.78
2005-12-31,16.99
2006-01-01,17.06
2006-01-02,17.7
2006-01-03,17.66
2006-01-04,16.87
2006-01-05,16.36
2006-01-06,16.32
2006-01-07,16.93
2006-01-08,16.41
2006-01-09,15.58
2006-01-10,15.13
2006-01-11,15.31
2006-01-12,15.58
2006-01-13,15.61
2006-01-14,15.45
2006-01-15,16.01
2006-01-16,16.35
2006-01-17,17.39
2006-01-18,18.04
2006-01-19,19.3
2006-01-20,18.48
2006-01-21,18.15
2006-01-22,18.02
2006-01-23,17.02
2006-01-24,17.15
2006-01-25,17.79
2006-01-26,17.28
2006-01-27,17.89
2006-01-28,18.46
2006-01-29,18.29
2006-01-30,18.7
2006-01-31,20.22
2006-02-01,20.56
2006-02-02,21.31
2006-02-03,21.47
2006-02-04,21.04
2006-02-05,20.8
2006-02-06,20.55
2006-02-07,21.85
2006-02-08,21.34
2006-02-09,21.93
2006-02-10,21.66
2006-02-11,21.46
2006-02-12,22.44
2006-02-13,22.16
2006-02-14,22.46
2006-02-15,23.49
2006-02-16,25.16
2006-02-17,24.82
2006-02-18,24.94
2006-02-19,25.24
2006-02-20,25.43
2006-02-21,25.67
2006-02-22,26.08
2006-02-23,25.71
2006-02-24,26.34
2006-02-25,25.79
2006-02-26,25.92
2006-02-27,26.01
2006-02-28,27.07
2006-03-01,26.98
2006-03-02,26.36
2006-03-03,25.01
2006-03-04,25.3
2006-03-05,26.51
2006-03-06,26.9
2006-03-07,27.4
2006-03-08,27.01
2006-03-09,28.12
2006-03-10,27.97
2006-03-11,26.42
2006-03-12,24.6
2006-03-13,26.24
2006-03-14,26.75
2006-03-15,27.78
2006-03-16,27.33
2006-03-17,26.63
2006-03-18,25.73
2006-03-19,24.75
2006-03-20,25.08
2006-03-21,26.42
2006-03-22,27.64
2006-03-23,27.53
2006-03-24,27.55
2006-03-25,28.68
2006-03-26,30.05
2006-03-27,30.66
2006-03-28,30.28
2006-03-29,29.12
2006-03-30,29.43
2006-03-31,29.61
2006-04-01,30.41
2006-04-02,31.21
2006-04-03,28.98
2006-04-04,27.7
2006-04-05,27.54
2006-04-06,28.27
2006-04-07,28.99
2006-04-08,29.11
2006-04-09,29.4
2006-04-10,29.61
2006-04-11,30.43
2006-04-12,30.86
2006-04-13,30.23
2006-04-14,30.78
2006-04-15,31.13
2006-04-16,30.56
2006-04-17,28.5
2006-04-18,26.69
2006-04-19,27.68
2006-04-20,27.63
2006-04-21,28.89
2006-04-22,29.17
2006-04-23,30.43
2006-04-24,30.29
2006-04-25,30.58
2006-04-26,31.44
2006-04-27,30.87
2006-04-28,30.76
2006-04-29,31.6
2006-04-30,31.76
2006-05-01,32.24
2006-05-02,32.54
2006-05-03,31.46
2006-05-04,32.15
2006-05-05,31.76
2006-05-06,30.59
2006-05-07,28.42
2006-05-08,29.46
2006-05-09,29.28
2006-05-10,29.0
2006-05-11,28.52
2006-05-12,27.89
2006-05-13,28.53
2006-05-14,27.94
2006-05-15,27.7
2006-05-16,29.0
2006-05-17,30.41
2006-05-18,31.65
2006-05-19,31.45
2006-05-20,31.56
2006-05-21,32.3
2006-05-22,32.46
2006-05-23,32.52
2006-05-24,31.65
2006-05-25,30.77
2006-05-26,28.11
2006-05-27,27.61
2006-05-28,27.57
2006-05-29,27.87
2006-05-30,28.16
2006-05-31,28.23
2006-06-01,28.29
2006-06-02,27.8
2006-06-03,28.2
2006-06-04,28.16
2006-06-05,27.84
2006-06-06,28.2
2006-06-07,28.72
2006-06-08,28.24
2006-06-09,28.15
2006-06-10,27.93
2006-06-11,29.25
2006-06-12,29.23
2006-06-13,28.61
2006-06-14,28.0
2006-06-15,28.3
2006-06-16,28.29
2006-06-17,28.29
2006-06-18,29.16
2006-06-19,29.68
2006-06-20,28.68
2006-06-21,28.68
2006-06-22,28.41
2006-06-23,28.29
2006-06-24,28.02
2006-06-25,28.23
2006-06-26,28.24
2006-06-27,28.17
2006-06-28,28.44
2006-06-29,29.81
2006-06-30,29.18
2006-07-01,29.84
2006-07-02,29.59
2006-07-03,29.09
2006-07-04,28.43
2006-07-05,28.48
2006-07-06,29.0
2006-07-07,29.36
2006-07-08,28.32
2006-07-09,28.19
2006-07-10,29.19
2006-07-11,28.3
2006-07-12,28.48
2006-07-13,28.13
2006-07-14,28.63
2006-07-15,28.38
2006-07-16,28.96
2006-07-17,28.17
2006-07-18,28.14
2006-07-19,28.18
2006-07-20,28.0
2006-07-21,28.1
2006-07-22,28.02
2006-07-23,27.7
2006-07-24,28.78
2006-07-25,28.79
2006-07-26,28.13
2006-07-27,27.89
2006-07-28,27.82
2006-07-29,27.69
2006-07-30,27.87
2006-07-31,28.52
2006-08-01,28.89
2006-08-02,27.53
2006-08-03,27.58
2006-08-04,26.46
2006-08-05,25.88
2006-08-06,27.24
2006-08-07,28.05
2006-08-08,28.72
2006-08-09,29.11
2006-08-10,28.24
2006-08-11,29.32
2006-08-12,28.7
2006-08-13,27.94
2006-08-14,27.54
2006-08-15,28.06
2006-08-16,27.99
2006-08-17,27.47
2006-08-18,28.05
2006-08-19,28.59
2006-08-20,28.14
2006-08-21,27.73
2006-08-22,27.62
2006-08-23,27.71
2006-08-24,28.3
2006-08-25,28.3
2006-08-26,28.08
2006-08-27,28.53
2006-08-28,28.69
2006-08-29,27.67
2006-08-30,26.76
2006-08-31,26.92
2006-09-01,27.98
2006-09-02,28.1
2006-09-03,27.64
2006-09-04,27.15
2006-09-05,27.52
2006-09-06,28.2
2006-09-07,28.47
2006-09-08,29.07
2006-09-09,29.18
2006-09-10,27.73
2006-09-11,27.23
2006-09-12,27.08
2006-09-13,27.61
2006-09-14,27.89
2006-09-15,27.94
2006-09-16,28.0
2006-09-17,28.43
2006-09-18,28.69
2006-09-19,27.36
2006-09-20,25.95
2006-09-21,25.76
2006-09-22,25.99
2006-09-23,26.1
2006-09-24,26.75
2006-09-25,27.38
2006-09-26,27.75
2006-09-27,28.64
2006-09-28,28.34
2006-09-29,27.59
2006-09-30,27.35
2006-10-01,26.48
2006-10-02,27.92
2006-10-03,28.83
2006-10-04,28.14
2006-10-05,27.64
2006-10-06,27.4
2006-10-07,27.26
2006-10-08,27.75
2006-10-09,27.63
2006-10-10,27.96
2006-10-11,28.44
2006-10-12,28.57
2006-10-13,28.24
2006-10-14,27.13
2006-10-15,27.42
2006-10-16,26.99
2006-10-17,26.08
2006-10-18,25.38
2006-10-19,25.15
2006-10-20,25.48
2006-10-21,25.49
2006-10-22,25.31
2006-10-23,24.98
2006-10-24,24.31
2006-10-25,24.33
2006-10-26,24.64
2006-10-27,24.94
2006-10-28,23.68
2006-10-29,24.07
2006-10-30,23.28
2006-10-31,23.79
2006-11-01,24.36
2006-11-02,24.87
2006-11-03,24.68
2006-11-04,24.09
2006-11-05,23.64
2006-11-06,23.48
2006-11-07,22.75
2006-11-08,23.4
2006-11-09,23.25
2006-11-10,23.3
2006-11-11,22.3
2006-11-12,23.2
2006-11-13,23.42
2006-11-14,24.09
2006-11-15,23.27
2006-11-16,22.68
2006-11-17,21.87
2006-11-18,21.73
2006-11-19,21.93
2006-11-20,22.62
2006-11-21,21.55
2006-11-22,21.11
2006-11-23,21.79
2006-11-24,22.77
2006-11-25,23.05
2006-11-26,22.08
2006-11-27,19.66
2006-11-28,17.99
2006-11-29,17.48
2006-11-30,17.42
2006-12-01,17.09
2006-12-02,16.98
2006-12-03,16.89
2006-12-04,18.67
2006-12-05,19.22
2006-12-06,19.84
2006-12-07,20.15
2006-12-08,20.9
2006-12-09,20.77
2006-12-10,20.31
2006-12-11,20.7
2006-12-12,20.39
2006-12-13,19.16
2006-12-14,17.4
2006-12-15,17.99
2006-12-16,20.1
2006-12-17,20.25
2006-12-18,20.54
2006-12-19,21.1
2006-12-20,21.67
2006-12-21,21.45
2006-12-22,21.15
2006-12-23,20.58
2006-12-24,19.26
2006-12-25,17.75
2006-12-26,17.82
2006-12-27,18.53
2006-12-28,18.18
2006-12-29,17.73
2006-12-30,17.32
2006-12-31,17.03
2007-01-01,16.93
2007-01-02,16.68
2007-01-03,15.11
2007-01-04,14.34
2007-01-05,15.54
2007-01-06,16.59
2007-01-07,16.55
2007-01-08,16.35
2007-01-09,16.44
2007-01-10,17.17
2007-01-11,16.82
2007-01-12,16.85
2007-01-13,17.08
2007-01-14,16.14
2007-01-15,15.04
2007-01-16,16.15
2007-01-17,16.64
2007-01-18,16.06
2007-01-19,15.68
2007-01-20,17.17
2007-01-21,17.16
2007-01-22,17.98
2007-01-23,16.94
2007-01-24,17.05
2007-01-25,17.93
2007-01-26,19.12
2007-01-27,20.59
2007-01-28,21.6
2007-01-29,21.83
2007-01-30,21.63
2007-01-31,22.02
2007-02-01,22.07
2007-02-02,21.48
2007-02-03,22.26
2007-02-04,22.27
2007-02-05,21.46
2007-02-06,21.32
2007-02-07,20.67
2007-02-08,21.17
2007-02-09,22.04
2007-02-10,22.2
2007-02-11,23.05
2007-02-12,22.3
2007-02-13,20.92
2007-02-14,18.63
2007-02-15,18.36
2007-02-16,18.55
2007-02-17,19.09
2007-02-18,19.9
2007-02-19,19.53
2007-02-20,19.57
2007-02-21,20.16
2007-02-22,20.88
2007-02-23,21.55
2007-02-24,23.2
2007-02-25,23.57
2007-02-26,22.93
2007-02-27,22.59
2007-02-28,23.4
2007-03-01,24.74
2007-03-02,22.22
2007-03-03,22.13
2007-03-04,22.02
2007-03-05,22.51
2007-03-06,22.56
2007-03-07,22.17
2007-03-08,22.42
2007-03-09,22.36
2007-03-10,23.79
2007-03-11,25.73
2007-03-12,27.03
2007-03-13,26.13
2007-03-14,26.31
2007-03-15,26.09
2007-03-16,24.01
2007-03-17,24.67
2007-03-18,24.26
2007-03-19,25.46
2007-03-20,26.5
2007-03-21,27.08
2007-03-22,28.09
2007-03-23,28.6
2007-03-24,29.08
2007-03-25,28.68
2007-03-26,28.13
2007-03-27,27.34
2007-03-28,27.81
2007-03-29,29.13
2007-03-30,30.05
2007-03-31,29.27
2007-04-01,30.04
2007-04-02,30.52
2007-04-03,30.81
2007-04-04,31.0
2007-04-05,30.4
2007-04-06,30.47
2007-04-07,30.99
2007-04-08,30.51
2007-04-09,31.05
2007-04-10,28.65
2007-04-11,27.38
2007-04-12,27.44
2007-04-13,26.57
2007-04-14,26.73
2007-04-15,28.3
2007-04-16,29.69
2007-04-17,29.77
2007-04-18,30.5
2007-04-19,30.7
2007-04-20,30.05
2007-04-21,29.66
2007-04-22,28.45
2007-04-23,28.93
2007-04-24,28.89
2007-04-25,28.97
2007-04-26,29.29
2007-04-27,28.2
2007-04-28,27.04
2007-04-29,28.36
2007-04-30,28.8
2007-05-01,30.1
2007-05-02,31.31
2007-05-03,31.17
2007-05-04,31.19
2007-05-05,31.93
2007-05-06,32.2
2007-05-07,30.79
2007-05-08,30.55
2007-05-09,29.56
2007-05-10,30.3
2007-05-11,30.46
2007-05-12,29.53
2007-05-13,29.18
2007-05-14,27.04
2007-05-15,26.58
2007-05-16,28.8
2007-05-17,27.75
2007-05-18,27.96
2007-05-19,28.15
2007-05-20,27.84
2007-05-21,28.19
2007-05-22,28.99
2007-05-23,28.95
2007-05-24,28.52
2007-05-25,28.05
2007-05-26,27.76
2007-05-27,28.23
2007-05-28,28.57
2007-05-29,29.46
2007-05-30,29.76
2007-05-31,30.5
2007-06-01,29.65
2007-06-02,29.1
2007-06-03,29.09
2007-06-04,29.37
2007-06-05,28.41
2007-06-06,28.46
2007-06-07,28.98
2007-06-08,28.51
2007-06-09,27.93
2007-06-10,27.04
2007-06-11,27.9
2007-06-12,28.26
2007-06-13,27.75
2007-06-14,28.41
2007-06-15,27.52
2007-06-16,27.83
2007-06-17,27.85
2007-06-18,28.11
2007-06-19,28.48
2007-06-20,29.56
2007-06-21,27.95
2007-06-22,28.19
2007-06-23,28.09
2007-06-24,28.31
2007-06-25,28.03
2007-06-26,28.78
2007-06-27,29.58
2007-06-28,28.34
2007-06-29,28.02
2007-06-30,27.71
2007-07-01,28.88
2007-07-02,29.85
2007-07-03,28.91
2007-07-04,28.07
2007-07-05,29.14
2007-07-06,28.48
2007-07-07,27.94
2007-07-08,28.0
2007-07-09,28.95
2007-07-10,28.72
2007-07-11,29.02
2007-07-12,29.65
2007-07-13,29.2
2007-07-14,29.01
2007-07-15,28.96
2007-07-16,28.51
2007-07-17,28.19
2007-07-18,28.7
2007-07-19,28.58
2007-07-20,27.89
2007-07-21,27.0
2007-07-22,27.03
2007-07-23,27.54
2007-07-24,27.3
2007-07-25,27.09
2007-07-26,27.05
2007-07-27,26.67
2007-07-28,26.87
2007-07-29,26.8
2007-07-30,28.09
2007-07-31,27.56
2007-08-01,27.94
2007-08-02,27.96
2007-08-03,28.4
2007-08-04,29.25
2007-08-05,29.67
2007-08-06,28.82
2007-08-07,28.65
2007-08-08,28.83
2007-08-09,30.34
2007-08-10,30.68
2007-08-11,29.75
2007-08-12,27.97
2007-08-13,28.03
2007-08-14,28.04
2007-08-15,28.63
2007-08-16,28.31
2007-08-17,27.79
2007-08-18,27.76
2007-08-19,27.14
2007-08-20,27.12
2007-08-21,28.61
2007-08-22,27.49
2007-08-23,28.19
2007-08-24,27.3
2007-08-25,28.11
2007-08-26,27.84
2007-08-27,27.33
2007-08-28,28.15
2007-08-29,27.44
2007-08-30,28.56
2007-08-31,28.93
2007-09-01,28.22
2007-09-02,28.1
2007-09-03,28.33
2007-09-04,27.51
2007-09-05,27.21
2007-09-06,26.79
2007-09-07,27.01
2007-09-08,27.27
2007-09-09,27.77
2007-09-10,27.6
2007-09-11,27.68
2007-09-12,28.05
2007-09-13,28.37
2007-09-14,27.28
2007-09-15,27.71
2007-09-16,27.39
2007-09-17,28.01
2007-09-18,28.25
2007-09-19,28.78
2007-09-20,28.21
2007-09-21,27.02
2007-09-22,25.79
2007-09-23,25.49
2007-09-24,25.28
2007-09-25,25.65
2007-09-26,27.77
2007-09-27,28.17
2007-09-28,27.72
2007-09-29,26.99
2007-09-30,27.82
2007-10-01,28.15
2007-10-02,28.56
2007-10-03,27.46
2007-10-04,28.07
2007-10-05,28.48
2007-10-06,27.7
2007-10-07,27.49
2007-10-08,26.4
2007-10-09,26.17
2007-10-10,26.05
2007-10-11,27.09
2007-10-12,27.44
2007-10-13,27.42
2007-10-14,26.06
2007-10-15,25.12
2007-10-16,25.04
2007-10-17,25.89
2007-10-18,26.01
2007-10-19,26.0
2007-10-20,24.85
2007-10-21,23.55
2007-10-22,23.74
2007-10-23,22.64
2007-10-24,22.94
2007-10-25,22.99
2007-10-26,23.23
2007-10-27,23.29
2007-10-28,23.13
2007-10-29,23.23
2007-10-30,23.82
2007-10-31,23.54
2007-11-01,24.18
2007-11-02,23.71
2007-11-03,24.0
2007-11-04,23.66
2007-11-05,24.3
2007-11-06,24.39
2007-11-07,24.37
2007-11-08,24.15
2007-11-09,24.46
2007-11-10,23.84
2007-11-11,23.4
2007-11-12,22.53
2007-11-13,22.1
2007-11-14,21.9
2007-11-15,20.66
2007-11-16,22.69
2007-11-17,22.34
2007-11-18,21.78
2007-11-19,21.58
2007-11-20,21.5
2007-11-21,21.29
2007-11-22,21.52
2007-11-23,22.07
2007-11-24,21.78
2007-11-25,20.97
2007-11-26,20.51
2007-11-27,20.53
2007-11-28,20.14
2007-11-29,21.1
2007-11-30,21.96
2007-12-01,21.63
2007-12-02,20.83
2007-12-03,19.66
2007-12-04,19.17
2007-12-05,19.03
2007-12-06,18.78
2007-12-07,19.43
2007-12-08,18.97
2007-12-09,17.69
2007-12-10,17.01
2007-12-11,16.9
2007-12-12,17.52
2007-12-13,18.18
2007-12-14,18.5
2007-12-15,18.27
2007-12-16,17.31
2007-12-17,15.8
2007-12-18,16.11
2007-12-19,16.12
2007-12-20,15.29
2007-12-21,14.64
2007-12-22,15.28
2007-12-23,15.99
2007-12-24,16.24
2007-12-25,16.62
2007-12-26,17.28
2007-12-27,17.01
2007-12-28,16.54
2007-12-29,16.6
2007-12-30,16.26
2007-12-31,15.64
2008-01-01,16.47
2008-01-02,17.29
2008-01-03,18.74
2008-01-04,17.46
2008-01-05,16.51
2008-01-06,16.71
2008-01-07,18.01
2008-01-08,18.18
2008-01-09,17.91
2008-01-10,18.11
2008-01-11,19.59
2008-01-12,19.3
2008-01-13,17.26
2008-01-14,16.48
2008-01-15,16.31
2008-01-16,16.64
2008-01-17,17.56
2008-01-18,18.83
2008-01-19,18.94
2008-01-20,19.76
2008-01-21,19.85
2008-01-22,16.74
2008-01-23,16.58
2008-01-24,17.66
2008-01-25,16.09
2008-01-26,16.57
2008-01-27,17.03
2008-01-28,15.79
2008-01-29,15.51
2008-01-30,16.15
2008-01-31,16.99
2008-02-01,16.1
2008-02-02,14.69
2008-02-03,14.54
2008-02-04,16.09
2008-02-05,18.24
2008-02-06,19.82
2008-02-07,20.33
2008-02-08,21.71
2008-02-09,20.16
2008-02-10,19.06
2008-02-11,16.65
2008-02-12,16.2
2008-02-13,16.51
2008-02-14,16.44
2008-02-15,15.95
2008-02-16,17.99
2008-02-17,19.09
2008-02-18,19.97
2008-02-19,21.11
2008-02-20,19.94
2008-02-21,19.9
2008-02-22,20.5
2008-02-23,21.3
2008-02-24,22.73
2008-02-25,22.35
2008-02-26,22.94
2008-02-27,21.37
2008-02-28,21.16
2008-02-29,22.14
2008-03-01,23.13
2008-03-02,23.51
2008-03-03,24.72
2008-03-04,24.1
2008-03-05,23.64
2008-03-06,23.77
2008-03-07,25.08
2008-03-08,26.14
2008-03-09,25.91
2008-03-10,25.8
2008-03-11,25.01
2008-03-12,24.7
2008-03-13,26.51
2008-03-14,25.56
2008-03-15,27.24
2008-03-16,26.9
2008-03-17,27.52
2008-03-18,27.27
2008-03-19,27.38
2008-03-20,27.98
2008-03-21,29.19
2008-03-22,28.95
2008-03-23,28.05
2008-03-24,27.28
2008-03-25,28.69
2008-03-26,29.28
2008-03-27,29.77
2008-03-28,29.07
2008-03-29,29.74
2008-03-30,29.38
2008-03-31,29.43
2008-04-01,28.84
2008-04-02,28.49
2008-04-03,27.54
2008-04-04,26.01
2008-04-05,26.78
2008-04-06,27.43
2008-04-07,27.06
2008-04-08,27.22
2008-04-09,27.17
2008-04-10,28.39
2008-04-11,29.42
2008-04-12,30.34
2008-04-13,30.61
2008-04-14,28.93
2008-04-15,30.16
2008-04-16,30.14
2008-04-17,30.97
2008-04-18,31.37
2008-04-19,32.12
2008-04-20,31.49
2008-04-21,31.41
2008-04-22,31.01
2008-04-23,31.71
2008-04-24,32.52
2008-04-25,31.79
2008-04-26,32.11
2008-04-27,32.2
2008-04-28,32.69
2008-04-29,31.99
2008-04-30,32.82
2008-05-01,32.4
2008-05-02,32.0
2008-05-03,32.27
2008-05-04,32.6
2008-05-05,30.93
2008-05-06,30.21
2008-05-07,29.61
2008-05-08,29.59
2008-05-09,29.71
2008-05-10,31.13
2008-05-11,31.9
2008-05-12,31.55
2008-05-13,31.36
2008-05-14,32.53
2008-05-15,33.05
2008-05-16,32.5
2008-05-17,32.67
2008-05-18,32.21
2008-05-19,30.4
2008-05-20,31.51
2008-05-21,31.4
2008-05-22,32.01
2008-05-23,30.07
2008-05-24,30.69
2008-05-25,28.77
2008-05-26,28.43
2008-05-27,28.13
2008-05-28,29.34
2008-05-29,30.49
2008-05-30,29.36
2008-05-31,29.8
2008-06-01,29.22
2008-06-02,28.17
2008-06-03,27.66
2008-06-04,28.73
2008-06-05,28.05
2008-06-06,27.94
2008-06-07,26.96
2008-06-08,27.53
2008-06-09,27.19
2008-06-10,28.35
2008-06-11,28.86
2008-06-12,29.54
2008-06-13,29.84
2008-06-14,29.12
2008-06-15,30.27
2008-06-16,28.84
2008-06-17,28.03
2008-06-18,27.88
2008-06-19,28.2
2008-06-20,27.24
2008-06-21,28.54
2008-06-22,28.9
2008-06-23,28.44
2008-06-24,29.25
2008-06-25,28.61
2008-06-26,28.85
2008-06-27,28.55
2008-06-28,28.49
2008-06-29,27.71
2008-06-30,28.11
2008-07-01,28.33
2008-07-02,28.68
2008-07-03,28.63
2008-07-04,28.02
2008-07-05,27.77
2008-07-06,28.06
2008-07-07,27.43
2008-07-08,27.36
2008-07-09,27.8
2008-07-10,27.64
2008-07-11,27.96
2008-07-12,28.48
2008-07-13,27.99
2008-07-14,28.24
2008-07-15,28.29
2008-07-16,28.61
2008-07-17,29.15
2008-07-18,28.93
2008-07-19,27.49
2008-07-20,28.17
2008-07-21,28.43
2008-07-22,28.19
2008-07-23,27.52
2008-07-24,29.18
2008-07-25,28.46
2008-07-26,28.64
2008-07-27,28.5
2008-07-28,28.08
2008-07-29,28.19
2008-07-30,28.23
2008-07-31,28.27
2008-08-01,27.83
2008-08-02,27.78
2008-08-03,27.32
2008-08-04,27.98
2008-08-05,27.71
2008-08-06,27.59
2008-08-07,28.1
2008-08-08,29.3
2008-08-09,28.85
2008-08-10,27.7
2008-08-11,27.64
2008-08-12,27.9
2008-08-13,28.05
2008-08-14,28.16
2008-08-15,27.41
2008-08-16,27.68
2008-08-17,28.01
2008-08-18,28.44
2008-08-19,28.44
2008-08-20,27.96
2008-08-21,27.78
2008-08-22,28.17
2008-08-23,28.52
2008-08-24,28.09
2008-08-25,28.16
2008-08-26,27.48
2008-08-27,27.6
2008-08-28,27.68
2008-08-29,27.8
2008-08-30,27.55
2008-08-31,27.89
2008-09-01,27.93
2008-09-02,26.86
2008-09-03,27.72
2008-09-04,27.62
2008-09-05,27.09
2008-09-06,27.27
2008-09-07,28.16
2008-09-08,27.58
2008-09-09,27.58
2008-09-10,28.79
2008-09-11,28.14
2008-09-12,29.04
2008-09-13,28.24
2008-09-14,27.77
2008-09-15,27.26
2008-09-16,27.07
2008-09-17,26.85
2008-09-18,27.22
2008-09-19,27.44
2008-09-20,28.14
2008-09-21,27.57
2008-09-22,26.41
2008-09-23,26.41
2008-09-24,27.71
2008-09-25,28.63
2008-09-26,27.53
2008-09-27,27.05
2008-09-28,27.09
2008-09-29,27.29
2008-09-30,27.73
2008-10-01,28.17
2008-10-02,27.07
2008-10-03,26.99
2008-10-04,26.8
2008-10-05,26.33
2008-10-06,25.87
2008-10-07,25.73
2008-10-08,25.88
2008-10-09,26.07
2008-10-10,27.15
2008-10-11,27.16
2008-10-12,26.62
2008-10-13,26.91
2008-10-14,27.91
2008-10-15,27.44
2008-10-16,26.91
2008-10-17,26.65
2008-10-18,27.12
2008-10-19,26.59
2008-10-20,26.12
2008-10-21,26.06
2008-10-22,26.01
2008-10-23,26.24
2008-10-24,25.92
2008-10-25,24.12
2008-10-26,20.99
2008-10-27,22.54
2008-10-28,22.44
2008-10-29,23.25
2008-10-30,24.27
2008-10-31,24.07
2008-11-01,24.3
2008-11-02,24.73
2008-11-03,25.58
2008-11-04,24.34
2008-11-05,23.77
2008-11-06,23.54
2008-11-07,22.65
2008-11-08,21.96
2008-11-09,22.93
2008-11-10,23.22
2008-11-11,23.32
2008-11-12,22.79
2008-11-13,22.1
2008-11-14,22.19
2008-11-15,21.87
2008-11-16,22.13
2008-11-17,21.01
2008-11-18,20.89
2008-11-19,21.21
2008-11-20,21.3
2008-11-21,22.42
2008-11-22,21.71
2008-11-23,20.24
2008-11-24,20.48
2008-11-25,21.14
2008-11-26,20.99
2008-11-27,21.27
2008-11-28,21.79
2008-11-29,21.51
2008-11-30,22.61
2008-12-01,22.9
2008-12-02,22.23
2008-12-03,22.14
2008-12-04,21.38
2008-12-05,22.07
2008-12-06,22.42
2008-12-07,22.54
2008-12-08,22.12
2008-12-09,22.82
2008-12-10,22.44
2008-12-11,22.26
2008-12-12,21.74
2008-12-13,20.96
2008-12-14,19.92
2008-12-15,19.37
2008-12-16,19.17
2008-12-17,19.1
2008-12-18,19.43
2008-12-19,19.4
2008-12-20,19.69
2008-12-21,19.56
2008-12-22,19.33
2008-12-23,19.57
2008-12-24,19.03
2008-12-25,19.31
2008-12-26,18.95
2008-12-27,18.58
2008-12-28,18.42
2008-12-29,18.68
2008-12-30,18.36
2008-12-31,18.32
2009-01-01,18.37
2009-01-02,17.47
2009-01-03,16.66
2009-01-04,16.89
2009-01-05,17.89
2009-01-06,18.73
2009-01-07,18.91
2009-01-08,20.79
2009-01-09,20.59
2009-01-10,19.59
2009-01-11,19.8
2009-01-12,19.31
2009-01-13,18.53
2009-01-14,18.48
2009-01-15,19.37
2009-01-16,19.83
2009-01-17,19.75
2009-01-18,20.27
2009-01-19,19.96
2009-01-20,20.26
2009-01-21,19.68
2009-01-22,18.4
2009-01-23,19.19
2009-01-24,20.49
2009-01-25,20.73
2009-01-26,21.36
2009-01-27,22.12
2009-01-28,21.86
2009-01-29,20.27
2009-01-30,19.76
2009-01-31,20.1
2009-02-01,19.67
2009-02-02,18.57
2009-02-03,19.35
2009-02-04,19.96
2009-02-05,20.56
2009-02-06,21.38
2009-02-07,21.59
2009-02-08,21.57
2009-02-09,21.03
2009-02-10,21.65
2009-02-11,22.59
2009-02-12,22.77
2009-02-13,21.48
2009-02-14,21.29
2009-02-15,22.07
2009-02-16,21.76
2009-02-17,22.17
2009-02-18,22.21
2009-02-19,22.2
2009-02-20,22.37
2009-02-21,22.63
2009-02-22,22.16
2009-02-23,22.85
2009-02-24,23.97
2009-02-25,25.69
2009-02-26,25.4
2009-02-27,25.42
2009-02-28,25.31
2009-03-01,23.64
2009-03-02,22.92
2009-03-03,24.06
2009-03-04,25.52
2009-03-05,25.91
2009-03-06,26.88
2009-03-07,26.33
2009-03-08,26.19
2009-03-09,28.14
2009-03-10,28.72
2009-03-11,28.6
2009-03-12,26.86
2009-03-13,25.53
2009-03-14,25.65
2009-03-15,25.85
2009-03-16,26.02
2009-03-17,28.41
2009-03-18,28.29
2009-03-19,28.46
2009-03-20,28.28
2009-03-21,29.27
2009-03-22,29.0
2009-03-23,29.08
2009-03-24,29.63
2009-03-25,29.93
2009-03-26,29.41
2009-03-27,28.06
2009-03-28,27.47
2009-03-29,28.16
2009-03-30,27.0
2009-03-31,28.24
2009-04-01,27.78
2009-04-02,29.02
2009-04-03,28.63
2009-04-04,29.38
2009-04-05,30.57
2009-04-06,30.21
2009-04-07,30.48
2009-04-08,31.34
2009-04-09,30.46
2009-04-10,30.73
2009-04-11,31.06
2009-04-12,30.78
2009-04-13,31.18
2009-04-14,31.81
2009-04-15,31.47
2009-04-16,30.48
2009-04-17,28.97
2009-04-18,31.16
2009-04-19,32.18
2009-04-20,31.19
2009-04-21,30.6
2009-04-22,31.99
2009-04-23,32.53
2009-04-24,32.29
2009-04-25,31.33
2009-04-26,32.2
2009-04-27,32.53
2009-04-28,31.74
2009-04-29,31.65
2009-04-30,31.17
2009-05-01,30.2
2009-05-02,27.83
2009-05-03,28.41
2009-05-04,28.81
2009-05-05,30.26
2009-05-06,30.24
2009-05-07,31.62
2009-05-08,32.13
2009-05-09,32.39
2009-05-10,31.17
2009-05-11,30.28
2009-05-12,29.96
2009-05-13,29.37
2009-05-14,28.93
2009-05-15,30.21
2009-05-16,29.91
2009-05-17,30.05
2009-05-18,29.27
2009-05-19,29.54
2009-05-20,30.72
2009-05-21,32.3
2009-05-22,32.69
2009-05-23,32.58
2009-05-24,29.27
2009-05-25,27.61
2009-05-26,29.05
2009-05-27,29.94
2009-05-28,30.16
2009-05-29,30.17
2009-05-30,29.36
2009-05-31,28.77
2009-06-01,28.57
2009-06-02,30.08
2009-06-03,30.55
2009-06-04,30.21
2009-06-05,28.77
2009-06-06,29.31
2009-06-07,28.51
2009-06-08,29.22
2009-06-09,29.77
2009-06-10,29.33
2009-06-11,29.2
2009-06-12,29.02
2009-06-13,28.19
2009-06-14,28.37
2009-06-15,28.59
2009-06-16,28.97
2009-06-17,29.56
2009-06-18,29.0
2009-06-19,30.02
2009-06-20,29.39
2009-06-21,29.52
2009-06-22,29.44
2009-06-23,30.06
2009-06-24,29.64
2009-06-25,28.82
2009-06-26,28.99
2009-06-27,29.62
2009-06-28,29.24
2009-06-29,28.66
2009-06-30,28.7
2009-07-01,28.28
2009-07-02,28.08
2009-07-03,27.62
2009-07-04,27.89
2009-07-05,27.98
2009-07-06,28.34
2009-07-07,28.45
2009-07-08,28.59
2009-07-09,28.45
2009-07-10,28.08
2009-07-11,28.78
2009-07-12,29.19
2009-07-13,29.44
2009-07-14,28.7
2009-07-15,29.17
2009-07-16,29.2
2009-07-17,29.32
2009-07-18,28.35
2009-07-19,29.22
2009-07-20,29.46
2009-07-21,28.21
2009-07-22,28.49
2009-07-23,29.08
2009-07-24,29.36
2009-07-25,29.59
2009-07-26,29.53
2009-07-27,28.52
2009-07-28,28.76
2009-07-29,28.73
2009-07-30,28.37
2009-07-31,29.16
2009-08-01,29.73
2009-08-02,31.07
2009-08-03,29.78
2009-08-04,29.41
2009-08-05,29.83
2009-08-06,29.77
2009-08-07,29.86
2009-08-08,28.87
2009-08-09,29.29
2009-08-10,29.27
2009-08-11,28.82
2009-08-12,28.71
2009-08-13,28.2
2009-08-14,27.83
2009-08-15,27.75
2009-08-16,27.85
2009-08-17,27.98
2009-08-18,28.07
2009-08-19,27.66
2009-08-20,27.21
2009-08-21,26.67
2009-08-22,27.63
2009-08-23,27.42
2009-08-24,27.78
2009-08-25,27.54
2009-08-26,26.98
2009-08-27,26.82
2009-08-28,27.25
2009-08-29,28.59
2009-08-30,29.11
2009-08-31,29.78
2009-09-01,29.28
2009-09-02,29.09
2009-09-03,27.82
2009-09-04,27.55
2009-09-05,27.3
2009-09-06,27.52
2009-09-07,28.0
2009-09-08,27.34
2009-09-09,26.58
2009-09-10,26.52
2009-09-11,27.59
2009-09-12,28.87
2009-09-13,29.41
2009-09-14,28.18
2009-09-15,28.35
2009-09-16,27.89
2009-09-17,27.48
2009-09-18,27.66
2009-09-19,27.67
2009-09-20,26.83
2009-09-21,27.01
2009-09-22,26.62
2009-09-23,26.54
2009-09-24,27.4
2009-09-25,27.17
2009-09-26,27.85
2009-09-27,28.23
2009-09-28,27.47
2009-09-29,28.88
2009-09-30,27.21
2009-10-01,27.99
2009-10-02,28.7
2009-10-03,27.24
2009-10-04,26.28
2009-10-05,26.6
2009-10-06,27.02
2009-10-07,27.09
2009-10-08,27.1
2009-10-09,26.53
2009-10-10,26.14
2009-10-11,26.96
2009-10-12,26.36
2009-10-13,26.27
2009-10-14,26.28
2009-10-15,26.83
2009-10-16,27.2
2009-10-17,26.73
2009-10-18,26.51
2009-10-19,25.68
2009-10-20,23.89
2009-10-21,23.35
2009-10-22,24.08
2009-10-23,24.07
2009-10-24,24.01
2009-10-25,23.63
2009-10-26,23.19
2009-10-27,22.88
2009-10-28,22.96
2009-10-29,23.63
2009-10-30,22.95
2009-10-31,23.4
2009-11-01,23.34
2009-11-02,23.21
2009-11-03,24.6
2009-11-04,23.58
2009-11-05,24.79
2009-11-06,25.15
2009-11-07,24.43
2009-11-08,23.45
2009-11-09,23.53
2009-11-10,23.48
2009-11-11,23.64
2009-11-12,23.79
2009-11-13,23.91
2009-11-14,25.04
2009-11-15,25.44
2009-11-16,25.3
2009-11-17,23.21
2009-11-18,21.33
2009-11-19,22.5
2009-11-20,21.14
2009-11-21,18.52
2009-11-22,19.28
2009-11-23,20.22
2009-11-24,20.4
2009-11-25,20.18
2009-11-26,20.26
2009-11-27,19.87
2009-11-28,19.94
2009-11-29,20.93
2009-11-30,21.55
2009-12-01,22.18
2009-12-02,21.46
2009-12-03,20.91
2009-12-04,20.94
2009-12-05,21.15
2009-12-06,19.64
2009-12-07,18.92
2009-12-08,18.47
2009-12-09,18.21
2009-12-10,18.32
2009-12-11,18.0
2009-12-12,18.15
2009-12-13,19.15
2009-12-14,19.23
2009-12-15,19.35
2009-12-16,19.98
2009-12-17,20.5
2009-12-18,20.38
2009-12-19,20.56
2009-12-20,19.31
2009-12-21,17.37
2009-12-22,17.37
2009-12-23,17.22
2009-12-24,16.57
2009-12-25,15.18
2009-12-26,15.64
2009-12-27,15.98
2009-12-28,16.14
2009-12-29,15.74
2009-12-30,16.45
2009-12-31,15.7
2010-01-01,15.45
2010-01-02,16.3
2010-01-03,16.68
2010-01-04,16.02
2010-01-05,16.35
2010-01-06,16.03
2010-01-07,17.73
2010-01-08,18.2
2010-01-09,17.3
2010-01-10,16.71
2010-01-11,15.83
2010-01-12,15.38
2010-01-13,16.88
2010-01-14,18.6
2010-01-15,18.35
2010-01-16,18.06
2010-01-17,19.36
2010-01-18,18.33
2010-01-19,18.02
2010-01-20,17.94
2010-01-21,17.83
2010-01-22,18.19
2010-01-23,18.7
2010-01-24,18.93
2010-01-25,20.13
2010-01-26,19.83
2010-01-27,18.78
2010-01-28,18.23
2010-01-29,18.39
2010-01-30,18.17
2010-01-31,18.31
2010-02-01,18.3
2010-02-02,18.48
2010-02-03,18.75
2010-02-04,18.08
2010-02-05,18.21
2010-02-06,17.74
2010-02-07,18.58
2010-02-08,20.71
2010-02-09,20.52
2010-02-10,21.57
2010-02-11,22.29
2010-02-12,21.74
2010-02-13,21.72
2010-02-14,22.62
2010-02-15,23.27
2010-02-16,22.75
2010-02-17,23.64
2010-02-18,22.71
2010-02-19,20.82
2010-02-20,21.33
2010-02-21,20.99
2010-02-22,21.41
2010-02-23,22.4
2010-02-24,24.4
2010-02-25,23.7
2010-02-26,24.58
2010-02-27,23.21
2010-02-28,24.43
2010-03-01,25.13
2010-03-02,26.02
2010-03-03,25.59
2010-03-04,26.07
2010-03-05,27.12
2010-03-06,27.47
2010-03-07,27.51
2010-03-08,27.26
2010-03-09,26.85
2010-03-10,25.71
2010-03-11,25.33
2010-03-12,25.88
2010-03-13,26.51
2010-03-14,27.26
2010-03-15,26.75
2010-03-16,27.64
2010-03-17,28.4
2010-03-18,28.91
2010-03-19,28.61
2010-03-20,29.31
2010-03-21,30.26
2010-03-22,29.97
2010-03-23,30.52
2010-03-24,30.71
2010-03-25,30.46
2010-03-26,30.35
2010-03-27,30.0
2010-03-28,29.95
2010-03-29,29.81
2010-03-30,29.91
2010-03-31,30.46
2010-04-01,31.24
2010-04-02,30.74
2010-04-03,31.0
2010-04-04,31.06
2010-04-05,31.76
2010-04-06,32.02
2010-04-07,32.27
2010-04-08,32.14
2010-04-09,31.94
2010-04-10,32.44
2010-04-11,31.95
2010-04-12,32.46
2010-04-13,31.31
2010-04-14,30.43
2010-04-15,29.38
2010-04-16,31.4
2010-04-17,30.98
2010-04-18,30.18
2010-04-19,32.04
2010-04-20,32.63
2010-04-21,32.52
2010-04-22,32.34
2010-04-23,32.22
2010-04-24,31.9
2010-04-25,31.21
2010-04-26,30.29
2010-04-27,28.33
2010-04-28,29.88
2010-04-29,28.74
2010-04-30,28.27
2010-05-01,29.09
2010-05-02,28.76
2010-05-03,27.43
2010-05-04,28.22
2010-05-05,28.69
2010-05-06,27.72
2010-05-07,28.9
2010-05-08,29.07
2010-05-09,31.59
2010-05-10,32.4
2010-05-11,32.63
2010-05-12,32.03
2010-05-13,31.6
2010-05-14,30.79
2010-05-15,30.39
2010-05-16,31.43
2010-05-17,31.7
2010-05-18,32.28
2010-05-19,31.73
2010-05-20,29.15
2010-05-21,27.95
2010-05-22,27.9
2010-05-23,27.9
2010-05-24,27.27
2010-05-25,29.18
2010-05-26,29.46
2010-05-27,29.19
2010-05-28,26.89
2010-05-29,28.08
2010-05-30,28.91
2010-05-31,28.51
2010-06-01,29.04
2010-06-02,29.63
2010-06-03,28.73
2010-06-04,28.56
2010-06-05,28.23
2010-06-06,28.74
2010-06-07,29.06
2010-06-08,29.29
2010-06-09,28.86
2010-06-10,28.44
2010-06-11,28.61
2010-06-12,27.8
2010-06-13,27.49
2010-06-14,27.98
2010-06-15,28.66
2010-06-16,29.27
2010-06-17,28.67
2010-06-18,28.1
2010-06-19,28.74
2010-06-20,28.97
2010-06-21,29.03
2010-06-22,29.02
2010-06-23,28.53
2010-06-24,28.96
2010-06-25,28.46
2010-06-26,28.04
2010-06-27,28.73
2010-06-28,28.58
2010-06-29,28.69
2010-06-30,28.32
2010-07-01,28.05
2010-07-02,28.19
2010-07-03,28.72
2010-07-04,28.72
2010-07-05,27.69
2010-07-06,28.25
2010-07-07,28.45
2010-07-08,28.52
2010-07-09,28.82
2010-07-10,29.24
2010-07-11,29.05
2010-07-12,28.43
2010-07-13,29.0
2010-07-14,28.84
2010-07-15,28.96
2010-07-16,28.54
2010-07-17,29.56
2010-07-18,29.34
2010-07-19,28.68
2010-07-20,28.25
2010-07-21,28.71
2010-07-22,28.91
2010-07-23,29.18
2010-07-24,29.14
2010-07-25,28.56
2010-07-26,28.17
2010-07-27,28.4
2010-07-28,29.37
2010-07-29,27.88
2010-07-30,27.44
2010-07-31,27.12
2010-08-01,27.75
2010-08-02,27.8
2010-08-03,27.72
2010-08-04,28.58
2010-08-05,28.22
2010-08-06,28.53
2010-08-07,28.53
2010-08-08,29.05
2010-08-09,29.94
2010-08-10,29.78
2010-08-11,28.77
2010-08-12,28.54
2010-08-13,27.92
2010-08-14,27.7
2010-08-15,28.22
2010-08-16,28.53
2010-08-17,28.72
2010-08-18,28.62
2010-08-19,28.15
2010-08-20,28.25
2010-08-21,28.68
2010-08-22,28.11
2010-08-23,29.04
2010-08-24,28.24
2010-08-25,28.76
2010-08-26,28.23
2010-08-27,27.61
2010-08-28,27.88
2010-08-29,28.24
2010-08-30,28.37
2010-08-31,28.11
2010-09-01,28.44
2010-09-02,27.74
2010-09-03,27.69
2010-09-04,27.99
2010-09-05,28.81
2010-09-06,28.54
2010-09-07,28.48
2010-09-08,28.47
2010-09-09,28.19
2010-09-10,27.91
2010-09-11,27.89
2010-09-12,28.1
2010-09-13,26.91
2010-09-14,27.47
2010-09-15,26.63
2010-09-16,26.9
2010-09-17,26.82
2010-09-18,26.77
2010-09-19,26.61
2010-09-20,26.69
2010-09-21,26.86
2010-09-22,28.17
2010-09-23,28.35
2010-09-24,27.33
2010-09-25,26.71
2010-09-26,26.76
2010-09-27,27.76
2010-09-28,28.21
2010-09-29,27.61
2010-09-30,28.12
2010-10-01,28.78
2010-10-02,29.01
2010-10-03,28.77
2010-10-04,27.86
2010-10-05,27.7
2010-10-06,26.12
2010-10-07,24.52
2010-10-08,26.02
2010-10-09,26.07
2010-10-10,26.44
2010-10-11,26.0
2010-10-12,25.8
2010-10-13,26.57
2010-10-14,26.37
2010-10-15,26.91
2010-10-16,26.72
2010-10-17,27.23
2010-10-18,27.33
2010-10-19,28.42
2010-10-20,27.77
2010-10-21,27.43
2010-10-22,26.51
2010-10-23,25.98
2010-10-24,26.09
2010-10-25,25.85
2010-10-26,25.59
2010-10-27,24.67
2010-10-28,23.49
2010-10-29,23.23
2010-10-30,24.05
2010-10-31,24.98
2010-11-01,24.21
2010-11-02,23.51
2010-11-03,24.51
2010-11-04,24.25
2010-11-05,25.06
2010-11-06,25.76
2010-11-07,25.77
2010-11-08,25.37
2010-11-09,24.48
2010-11-10,24.24
2010-11-11,24.23
2010-11-12,24.29
2010-11-13,23.9
2010-11-14,24.04
2010-11-15,24.14
2010-11-16,24.31
2010-11-17,24.03
2010-11-18,23.74
2010-11-19,24.34
2010-11-20,24.12
2010-11-21,22.71
2010-11-22,20.22
2010-11-23,20.75
2010-11-24,22.07
2010-11-25,22.4
2010-11-26,22.34
2010-11-27,22.96
2010-11-28,23.16
2010-11-29,22.84
2010-11-30,21.22
2010-12-01,19.06
2010-12-02,19.91
2010-12-03,20.54
2010-12-04,21.24
2010-12-05,21.37
2010-12-06,21.05
2010-12-07,22.06
2010-12-08,20.83
2010-12-09,21.09
2010-12-10,22.54
2010-12-11,20.67
2010-12-12,19.36
2010-12-13,18.34
2010-12-14,17.41
2010-12-15,16.31
2010-12-16,17.4
2010-12-17,18.31
2010-12-18,17.94
2010-12-19,17.04
2010-12-20,16.53
2010-12-21,16.04
2010-12-22,16.44
2010-12-23,17.08
2010-12-24,17.45
2010-12-25,16.37
2010-12-26,16.6
2010-12-27,16.86
2010-12-28,17.08
2010-12-29,17.15
2010-12-30,18.49
2010-12-31,18.43
2011-01-01,18.42
2011-01-02,17.03
2011-01-03,15.67
2011-01-04,16.16
2011-01-05,16.62
2011-01-06,16.76
2011-01-07,17.17
2011-01-08,17.26
2011-01-09,18.43
2011-01-10,16.03
2011-01-11,14.06
2011-01-12,14.16
2011-01-13,13.72
2011-01-14,15.26
2011-01-15,17.03
2011-01-16,17.24
2011-01-17,16.17
2011-01-18,14.41
2011-01-19,15.49
2011-01-20,16.37
2011-01-21,15.18
2011-01-22,15.75
2011-01-23,16.56
2011-01-24,17.0
2011-01-25,18.68
2011-01-26,19.26
2011-01-27,19.78
2011-01-28,18.61
2011-01-29,17.45
2011-01-30,18.63
2011-01-31,20.12
2011-02-01,19.57
2011-02-02,18.68
2011-02-03,19.94
2011-02-04,20.95
2011-02-05,21.51
2011-02-06,21.91
2011-02-07,22.29
2011-02-08,22.47
2011-02-09,22.2
2011-02-10,21.18
2011-02-11,20.7
2011-02-12,20.62
2011-02-13,21.05
2011-02-14,21.95
2011-02-15,23.3
2011-02-16,24.23
2011-02-17,22.99
2011-02-18,22.39
2011-02-19,23.31
2011-02-20,22.63
2011-02-21,21.52
2011-02-22,21.23
2011-02-23,21.29
2011-02-24,21.5
2011-02-25,21.98
2011-02-26,23.37
2011-02-27,23.43
2011-02-28,21.93
2011-03-01,21.91
2011-03-02,23.03
2011-03-03,24.29
2011-03-04,25.53
2011-03-05,26.32
2011-03-06,26.59
2011-03-07,24.16
2011-03-08,25.25
2011-03-09,26.74
2011-03-10,27.27
2011-03-11,27.93
2011-03-12,27.23
2011-03-13,26.66
2011-03-14,26.41
2011-03-15,26.57
2011-03-16,27.02
2011-03-17,26.81
2011-03-18,26.85
2011-03-19,28.33
2011-03-20,29.09
2011-03-21,29.44
2011-03-22,28.67
2011-03-23,29.02
2011-03-24,29.23
2011-03-25,29.67
2011-03-26,28.99
2011-03-27,27.41
2011-03-28,26.94
2011-03-29,27.04
2011-03-30,27.3
2011-03-31,26.82
2011-04-01,28.08
2011-04-02,27.67
2011-04-03,27.37
2011-04-04,28.76
2011-04-05,27.64
2011-04-06,29.03
2011-04-07,30.0
2011-04-08,29.28
2011-04-09,30.17
2011-04-10,28.41
2011-04-11,29.87
2011-04-12,30.74
2011-04-13,31.03
2011-04-14,30.86
2011-04-15,30.05
2011-04-16,30.64
2011-04-17,30.45
2011-04-18,30.7
2011-04-19,29.14
2011-04-20,29.47
2011-04-21,29.11
2011-04-22,29.83
2011-04-23,28.37
2011-04-24,29.84
2011-04-25,27.96
2011-04-26,28.71
2011-04-27,27.24
2011-04-28,28.43
2011-04-29,28.54
2011-04-30,29.52
2011-05-01,29.75
2011-05-02,29.88
2011-05-03,29.93
2011-05-04,29.26
2011-05-05,28.0
2011-05-06,29.29
2011-05-07,29.82
2011-05-08,30.69
2011-05-09,31.84
2011-05-10,30.28
2011-05-11,29.4
2011-05-12,30.47
2011-05-13,30.61
2011-05-14,29.66
2011-05-15,29.95
2011-05-16,30.41
2011-05-17,30.25
2011-05-18,29.98
2011-05-19,29.4
2011-05-20,28.91
2011-05-21,28.63
2011-05-22,28.61
2011-05-23,29.21
2011-05-24,29.48
2011-05-25,29.19
2011-05-26,28.64
2011-05-27,28.39
2011-05-28,28.7
2011-05-29,27.52
2011-05-30,28.22
2011-05-31,28.87
2011-06-01,27.75
2011-06-02,27.79
2011-06-03,28.08
2011-06-04,28.62
2011-06-05,28.87
2011-06-06,29.6
2011-06-07,28.6
2011-06-08,27.54
2011-06-09,29.08
2011-06-10,29.35
2011-06-11,28.81
2011-06-12,28.75
2011-06-13,29.2
2011-06-14,27.17
2011-06-15,28.24
2011-06-16,28.41
2011-06-17,27.88
2011-06-18,28.26
2011-06-19,28.28
2011-06-20,29.16
2011-06-21,28.85
2011-06-22,29.21
2011-06-23,29.58
2011-06-24,29.64
2011-06-25,29.61
2011-06-26,28.72
2011-06-27,28.43
2011-06-28,27.76
2011-06-29,28.06
2011-06-30,28.06
2011-07-01,28.47
2011-07-02,28.15
2011-07-03,27.86
2011-07-04,27.34
2011-07-05,27.75
2011-07-06,27.85
2011-07-07,27.88
2011-07-08,28.31
2011-07-09,28.65
2011-07-10,29.23
2011-07-11,29.28
2011-07-12,28.5
2011-07-13,28.63
2011-07-14,28.58
2011-07-15,27.97
2011-07-16,28.23
2011-07-17,28.44
2011-07-18,27.98
2011-07-19,28.69
2011-07-20,28.42
2011-07-21,28.05
2011-07-22,27.67
2011-07-23,27.31
2011-07-24,28.12
2011-07-25,27.92
2011-07-26,28.56
2011-07-27,28.49
2011-07-28,28.89
2011-07-29,29.03
2011-07-30,29.36
2011-07-31,30.27
2011-08-01,31.31
2011-08-02,30.54
2011-08-03,28.93
2011-08-04,28.73
2011-08-05,28.46
2011-08-06,28.61
2011-08-07,28.32
2011-08-08,27.66
2011-08-09,27.51
2011-08-10,27.47
2011-08-11,27.62
2011-08-12,26.88
2011-08-13,27.37
2011-08-14,27.28
2011-08-15,27.65
2011-08-16,26.85
2011-08-17,25.87
2011-08-18,26.98
2011-08-19,27.22
2011-08-20,28.12
2011-08-21,27.3
2011-08-22,28.01
2011-08-23,27.79
2011-08-24,27.05
2011-08-25,26.86
2011-08-26,26.95
2011-08-27,27.25
2011-08-28,26.95
2011-08-29,28.25
2011-08-30,28.25
2011-08-31,27.72
2011-09-01,27.37
2011-09-02,26.92
2011-09-03,27.53
2011-09-04,28.05
2011-09-05,28.13
2011-09-06,27.74
2011-09-07,27.05
2011-09-08,27.45
2011-09-09,27.25
2011-09-10,27.28
2011-09-11,28.36
2011-09-12,29.32
2011-09-13,29.42
2011-09-14,27.25
2011-09-15,26.8
2011-09-16,27.07
2011-09-17,27.14
2011-09-18,27.53
2011-09-19,28.17
2011-09-20,27.47
2011-09-21,27.53
2011-09-22,27.18
2011-09-23,27.21
2011-09-24,27.57
2011-09-25,27.64
2011-09-26,27.54
2011-09-27,27.76
2011-09-28,28.18
2011-09-29,28.16
2011-09-30,28.02
2011-10-01,28.24
2011-10-02,27.78
2011-10-03,27.74
2011-10-04,27.97
2011-10-05,28.23
2011-10-06,28.86
2011-10-07,28.32
2011-10-08,28.69
2011-10-09,28.4
2011-10-10,28.18
2011-10-11,27.96
2011-10-12,26.51
2011-10-13,26.08
2011-10-14,26.36
2011-10-15,27.1
2011-10-16,27.65
2011-10-17,27.2
2011-10-18,25.78
2011-10-19,26.04
2011-10-20,24.87
2011-10-21,25.38
2011-10-22,26.22
2011-10-23,26.12
2011-10-24,25.6
2011-10-25,25.6
2011-10-26,25.54
2011-10-27,25.78
2011-10-28,24.97
2011-10-29,25.26
2011-10-30,24.42
2011-10-31,23.97
2011-11-01,23.38
2011-11-02,23.02
2011-11-03,23.29
2011-11-04,23.25
2011-11-05,23.68
2011-11-06,23.86
2011-11-07,23.2
2011-11-08,23.03
2011-11-09,23.69
2011-11-10,23.4
2011-11-11,23.44
2011-11-12,23.94
2011-11-13,24.76
2011-11-14,24.49
2011-11-15,23.48
2011-11-16,23.77
2011-11-17,22.89
2011-11-18,22.29
2011-11-19,22.41
2011-11-20,22.94
2011-11-21,23.33
2011-11-22,23.66
2011-11-23,23.3
2011-11-24,23.01
2011-11-25,22.85
2011-11-26,22.21
2011-11-27,21.23
2011-11-28,21.13
2011-11-29,20.89
2011-11-30,20.65
2011-12-01,22.79
2011-12-02,23.67
2011-12-03,23.5
2011-12-04,23.27
2011-12-05,22.56
2011-12-06,22.12
2011-12-07,22.32
2011-12-08,22.4
2011-12-09,21.75
2011-12-10,20.98
2011-12-11,20.54
2011-12-12,20.06
2011-12-13,18.23
2011-12-14,17.55
2011-12-15,17.14
2011-12-16,17.33
2011-12-17,16.91
2011-12-18,16.93
2011-12-19,16.84
2011-12-20,16.9
2011-12-21,16.96
2011-12-22,16.62
2011-12-23,16.2
2011-12-24,17.27
2011-12-25,18.46
2011-12-26,19.56
2011-12-27,20.71
2011-12-28,21.16
2011-12-29,20.95
2011-12-30,20.53
2011-12-31,19.57
2012-01-01,20.68
2012-01-02,21.32
2012-01-03,19.7
2012-01-04,19.17
2012-01-05,19.44
2012-01-06,19.87
2012-01-07,19.96
2012-01-08,20.66
2012-01-09,20.83
2012-01-10,20.73
2012-01-11,20.13
2012-01-12,17.36
2012-01-13,14.81
2012-01-14,14.73
2012-01-15,14.94
2012-01-16,16.11
2012-01-17,18.69
2012-01-18,19.96
2012-01-19,20.02
2012-01-20,19.3
2012-01-21,19.03
2012-01-22,15.95
2012-01-23,15.54
2012-01-24,15.72
2012-01-25,15.96
2012-01-26,17.62
2012-01-27,18.05
2012-01-28,17.84
2012-01-29,17.62
2012-01-30,18.4
2012-01-31,17.65
2012-02-01,17.7
2012-02-02,16.45
2012-02-03,17.2
2012-02-04,18.56
2012-02-05,19.76
2012-02-06,21.18
2012-02-07,21.71
2012-02-08,21.27
2012-02-09,21.93
2012-02-10,19.2
2012-02-11,17.72
2012-02-12,17.29
2012-02-13,19.39
2012-02-14,21.19
2012-02-15,22.97
2012-02-16,23.79
2012-02-17,23.53
2012-02-18,22.89
2012-02-19,21.46
2012-02-20,21.14
2012-02-21,21.96
2012-02-22,23.81
2012-02-23,25.1
2012-02-24,25.36
2012-02-25,25.48
2012-02-26,24.97
2012-02-27,22.96
2012-02-28,23.61
2012-02-29,23.31
2012-03-01,25.4
2012-03-02,24.58
2012-03-03,24.6
2012-03-04,24.74
2012-03-05,25.45
2012-03-06,26.26
2012-03-07,26.81
2012-03-08,26.6
2012-03-09,26.65
2012-03-10,26.74
2012-03-11,25.98
2012-03-12,25.32
2012-03-13,26.08
2012-03-14,25.38
2012-03-15,24.85
2012-03-16,24.94
2012-03-17,26.13
2012-03-18,25.56
2012-03-19,27.19
2012-03-20,28.82
2012-03-21,29.55
2012-03-22,28.82
2012-03-23,27.47
2012-03-24,27.31
2012-03-25,27.96
2012-03-26,28.8
2012-03-27,29.06
2012-03-28,29.81
2012-03-29,30.27
2012-03-30,30.71
2012-03-31,30.65
2012-04-01,31.32
2012-04-02,31.68
2012-04-03,32.16
2012-04-04,32.23
2012-04-05,30.48
2012-04-06,25.92
2012-04-07,26.32
2012-04-08,27.16
2012-04-09,27.18
2012-04-10,27.12
2012-04-11,26.96
2012-04-12,27.51
2012-04-13,26.9
2012-04-14,28.86
2012-04-15,29.16
2012-04-16,29.28
2012-04-17,29.8
2012-04-18,30.23
2012-04-19,29.58
2012-04-20,29.77
2012-04-21,28.85
2012-04-22,29.51
2012-04-23,30.84
2012-04-24,30.89
2012-04-25,30.5
2012-04-26,29.05
2012-04-27,30.69
2012-04-28,31.07
2012-04-29,31.43
2012-04-30,30.65
2012-05-01,28.85
2012-05-02,29.08
2012-05-03,29.11
2012-05-04,27.8
2012-05-05,28.06
2012-05-06,30.38
2012-05-07,30.84
2012-05-08,30.83
2012-05-09,30.27
2012-05-10,29.72
2012-05-11,30.42
2012-05-12,29.97
2012-05-13,29.78
2012-05-14,31.17
2012-05-15,31.13
2012-05-16,30.23
2012-05-17,31.04
2012-05-18,30.41
2012-05-19,29.86
2012-05-20,30.39
2012-05-21,29.55
2012-05-22,31.51
2012-05-23,31.29
2012-05-24,30.56
2012-05-25,30.75
2012-05-26,30.82
2012-05-27,30.22
2012-05-28,29.96
2012-05-29,31.21
2012-05-30,29.72
2012-05-31,29.27
2012-06-01,29.55
2012-06-02,29.63
2012-06-03,30.3
2012-06-04,30.57
2012-06-05,29.58
2012-06-06,29.16
2012-06-07,29.89
2012-06-08,30.87
2012-06-09,30.66
2012-06-10,29.96
2012-06-11,30.19
2012-06-12,30.53
2012-06-13,30.81
2012-06-14,30.45
2012-06-15,29.26
2012-06-16,28.34
2012-06-17,29.1
2012-06-18,29.64
2012-06-19,28.97
2012-06-20,28.8
2012-06-21,29.35
2012-06-22,28.33
2012-06-23,28.64
2012-06-24,28.79
2012-06-25,28.21
2012-06-26,28.46
2012-06-27,28.7
2012-06-28,29.17
2012-06-29,29.55
2012-06-30,30.01
2012-07-01,29.37
2012-07-02,28.82
2012-07-03,28.7
2012-07-04,28.26
2012-07-05,28.88
2012-07-06,29.26
2012-07-07,28.81
2012-07-08,29.05
2012-07-09,29.04
2012-07-10,29.02
2012-07-11,29.14
2012-07-12,29.67
2012-07-13,29.38
2012-07-14,28.29
2012-07-15,28.01
2012-07-16,28.44
2012-07-17,29.02
2012-07-18,28.48
2012-07-19,28.1
2012-07-20,28.35
2012-07-21,28.7
2012-07-22,28.81
2012-07-23,28.67
2012-07-24,28.19
2012-07-25,28.84
2012-07-26,28.5
2012-07-27,28.54
2012-07-28,27.75
2012-07-29,28.11
2012-07-30,28.41
2012-07-31,28.27
2012-08-01,28.69
2012-08-02,28.21
2012-08-03,28.09
2012-08-04,27.99
2012-08-05,28.5
2012-08-06,28.5
2012-08-07,27.72
2012-08-08,28.01
2012-08-09,28.29
2012-08-10,28.28
2012-08-11,28.06
2012-08-12,27.31
2012-08-13,27.16
2012-08-14,28.24
2012-08-15,28.72
2012-08-16,28.63
2012-08-17,28.77
2012-08-18,28.6
2012-08-19,28.46
2012-08-20,27.61
2012-08-21,28.3
2012-08-22,28.42
2012-08-23,27.95
2012-08-24,28.02
2012-08-25,28.2
2012-08-26,27.46
2012-08-27,27.99
2012-08-28,28.24
2012-08-29,28.62
2012-08-30,28.46
2012-08-31,28.72
2012-09-01,28.65
2012-09-02,27.89
2012-09-03,27.66
2012-09-04,26.88
2012-09-05,26.5
2012-09-06,26.83
2012-09-07,27.67
2012-09-08,28.38
2012-09-09,27.47
2012-09-10,27.53
2012-09-11,27.4
2012-09-12,27.67
2012-09-13,27.56
2012-09-14,27.38
2012-09-15,26.82
2012-09-16,27.09
2012-09-17,27.53
2012-09-18,27.73
2012-09-19,27.89
2012-09-20,28.17
2012-09-21,28.09
2012-09-22,28.12
2012-09-23,27.43
2012-09-24,27.93
2012-09-25,27.97
2012-09-26,28.23
2012-09-27,27.86
2012-09-28,28.32
2012-09-29,27.18
2012-09-30,26.97
2012-10-01,27.34
2012-10-02,27.48
2012-10-03,27.06
2012-10-04,26.56
2012-10-05,26.77
2012-10-06,27.15
2012-10-07,27.92
2012-10-08,27.68
2012-10-09,27.67
2012-10-10,26.91
2012-10-11,26.62
2012-10-12,26.14
2012-10-13,25.87
2012-10-14,24.58
2012-10-15,25.1
2012-10-16,24.89
2012-10-17,25.92
2012-10-18,25.81
2012-10-19,24.84
2012-10-20,24.12
2012-10-21,24.04
2012-10-22,24.02
2012-10-23,23.94
2012-10-24,22.43
2012-10-25,22.49
2012-10-26,21.89
2012-10-27,21.11
2012-10-28,22.39
2012-10-29,23.83
2012-10-30,24.39
2012-10-31,24.87
2012-11-01,24.35
2012-11-02,22.69
2012-11-03,21.59
2012-11-04,22.79
2012-11-05,24.69
2012-11-06,25.31
2012-11-07,23.21
2012-11-08,22.69
2012-11-09,21.57
2012-11-10,20.52
2012-11-11,21.22
2012-11-12,21.88
2012-11-13,22.4
2012-11-14,21.67
2012-11-15,21.27
2012-11-16,22.38
2012-11-17,23.49
2012-11-18,23.7
2012-11-19,23.14
2012-11-20,22.87
2012-11-21,22.03
2012-11-22,19.86
2012-11-23,18.17
2012-11-24,17.67
2012-11-25,17.7
2012-11-26,17.92
2012-11-27,17.43
2012-11-28,17.21
2012-11-29,17.18
2012-11-30,18.05
2012-12-01,18.69
2012-12-02,18.19
2012-12-03,17.6
2012-12-04,17.52
2012-12-05,17.68
2012-12-06,17.93
2012-12-07,17.56
2012-12-08,17.64
2012-12-09,18.2
2012-12-10,18.2
2012-12-11,19.85
2012-12-12,20.7
2012-12-13,19.48
2012-12-14,19.16
2012-12-15,18.77
2012-12-16,17.84
2012-12-17,17.57
2012-12-18,17.6
2012-12-19,17.76
2012-12-20,16.63
2012-12-21,15.42
2012-12-22,13.94
2012-12-23,15.23
2012-12-24,16.29
2012-12-25,15.14
2012-12-26,13.74
2012-12-27,13.54
2012-12-28,14.48
2012-12-29,15.26
2012-12-30,14.78
2012-12-31,14.63
2013-01-01,16.79
2013-01-02,17.78
2013-01-03,17.65
2013-01-04,17.9
2013-01-05,15.29
2013-01-06,14.64
2013-01-07,15.19
2013-01-08,12.16
2013-01-09,10.71
2013-01-10,11.91
2013-01-11,13.26
2013-01-12,14.45
2013-01-13,15.6
2013-01-14,17.42
2013-01-15,17.52
2013-01-16,17.86
2013-01-17,19.17
2013-01-18,19.96
2013-01-19,20.51
2013-01-20,19.78
2013-01-21,17.72
2013-01-22,16.15
2013-01-23,15.85
2013-01-24,15.08
2013-01-25,14.04
2013-01-26,14.1
2013-01-27,14.79
2013-01-28,17.04
2013-01-29,17.08
2013-01-30,16.77
2013-01-31,17.77
2013-02-01,16.04
2013-02-02,18.09
2013-02-03,19.34
2013-02-04,20.13
2013-02-05,22.32
2013-02-06,23.1
2013-02-07,23.6
2013-02-08,22.51
2013-02-09,19.98
2013-02-10,19.11
2013-02-11,19.53
2013-02-12,19.53
2013-02-13,21.06
2013-02-14,21.8
2013-02-15,21.59
2013-02-16,23.01
2013-02-17,21.99
2013-02-18,20.21
2013-02-19,19.51
2013-02-20,20.51
2013-02-21,21.54
2013-02-22,22.81
2013-02-23,24.14
2013-02-24,24.52
2013-02-25,24.81
2013-02-26,24.51
2013-02-27,23.89
2013-02-28,24.06
2013-03-01,23.53
2013-03-02,22.67
2013-03-03,23.65
2013-03-04,24.18
2013-03-05,25.77
2013-03-06,25.7
2013-03-07,25.91
2013-03-08,25.52
2013-03-09,25.35
2013-03-10,26.68
2013-03-11,26.66
2013-03-12,27.35
2013-03-13,27.71
2013-03-14,27.72
2013-03-15,28.67
2013-03-16,29.52
2013-03-17,27.9
2013-03-18,26.22
2013-03-19,26.74
2013-03-20,27.61
2013-03-21,28.51
2013-03-22,28.86
2013-03-23,28.22
2013-03-24,29.57
2013-03-25,29.75
2013-03-26,29.5
2013-03-27,29.57
2013-03-28,29.54
2013-03-29,29.83
2013-03-30,30.82
2013-03-31,31.6
2013-04-01,30.04
2013-04-02,30.19
2013-04-03,31.37
2013-04-04,32.14
2013-04-05,30.69
2013-04-06,29.45
2013-04-07,29.82
2013-04-08,30.79
2013-04-09,31.53
2013-04-10,32.08
2013-04-11,32.15
2013-04-12,32.56
2013-04-13,33.01
2013-04-14,32.5
2013-04-15,29.88
2013-04-16,28.1
2013-04-17,28.5
2013-04-18,29.75
2013-04-19,28.37
2013-04-20,27.81
2013-04-21,27.55
2013-04-22,27.9
2013-04-23,28.87
2013-04-24,29.95
2013-04-25,31.46
2013-04-26,32.37
2013-04-27,30.64
2013-04-28,30.65
2013-04-29,31.83
2013-04-30,32.23
2013-05-01,32.5
2013-05-02,32.71
2013-05-03,32.33
2013-05-04,30.26
2013-05-05,27.76
2013-05-06,28.19
2013-05-07,28.4
2013-05-08,29.76
2013-05-09,29.98
2013-05-10,29.6
2013-05-11,29.78
2013-05-12,29.28
2013-05-13,27.66
2013-05-14,28.29
2013-05-15,28.0
2013-05-16,26.31
2013-05-17,28.03
2013-05-18,28.61
2013-05-19,28.93
2013-05-20,28.41
2013-05-21,27.67
2013-05-22,28.33
2013-05-23,27.97
2013-05-24,28.41
2013-05-25,28.6
2013-05-26,28.06
2013-05-27,28.15
2013-05-28,27.99
2013-05-29,28.07
2013-05-30,27.34
2013-05-31,27.16
2013-06-01,28.37
2013-06-02,28.51
2013-06-03,29.04
2013-06-04,29.14
2013-06-05,28.76
2013-06-06,28.46
2013-06-07,27.54
2013-06-08,27.71
2013-06-09,28.23
2013-06-10,28.58
2013-06-11,28.35
2013-06-12,28.84
2013-06-13,28.68
2013-06-14,28.12
2013-06-15,28.74
2013-06-16,29.65
2013-06-17,29.73
2013-06-18,29.92
2013-06-19,28.99
2013-06-20,28.97
2013-06-21,28.53
2013-06-22,29.56
2013-06-23,29.02
2013-06-24,28.75
2013-06-25,28.36
2013-06-26,28.72
2013-06-27,28.47
2013-06-28,28.46
2013-06-29,28.26
2013-06-30,28.88
2013-07-01,28.84
2013-07-02,28.04
2013-07-03,28.65
2013-07-04,28.43
2013-07-05,28.7
2013-07-06,28.04
2013-07-07,28.84
2013-07-08,28.61
2013-07-09,28.44
2013-07-10,28.66
2013-07-11,28.0
2013-07-12,27.59
2013-07-13,27.72
2013-07-14,28.64
2013-07-15,28.4
2013-07-16,28.8
2013-07-17,28.58
2013-07-18,28.25
2013-07-19,28.74
2013-07-20,28.57
2013-07-21,28.82
2013-07-22,29.11
2013-07-23,28.89
2013-07-24,28.9
2013-07-25,28.93
2013-07-26,28.34
2013-07-27,27.65
2013-07-28,27.92
2013-07-29,28.43
2013-07-30,28.24
2013-07-31,27.78
2013-08-01,27.88
2013-08-02,27.71
2013-08-03,28.74
2013-08-04,28.38
2013-08-05,27.8
2013-08-06,27.67
2013-08-07,28.01
2013-08-08,28.08
2013-08-09,27.64
2013-08-10,28.0
2013-08-11,26.86
2013-08-12,27.89
2013-08-13,28.12
2013-08-14,27.97
2013-08-15,27.54
2013-08-16,27.32
2013-08-17,27.55
2013-08-18,27.23
2013-08-19,27.38
2013-08-20,27.26
2013-08-21,27.13
2013-08-22,27.79
2013-08-23,28.24
2013-08-24,28.39
2013-08-25,29.07
2013-08-26,28.07
2013-08-27,27.73
2013-08-28,27.51
2013-08-29,27.86
2013-08-30,28.26
2013-08-31,28.55
2013-09-01,28.58
2013-09-02,28.08
2013-09-03,27.82
2013-09-04,27.84
2013-09-05,28.25
2013-09-06,28.4
2013-09-07,27.25
2013-09-08,27.4
2013-09-09,26.86
2013-09-10,27.44
2013-09-11,27.32
2013-09-12,29.08
2013-09-13,29.28
2013-09-14,29.17
2013-09-15,27.25
2013-09-16,28.2
2013-09-17,28.09
2013-09-18,27.2
2013-09-19,27.75
2013-09-20,28.08
2013-09-21,27.98
2013-09-22,28.85
2013-09-23,28.86
2013-09-24,29.38
2013-09-25,27.74
2013-09-26,28.19
2013-09-27,28.2
2013-09-28,26.77
2013-09-29,26.17
2013-09-30,26.73
2013-10-01,27.19
2013-10-02,28.24
2013-10-03,26.45
2013-10-04,25.95
2013-10-05,26.31
2013-10-06,26.29
2013-10-07,26.22
2013-10-08,25.12
2013-10-09,24.84
2013-10-10,26.97
2013-10-11,27.55
2013-10-12,26.69
2013-10-13,26.78
2013-10-14,27.41
2013-10-15,27.23
2013-10-16,27.47
2013-10-17,28.02
2013-10-18,27.7
2013-10-19,27.54
2013-10-20,26.97
2013-10-21,27.18
2013-10-22,25.77
2013-10-23,25.5
2013-10-24,26.43
2013-10-25,24.79
2013-10-26,23.89
2013-10-27,25.0
2013-10-28,24.54
2013-10-29,25.03
2013-10-30,24.74
2013-10-31,24.39
2013-11-01,24.5
2013-11-02,24.61
2013-11-03,24.7
2013-11-04,23.16
2013-11-05,22.8
2013-11-06,23.56
2013-11-07,23.8
2013-11-08,23.5
2013-11-09,23.5
2013-11-10,23.36
2013-11-11,22.68
2013-11-12,21.45
2013-11-13,20.81
2013-11-14,21.59
2013-11-15,22.32
2013-11-16,22.06
2013-11-17,21.06
2013-11-18,21.93
2013-11-19,20.76
2013-11-20,20.36
2013-11-21,20.87
2013-11-22,21.13
2013-11-23,20.94
2013-11-24,20.26
2013-11-25,21.63
2013-11-26,22.59
2013-11-27,22.98
2013-11-28,23.1
2013-11-29,22.97
2013-11-30,22.34
2013-12-01,21.77
2013-12-02,21.65
2013-12-03,22.58
2013-12-04,22.31
2013-12-05,22.07
2013-12-06,21.88
2013-12-07,22.48
2013-12-08,22.24
2013-12-09,22.57
2013-12-10,22.43
2013-12-11,20.33
2013-12-12,18.75
2013-12-13,18.77
2013-12-14,19.0
2013-12-15,18.41
2013-12-16,18.08
2013-12-17,18.29
2013-12-18,18.84
2013-12-19,19.22
2013-12-20,19.0
2013-12-21,20.36
2013-12-22,19.86
2013-12-23,20.18
2013-12-24,19.99
2013-12-25,17.15
2013-12-26,15.87
2013-12-27,15.96
2013-12-28,17.01
2013-12-29,17.49
2013-12-30,16.5
2013-12-31,16.94
2014-01-01,17.53
2014-01-02,18.49
2014-01-03,16.37
2014-01-04,15.74
2014-01-05,16.21
2014-01-06,17.51
2014-01-07,17.06
2014-01-08,15.42
2014-01-09,14.85
2014-01-10,16.41
2014-01-11,18.5
2014-01-12,17.51
2014-01-13,18.66
2014-01-14,18.37
2014-01-15,18.18
2014-01-16,17.66
2014-01-17,18.6
2014-01-18,20.48
2014-01-19,20.4
2014-01-20,19.16
2014-01-21,18.88
2014-01-22,20.67
2014-01-23,21.23
2014-01-24,19.92
2014-01-25,20.35
2014-01-26,18.95
2014-01-27,17.67
2014-01-28,16.86
2014-01-29,18.8
2014-01-30,19.71
2014-01-31,19.47
2014-02-01,19.5
2014-02-02,18.57
2014-02-03,18.37
2014-02-04,18.56
2014-02-05,20.01
2014-02-06,21.37
2014-02-07,21.38
2014-02-08,22.79
2014-02-09,22.97
2014-02-10,22.23
2014-02-11,22.07
2014-02-12,21.41
2014-02-13,20.59
2014-02-14,20.8
2014-02-15,20.48
2014-02-16,18.82
2014-02-17,18.91
2014-02-18,17.81
2014-02-19,19.46
2014-02-20,20.4
2014-02-21,21.68
2014-02-22,22.0
2014-02-23,22.16
2014-02-24,23.15
2014-02-25,23.05
2014-02-26,23.13
2014-02-27,23.58
2014-02-28,24.06
2014-03-01,24.04
2014-03-02,24.11
2014-03-03,24.25
2014-03-04,23.06
2014-03-05,23.62
2014-03-06,23.11
2014-03-07,23.22
2014-03-08,23.7
2014-03-09,24.01
2014-03-10,24.01
2014-03-11,24.95
2014-03-12,26.04
2014-03-13,27.0
2014-03-14,27.39
2014-03-15,26.29
2014-03-16,26.44
2014-03-17,26.79
2014-03-18,27.97
2014-03-19,28.88
2014-03-20,28.25
2014-03-21,27.79
2014-03-22,27.96
2014-03-23,26.58
2014-03-24,27.72
2014-03-25,27.69
2014-03-26,28.79
2014-03-27,30.21
2014-03-28,30.47
2014-03-29,30.51
2014-03-30,31.42
2014-03-31,31.27
2014-04-01,30.85
2014-04-02,31.1
2014-04-03,30.05
2014-04-04,28.32
2014-04-05,29.14
2014-04-06,29.15
2014-04-07,30.0
2014-04-08,30.33
2014-04-09,31.01
2014-04-10,30.59
2014-04-11,30.36
2014-04-12,30.64
2014-04-13,31.45
2014-04-14,32.25
2014-04-15,32.12
2014-04-16,32.54
2014-04-17,32.88
2014-04-18,33.21
2014-04-19,33.26
2014-04-20,33.79
2014-04-21,33.8
2014-04-22,33.51
2014-04-23,33.29
2014-04-24,33.94
2014-04-25,34.51
2014-04-26,33.72
2014-04-27,33.63
2014-04-28,32.03
2014-04-29,32.46
2014-04-30,31.85
2014-05-01,30.85
2014-05-02,29.86
2014-05-03,30.62
2014-05-04,30.53
2014-05-05,29.89
2014-05-06,31.47
2014-05-07,30.97
2014-05-08,29.96
2014-05-09,32.18
2014-05-10,32.52
2014-05-11,31.14
2014-05-12,31.56
2014-05-13,32.24
2014-05-14,32.01
2014-05-15,32.4
2014-05-16,32.95
2014-05-17,32.7
2014-05-18,33.2
2014-05-19,34.28
2014-05-20,34.04
2014-05-21,33.57
2014-05-22,33.09
2014-05-23,33.41
2014-05-24,31.54
2014-05-25,28.37
2014-05-26,29.36
2014-05-27,29.33
2014-05-28,29.87
2014-05-29,30.25
2014-05-30,30.65
2014-05-31,29.04
2014-06-01,29.48
2014-06-02,29.11
2014-06-03,29.72
2014-06-04,30.63
2014-06-05,30.34
2014-06-06,30.79
2014-06-07,30.81
2014-06-08,30.63
2014-06-09,30.28
2014-06-10,30.23
2014-06-11,29.76
2014-06-12,30.36
2014-06-13,29.72
2014-06-14,30.16
2014-06-15,29.77
2014-06-16,29.72
2014-06-17,29.69
2014-06-18,28.64
2014-06-19,28.84
2014-06-20,28.4
2014-06-21,28.27
2014-06-22,28.63
2014-06-23,28.93
2014-06-24,28.36
2014-06-25,29.35
2014-06-26,28.3
2014-06-27,28.87
2014-06-28,29.07
2014-06-29,29.04
2014-06-30,29.18
2014-07-01,29.01
2014-07-02,28.64
2014-07-03,28.11
2014-07-04,27.87
2014-07-05,28.73
2014-07-06,29.06
2014-07-07,28.78
2014-07-08,28.98
2014-07-09,29.38
2014-07-10,29.13
2014-07-11,28.82
2014-07-12,29.39
2014-07-13,29.23
2014-07-14,28.99
2014-07-15,28.66
2014-07-16,28.21
2014-07-17,28.67
2014-07-18,28.85
2014-07-19,29.15
2014-07-20,29.02
2014-07-21,28.1
2014-07-22,27.98
2014-07-23,27.56
2014-07-24,27.96
2014-07-25,28.45
2014-07-26,28.54
2014-07-27,28.48
2014-07-28,28.62
2014-07-29,28.04
2014-07-30,28.94
2014-07-31,29.08
2014-08-01,28.86
2014-08-02,28.86
2014-08-03,27.88
2014-08-04,28.17
2014-08-05,28.69
2014-08-06,28.18
2014-08-07,28.59
2014-08-08,29.38
2014-08-09,28.61
2014-08-10,28.4
2014-08-11,28.5
2014-08-12,28.93
2014-08-13,28.81
2014-08-14,27.94
2014-08-15,28.05
2014-08-16,27.42
2014-08-17,27.91
2014-08-18,28.49
2014-08-19,28.49
2014-08-20,28.02
2014-08-21,28.36
2014-08-22,27.71
2014-08-23,27.91
2014-08-24,28.06
2014-08-25,27.83
2014-08-26,27.1
2014-08-27,27.67
2014-08-28,27.88
2014-08-29,27.98
2014-08-30,27.56
2014-08-31,26.92
2014-09-01,27.19
2014-09-02,27.77
2014-09-03,28.02
2014-09-04,27.15
2014-09-05,28.09
2014-09-06,28.1
2014-09-07,27.27
2014-09-08,27.49
2014-09-09,27.98
2014-09-10,27.94
2014-09-11,27.79
2014-09-12,27.99
2014-09-13,28.05
2014-09-14,28.28
2014-09-15,28.22
2014-09-16,28.66
2014-09-17,29.09
2014-09-18,28.35
2014-09-19,27.35
2014-09-20,27.23
2014-09-21,27.3
2014-09-22,27.56
2014-09-23,26.94
2014-09-24,27.4
2014-09-25,27.18
2014-09-26,27.13
2014-09-27,27.92
2014-09-28,27.77
2014-09-29,27.98
2014-09-30,28.72
2014-10-01,28.47
2014-10-02,28.89
2014-10-03,28.62
2014-10-04,28.26
2014-10-05,28.33
2014-10-06,29.01
2014-10-07,28.31
2014-10-08,28.66
2014-10-09,29.18
2014-10-10,28.19
2014-10-11,27.27
2014-10-12,25.96
2014-10-13,26.87
2014-10-14,27.02
2014-10-15,27.6
2014-10-16,26.44
2014-10-17,25.09
2014-10-18,24.72
2014-10-19,24.78
2014-10-20,24.47
2014-10-21,25.32
2014-10-22,25.4
2014-10-23,25.55
2014-10-24,25.73
2014-10-25,25.71
2014-10-26,24.23
2014-10-27,23.54
2014-10-28,23.26
2014-10-29,23.59
2014-10-30,23.58
2014-10-31,24.54
2014-11-01,24.98
2014-11-02,25.25
2014-11-03,24.92
2014-11-04,25.76
2014-11-05,25.1
2014-11-06,24.37
2014-11-07,25.85
2014-11-08,26.97
2014-11-09,26.62
2014-11-10,24.59
2014-11-11,23.97
2014-11-12,24.31
2014-11-13,24.09
2014-11-14,22.07
2014-11-15,21.89
2014-11-16,22.68
2014-11-17,22.78
2014-11-18,22.5
2014-11-19,22.35
2014-11-20,22.01
2014-11-21,21.43
2014-11-22,21.34
2014-11-23,21.05
2014-11-24,20.09
2014-11-25,19.68
2014-11-26,19.97
2014-11-27,20.78
2014-11-28,21.25
2014-11-29,20.98
2014-11-30,20.5
2014-12-01,21.08
2014-12-02,21.75
2014-12-03,22.02
2014-12-04,22.54
2014-12-05,22.95
2014-12-06,21.84
2014-12-07,19.84
2014-12-08,18.82
2014-12-09,19.62
2014-12-10,18.88
2014-12-11,17.76
2014-12-12,16.15
2014-12-13,17.65
2014-12-14,19.28
2014-12-15,20.53
2014-12-16,20.14
2014-12-17,18.75
2014-12-18,16.02
2014-12-19,17.53
2014-12-20,17.88
2014-12-21,19.25
2014-12-22,18.34
2014-12-23,18.58
2014-12-24,18.82
2014-12-25,17.89
2014-12-26,15.97
2014-12-27,15.36
2014-12-28,16.58
2014-12-29,17.77
2014-12-30,18.01
2014-12-31,19.49
2015-01-01,20.31
2015-01-02,23.36
2015-01-03,23.88
2015-01-04,21.56
2015-01-05,20.02
2015-01-06,18.09
2015-01-07,16.89
2015-01-08,17.29
2015-01-09,17.7
2015-01-10,17.18
2015-01-11,16.02
2015-01-12,16.99
2015-01-13,18.27
2015-01-14,19.6
2015-01-15,20.16
2015-01-16,20.82
2015-01-17,19.41
2015-01-18,17.15
2015-01-19,16.86
2015-01-20,17.11
2015-01-21,17.64
2015-01-22,19.12
2015-01-23,20.05
2015-01-24,20.09
2015-01-25,19.53
2015-01-26,19.24
2015-01-27,20.35
2015-01-28,21.53
2015-01-29,21.42
2015-01-30,19.7
2015-01-31,16.81
2015-02-01,16.73
2015-02-02,17.94
2015-02-03,20.59
2015-02-04,21.62
2015-02-05,22.14
2015-02-06,19.87
2015-02-07,19.11
2015-02-08,20.46
2015-02-09,21.23
2015-02-10,22.57
2015-02-11,20.72
2015-02-12,20.36
2015-02-13,21.46
2015-02-14,21.89
2015-02-15,21.76
2015-02-16,22.89
2015-02-17,24.06
2015-02-18,23.68
2015-02-19,22.74
2015-02-20,23.59
2015-02-21,24.5
2015-02-22,24.54
2015-02-23,25.03
2015-02-24,25.93
2015-02-25,25.89
2015-02-26,25.62
2015-02-27,26.07
2015-02-28,26.63
2015-03-01,27.27
2015-03-02,28.03
2015-03-03,25.9
2015-03-04,22.42
2015-03-05,23.68
2015-03-06,22.14
2015-03-07,22.64
2015-03-08,24.01
2015-03-09,25.36
2015-03-10,25.78
2015-03-11,24.95
2015-03-12,23.84
2015-03-13,24.88
2015-03-14,27.43
2015-03-15,28.28
2015-03-16,28.46
2015-03-17,28.44
2015-03-18,28.51
2015-03-19,28.28
2015-03-20,27.05
2015-03-21,27.14
2015-03-22,27.89
2015-03-23,29.51
2015-03-24,29.34
2015-03-25,29.76
2015-03-26,29.14
2015-03-27,29.77
2015-03-28,29.04
2015-03-29,29.63
2015-03-30,29.81
2015-03-31,27.87
2015-04-01,28.77
2015-04-02,27.5
2015-04-03,28.97
2015-04-04,29.56
2015-04-05,27.38
2015-04-06,27.0
2015-04-07,27.61
2015-04-08,27.64
2015-04-09,28.35
2015-04-10,29.01
2015-04-11,28.98
2015-04-12,28.29
2015-04-13,27.6
2015-04-14,28.44
2015-04-15,28.06
2015-04-16,27.79
2015-04-17,27.75
2015-04-18,28.23
2015-04-19,28.42
2015-04-20,29.08
2015-04-21,29.63
2015-04-22,28.73
2015-04-23,28.19
2015-04-24,26.72
2015-04-25,25.54
2015-04-26,25.67
2015-04-27,27.25
2015-04-28,27.25
2015-04-29,27.49
2015-04-30,27.87
2015-05-01,28.76
2015-05-02,28.35
2015-05-03,28.56
2015-05-04,29.39
2015-05-05,29.02
2015-05-06,29.52
2015-05-07,29.54
2015-05-08,27.49
2015-05-09,28.95
2015-05-10,29.01
2015-05-11,27.66
2015-05-12,28.87
2015-05-13,29.68
2015-05-14,30.42
2015-05-15,30.06
2015-05-16,27.99
2015-05-17,28.49
2015-05-18,28.82
2015-05-19,29.77
2015-05-20,30.41
2015-05-21,30.53
2015-05-22,31.0
2015-05-23,31.44
2015-05-24,29.38
2015-05-25,29.41
2015-05-26,28.88
2015-05-27,28.28
2015-05-28,29.17
2015-05-29,29.91
2015-05-30,29.58
2015-05-31,29.39
2015-06-01,29.27
2015-06-02,29.86
2015-06-03,29.62
2015-06-04,29.91
2015-06-05,30.78
2015-06-06,29.73
2015-06-07,29.54
2015-06-08,30.21
2015-06-09,30.34
2015-06-10,29.37
2015-06-11,28.51
2015-06-12,28.27
2015-06-13,27.86
2015-06-14,28.09
2015-06-15,27.88
2015-06-16,27.78
2015-06-17,28.13
2015-06-18,27.51
2015-06-19,29.15
2015-06-20,28.5
2015-06-21,28.69
2015-06-22,28.86
2015-06-23,28.28
2015-06-24,29.16
2015-06-25,29.22
2015-06-26,27.68
2015-06-27,27.32
2015-06-28,27.9
2015-06-29,27.92
2015-06-30,28.51
2015-07-01,28.59
2015-07-02,28.79
2015-07-03,29.41
2015-07-04,29.57
2015-07-05,28.43
2015-07-06,28.56
2015-07-07,28.87
2015-07-08,28.46
2015-07-09,27.8
2015-07-10,28.33
2015-07-11,28.06
2015-07-12,28.96
2015-07-13,29.46
2015-07-14,29.53
2015-07-15,28.55
2015-07-16,28.07
2015-07-17,27.15
2015-07-18,27.44
2015-07-19,27.51
2015-07-20,27.76
2015-07-21,27.77
2015-07-22,27.76
2015-07-23,27.85
2015-07-24,27.35
2015-07-25,26.98
2015-07-26,27.02
2015-07-27,26.23
2015-07-28,27.32
2015-07-29,28.57
2015-07-30,27.61
2015-07-31,26.67
2015-08-01,26.85
2015-08-02,26.79
2015-08-03,27.25
2015-08-04,28.01
2015-08-05,28.3
2015-08-06,28.64
2015-08-07,28.02
2015-08-08,28.9
2015-08-09,28.39
2015-08-10,28.28
2015-08-11,28.95
2015-08-12,28.46
2015-08-13,28.41
2015-08-14,28.63
2015-08-15,28.59
2015-08-16,28.39
2015-08-17,28.32
2015-08-18,28.31
2015-08-19,28.78
2015-08-20,28.45
2015-08-21,27.56
2015-08-22,28.26
2015-08-23,27.65
2015-08-24,28.51
2015-08-25,28.31
2015-08-26,28.05
2015-08-27,27.81
2015-08-28,27.67
2015-08-29,28.23
2015-08-30,28.27
2015-08-31,28.01
2015-09-01,27.4
2015-09-02,27.2
2015-09-03,27.17
2015-09-04,27.5
2015-09-05,27.66
2015-09-06,28.37
2015-09-07,27.68
2015-09-08,27.75
2015-09-09,29.33
2015-09-10,28.58
2015-09-11,28.2
2015-09-12,29.27
2015-09-13,28.16
2015-09-14,27.6
2015-09-15,28.12
2015-09-16,28.37
2015-09-17,29.91
2015-09-18,29.73
2015-09-19,27.21
2015-09-20,26.79
2015-09-21,27.47
2015-09-22,28.38
2015-09-23,27.59
2015-09-24,27.38
2015-09-25,28.13
2015-09-26,28.52
2015-09-27,28.19
2015-09-28,28.13
2015-09-29,28.42
2015-09-30,29.06
2015-10-01,29.11
2015-10-02,28.48
2015-10-03,28.29
2015-10-04,28.7
2015-10-05,28.01
2015-10-06,27.96
2015-10-07,27.54
2015-10-08,26.2
2015-10-09,27.5
2015-10-10,27.86
2015-10-11,27.15
2015-10-12,25.9
2015-10-13,25.46
2015-10-14,25.44
2015-10-15,25.95
2015-10-16,26.57
2015-10-17,26.91
2015-10-18,26.75
2015-10-19,26.96
2015-10-20,27.28
2015-10-21,27.45
2015-10-22,27.68
2015-10-23,26.86
2015-10-24,26.28
2015-10-25,25.19
2015-10-26,25.42
2015-10-27,25.18
2015-10-28,24.95
2015-10-29,25.79
2015-10-30,25.59
2015-10-31,24.42
2015-11-01,24.14
2015-11-02,24.34
2015-11-03,25.24
2015-11-04,25.59
2015-11-05,26.22
2015-11-06,25.89
2015-11-07,24.31
2015-11-08,23.24
2015-11-09,23.67
2015-11-10,24.46
2015-11-11,24.79
2015-11-12,23.94
2015-11-13,24.17
2015-11-14,24.27
2015-11-15,24.03
2015-11-16,23.9
2015-11-17,23.53
2015-11-18,23.65
2015-11-19,23.5
2015-11-20,24.08
2015-11-21,23.99
2015-11-22,23.99
2015-11-23,23.61
2015-11-24,23.57
2015-11-25,23.05
2015-11-26,22.55
2015-11-27,22.25
2015-11-28,22.1
2015-11-29,23.61
2015-11-30,23.63
2015-12-01,24.19
2015-12-02,23.08
2015-12-03,23.19
2015-12-04,22.8
2015-12-05,22.19
2015-12-06,22.49
2015-12-07,22.11
2015-12-08,22.48
2015-12-09,22.7
2015-12-10,21.46
2015-12-11,21.7
2015-12-12,21.4
2015-12-13,22.56
2015-12-14,20.95
2015-12-15,19.14
2015-12-16,17.52
2015-12-17,18.06
2015-12-18,16.22
2015-12-19,16.87
2015-12-20,17.19
2015-12-21,17.19
2015-12-22,17.71
2015-12-23,17.96
2015-12-24,18.12
2015-12-25,17.35
2015-12-26,16.16
2015-12-27,17.06
2015-12-28,18.42
2015-12-29,19.07
2015-12-30,20.14
2015-12-31,21.02
2016-01-01,20.39
2016-01-02,20.2
2016-01-03,19.61
2016-01-04,19.35
2016-01-05,19.36
2016-01-06,19.41
2016-01-07,19.92
2016-01-08,20.26
2016-01-09,20.14
2016-01-10,20.27
2016-01-11,18.59
2016-01-12,18.39
2016-01-13,18.87
2016-01-14,19.7
2016-01-15,19.79
2016-01-16,20.33
2016-01-17,19.51
2016-01-18,19.64
2016-01-19,20.07
2016-01-20,18.93
2016-01-21,18.16
2016-01-22,16.28
2016-01-23,15.6
2016-01-24,15.23
2016-01-25,15.64
2016-01-26,16.68
2016-01-27,17.26
2016-01-28,18.26
2016-01-29,19.42
2016-01-30,19.85
2016-01-31,20.66
2016-02-01,21.46
2016-02-02,21.84
2016-02-03,22.24
2016-02-04,20.16
2016-02-05,19.25
2016-02-06,20.06
2016-02-07,20.74
2016-02-08,20.8
2016-02-09,21.67
2016-02-10,22.55
2016-02-11,22.87
2016-02-12,23.62
2016-02-13,23.65
2016-02-14,24.03
2016-02-15,24.87
2016-02-16,26.15
2016-02-17,26.33
2016-02-18,26.48
2016-02-19,25.98
2016-02-20,26.34
2016-02-21,27.26
2016-02-22,27.13
2016-02-23,26.48
2016-02-24,25.44
2016-02-25,25.39
2016-02-26,25.49
2016-02-27,24.36
2016-02-28,26.67
2016-02-29,27.04
2016-03-01,27.02
2016-03-02,27.34
2016-03-03,27.08
2016-03-04,26.84
2016-03-05,27.56
2016-03-06,28.18
2016-03-07,27.3
2016-03-08,27.74
2016-03-09,28.56
2016-03-10,29.02
2016-03-11,29.42
2016-03-12,27.84
2016-03-13,27.87
2016-03-14,28.05
2016-03-15,27.38
2016-03-16,27.93
2016-03-17,27.63
2016-03-18,27.65
2016-03-19,27.54
2016-03-20,28.72
2016-03-21,29.57
2016-03-22,29.2
2016-03-23,29.31
2016-03-24,28.57
2016-03-25,29.66
2016-03-26,29.52
2016-03-27,30.31
2016-03-28,27.29
2016-03-29,27.83
2016-03-30,28.41
2016-03-31,25.85
2016-04-01,24.09
2016-04-02,26.84
2016-04-03,28.01
2016-04-04,27.78
2016-04-05,28.77
2016-04-06,29.66
2016-04-07,30.11
2016-04-08,30.48
2016-04-09,31.07
2016-04-10,31.32
2016-04-11,31.43
2016-04-12,31.76
2016-04-13,31.16
2016-04-14,30.72
2016-04-15,30.4
2016-04-16,30.74
2016-04-17,29.37
2016-04-18,29.68
2016-04-19,31.34
2016-04-20,30.32
2016-04-21,30.95
2016-04-22,31.13
2016-04-23,31.43
2016-04-24,32.25
2016-04-25,31.79
2016-04-26,31.58
2016-04-27,31.35
2016-04-28,31.24
2016-04-29,31.41
2016-04-30,31.62
2016-05-01,31.46
2016-05-02,29.05
2016-05-03,28.87
2016-05-04,28.45
2016-05-05,29.87
2016-05-06,29.64
2016-05-07,28.85
2016-05-08,29.6
2016-05-09,30.35
2016-05-10,30.15
2016-05-11,31.74
2016-05-12,31.59
2016-05-13,28.7
2016-05-14,29.36
2016-05-15,29.42
2016-05-16,30.19
2016-05-17,30.21
2016-05-18,29.8
2016-05-19,27.38
2016-05-20,26.76
2016-05-21,25.73
2016-05-22,28.49
2016-05-23,29.28
2016-05-24,29.7
2016-05-25,30.26
2016-05-26,29.45
2016-05-27,29.17
2016-05-28,28.64
2016-05-29,29.0
2016-05-30,29.83
2016-05-31,29.36
2016-06-01,29.25
2016-06-02,29.29
2016-06-03,29.59
2016-06-04,29.33
2016-06-05,29.28
2016-06-06,28.26
2016-06-07,27.79
2016-06-08,28.07
2016-06-09,27.46
2016-06-10,29.15
2016-06-11,30.13
2016-06-12,28.78
2016-06-13,27.94
2016-06-14,28.65
2016-06-15,28.44
2016-06-16,28.81
2016-06-17,28.28
2016-06-18,28.1
2016-06-19,28.31
2016-06-20,28.82
2016-06-21,28.95
2016-06-22,28.32
2016-06-23,28.47
2016-06-24,28.82
2016-06-25,29.25
2016-06-26,29.18
2016-06-27,29.19
2016-06-28,29.48
2016-06-29,29.53
2016-06-30,29.11
2016-07-01,29.02
2016-07-02,28.38
2016-07-03,28.38
2016-07-04,27.97
2016-07-05,28.19
2016-07-06,28.8
2016-07-07,29.1
2016-07-08,28.88
2016-07-09,28.24
2016-07-10,28.44
2016-07-11,28.57
2016-07-12,28.52
2016-07-13,29.03
2016-07-14,28.97
2016-07-15,28.2
2016-07-16,27.74
2016-07-17,28.02
2016-07-18,27.89
2016-07-19,28.25
2016-07-20,28.41
2016-07-21,28.55
2016-07-22,27.52
2016-07-23,27.78
2016-07-24,27.26
2016-07-25,27.08
2016-07-26,27.36
2016-07-27,28.22
2016-07-28,28.26
2016-07-29,28.44
2016-07-30,27.98
2016-07-31,27.57
2016-08-01,27.9
2016-08-02,27.66
2016-08-03,28.68
2016-08-04,28.56
2016-08-05,28.18
2016-08-06,27.53
2016-08-07,27.85
2016-08-08,28.26
2016-08-09,27.67
2016-08-10,26.87
2016-08-11,28.35
2016-08-12,28.72
2016-08-13,29.01
2016-08-14,28.37
2016-08-15,29.03
2016-08-16,28.91
2016-08-17,27.8
2016-08-18,28.18
2016-08-19,28.67
2016-08-20,29.46
2016-08-21,28.3
2016-08-22,27.66
2016-08-23,28.62
2016-08-24,28.92
2016-08-25,29.54
2016-08-26,28.28
2016-08-27,28.93
2016-08-28,28.16
2016-08-29,28.4
2016-08-30,28.47
2016-08-31,27.96
2016-09-01,27.6
2016-09-02,28.38
2016-09-03,28.62
2016-09-04,28.4
2016-09-05,28.26
2016-09-06,27.65
2016-09-07,28.25
2016-09-08,27.98
2016-09-09,28.24
2016-09-10,27.8
2016-09-11,27.63
2016-09-12,27.31
2016-09-13,26.17
2016-09-14,27.52
2016-09-15,28.02
2016-09-16,28.32
2016-09-17,28.15
2016-09-18,28.13
2016-09-19,28.07
2016-09-20,27.7
2016-09-21,28.46
2016-09-22,27.79
2016-09-23,27.86
2016-09-24,27.55
2016-09-25,27.55
2016-09-26,28.02
2016-09-27,28.78
2016-09-28,28.65
2016-09-29,28.48
2016-09-30,28.15
2016-10-01,28.69
2016-10-02,27.92
2016-10-03,28.68
2016-10-04,28.93
2016-10-05,28.46
2016-10-06,27.72
2016-10-07,28.15
2016-10-08,27.17
2016-10-09,27.2
2016-10-10,26.78
2016-10-11,26.73
2016-10-12,26.92
2016-10-13,27.47
2016-10-14,26.61
2016-10-15,25.52
2016-10-16,26.28
2016-10-17,26.82
2016-10-18,27.04
2016-10-19,26.65
2016-10-20,26.06
2016-10-21,25.35
2016-10-22,25.27
2016-10-23,24.71
2016-10-24,25.26
2016-10-25,26.46
2016-10-26,26.58
2016-10-27,26.81
2016-10-28,26.56
2016-10-29,26.31
2016-10-30,25.98
2016-10-31,27.24
2016-11-01,27.16
2016-11-02,27.47
2016-11-03,26.78
2016-11-04,25.79
2016-11-05,22.92
2016-11-06,23.05
2016-11-07,23.71
2016-11-08,23.32
2016-11-09,23.52
2016-11-10,23.05
2016-11-11,22.58
2016-11-12,23.69
2016-11-13,23.73
2016-11-14,22.3
2016-11-15,20.8
2016-11-16,20.74
2016-11-17,20.44
2016-11-18,20.78
2016-11-19,21.1
2016-11-20,21.71
2016-11-21,21.64
2016-11-22,21.67
2016-11-23,22.24
2016-11-24,22.28
2016-11-25,22.45
2016-11-26,23.03
2016-11-27,22.97
2016-11-28,22.08
2016-11-29,22.44
2016-11-30,22.8
2016-12-01,22.79
2016-12-02,23.05
2016-12-03,21.32
2016-12-04,21.23
2016-12-05,21.05
2016-12-06,22.04
2016-12-07,21.64
2016-12-08,21.11
2016-12-09,20.1
2016-12-10,19.24
2016-12-11,19.03
2016-12-12,18.54
2016-12-13,17.23
2016-12-14,17.29
2016-12-15,18.03
2016-12-16,18.83
2016-12-17,19.53
2016-12-18,20.1
2016-12-19,19.51
2016-12-20,18.99
2016-12-21,17.76
2016-12-22,19.02
2016-12-23,19.79
2016-12-24,21.14
2016-12-25,21.93
2016-12-26,21.5
2016-12-27,20.1
2016-12-28,19.03
2016-12-29,19.67
2016-12-30,19.59
2016-12-31,19.98
2017-01-01,20.34
2017-01-02,20.05
2017-01-03,19.44
2017-01-04,19.21
2017-01-05,18.28
2017-01-06,17.46
2017-01-07,17.55
2017-01-08,17.78
2017-01-09,18.54
2017-01-10,18.62
2017-01-11,17.86
2017-01-12,16.88
2017-01-13,14.82
2017-01-14,13.52
2017-01-15,14.36
2017-01-16,15.56
2017-01-17,16.79
2017-01-18,17.33
2017-01-19,17.86
2017-01-20,17.82
2017-01-21,17.73
2017-01-22,17.78
2017-01-23,17.94
2017-01-24,19.26
2017-01-25,20.92
2017-01-26,22.03
2017-01-27,22.0
2017-01-28,21.12
2017-01-29,18.97
2017-01-30,19.07
2017-01-31,20.18
2017-02-01,19.82
2017-02-02,18.77
2017-02-03,18.69
2017-02-04,20.15
2017-02-05,22.0
2017-02-06,21.68
2017-02-07,22.21
2017-02-08,21.35
2017-02-09,21.08
2017-02-10,21.97
2017-02-11,22.7
2017-02-12,22.13
2017-02-13,22.2
2017-02-14,23.37
2017-02-15,22.99
2017-02-16,22.63
2017-02-17,23.03
2017-02-18,23.84
2017-02-19,24.03
2017-02-20,24.23
2017-02-21,25.23
2017-02-22,25.97
2017-02-23,25.24
2017-02-24,23.41
2017-02-25,22.29
2017-02-26,23.03
2017-02-27,23.03
2017-02-28,23.6
2017-03-01,24.89
2017-03-02,25.1
2017-03-03,25.77
2017-03-04,25.62
2017-03-05,25.66
2017-03-06,24.89
2017-03-07,25.31
2017-03-08,25.29
2017-03-09,23.98
2017-03-10,25.35
2017-03-11,24.91
2017-03-12,23.57
2017-03-13,22.69
2017-03-14,23.02
2017-03-15,23.09
2017-03-16,23.53
2017-03-17,23.15
2017-03-18,23.46
2017-03-19,24.68
2017-03-20,21.2
2017-03-21,23.37
2017-03-22,24.64
2017-03-23,25.66
2017-03-24,26.79
2017-03-25,25.83
2017-03-26,26.02
2017-03-27,27.23
2017-03-28,27.19
2017-03-29,26.85
2017-03-30,27.83
2017-03-31,27.62
2017-04-01,27.43
2017-04-02,27.36
2017-04-03,27.17
2017-04-04,27.03
2017-04-05,26.48
2017-04-06,26.83
2017-04-07,27.92
2017-04-08,28.31
2017-04-09,28.74
2017-04-10,28.16
2017-04-11,27.77
2017-04-12,27.53
2017-04-13,27.96
2017-04-14,27.69
2017-04-15,27.06
2017-04-16,26.11
2017-04-17,26.83
2017-04-18,27.76
2017-04-19,27.51
2017-04-20,27.1
2017-04-21,26.14
2017-04-22,26.37
2017-04-23,27.11
2017-04-24,27.3
2017-04-25,28.04
2017-04-26,27.98
2017-04-27,27.17
2017-04-28,26.73
2017-04-29,27.4
2017-04-30,27.43
2017-05-01,26.67
2017-05-02,27.3
2017-05-03,27.79
2017-05-04,27.98
2017-05-05,27.92
2017-05-06,27.83
2017-05-07,27.32
2017-05-08,27.95
2017-05-09,27.02
2017-05-10,26.98
2017-05-11,28.36
2017-05-12,29.29
2017-05-13,29.02
2017-05-14,28.74
2017-05-15,28.68
2017-05-16,28.23
2017-05-17,28.71
2017-05-18,28.98
2017-05-19,29.16
2017-05-20,29.14
2017-05-21,29.03
2017-05-22,29.02
2017-05-23,29.4
2017-05-24,29.38
2017-05-25,29.49
2017-05-26,29.95
2017-05-27,29.9
2017-05-28,29.64
2017-05-29,29.25
2017-05-30,27.21
2017-05-31,27.8
2017-06-01,28.43
2017-06-02,28.62
2017-06-03,29.05
2017-06-04,29.04
2017-06-05,28.44
2017-06-06,28.9
2017-06-07,29.26
2017-06-08,29.36
2017-06-09,28.49
2017-06-10,28.46
2017-06-11,27.76
2017-06-12,27.36
2017-06-13,28.32
2017-06-14,28.37
2017-06-15,27.63
2017-06-16,27.54
2017-06-17,28.3
2017-06-18,28.52
2017-06-19,28.01
2017-06-20,27.49
2017-06-21,27.84
2017-06-22,28.23
2017-06-23,28.38
2017-06-24,28.59
2017-06-25,28.4
2017-06-26,28.63
2017-06-27,27.65
2017-06-28,28.44
2017-06-29,28.34
2017-06-30,28.1
2017-07-01,28.21
2017-07-02,28.93
2017-07-03,28.34
2017-07-04,28.12
2017-07-05,28.57
2017-07-06,28.76
2017-07-07,28.55
2017-07-08,27.98
2017-07-09,28.25
2017-07-10,28.11
2017-07-11,27.64
2017-07-12,27.57
2017-07-13,27.4
2017-07-14,27.73
2017-07-15,28.46
2017-07-16,27.78
2017-07-17,29.39
2017-07-18,29.06
2017-07-19,27.69
2017-07-20,27.46
2017-07-21,28.41
2017-07-22,28.18
2017-07-23,27.72
2017-07-24,27.04
2017-07-25,26.96
2017-07-26,27.53
2017-07-27,27.96
2017-07-28,28.76
2017-07-29,28.2
2017-07-30,28.59
2017-07-31,29.14
2017-08-01,28.46
2017-08-02,28.67
2017-08-03,29.26
2017-08-04,29.25
2017-08-05,28.88
2017-08-06,28.55
2017-08-07,28.48
2017-08-08,28.58
2017-08-09,28.26
2017-08-10,28.32
2017-08-11,27.98
2017-08-12,27.82
2017-08-13,27.36
2017-08-14,28.22
2017-08-15,28.47
2017-08-16,28.1
2017-08-17,28.34
2017-08-18,28.09
2017-08-19,28.15
2017-08-20,28.13
2017-08-21,29.11
2017-08-22,28.46
2017-08-23,28.35
2017-08-24,27.83
2017-08-25,28.35
2017-08-26,27.81
2017-08-27,28.18
2017-08-28,27.61
2017-08-29,27.91
2017-08-30,28.16
2017-08-31,28.01
2017-09-01,27.71
2017-09-02,27.97
2017-09-03,28.05
2017-09-04,27.85
2017-09-05,27.87
2017-09-06,28.26
2017-09-07,27.84
2017-09-08,27.95
2017-09-09,27.36
2017-09-10,27.24
2017-09-11,27.6
2017-09-12,27.52
2017-09-13,28.0
2017-09-14,28.16
2017-09-15,28.88
2017-09-16,29.79
2017-09-17,29.03
2017-09-18,27.23
2017-09-19,27.66
2017-09-20,27.97
2017-09-21,28.18
2017-09-22,28.09
2017-09-23,28.78
2017-09-24,29.47
2017-09-25,29.24
2017-09-26,29.28
2017-09-27,28.34
2017-09-28,27.91
2017-09-29,27.02
2017-09-30,27.33
2017-10-01,27.26
2017-10-02,27.42
2017-10-03,27.76
2017-10-04,28.11
2017-10-05,28.62
2017-10-06,28.39
2017-10-07,26.89
2017-10-08,26.32
2017-10-09,26.56
2017-10-10,27.62
2017-10-11,28.1
2017-10-12,28.11
2017-10-13,27.6
2017-10-14,27.61
2017-10-15,28.56
2017-10-16,27.88
2017-10-17,27.73
2017-10-18,27.59
2017-10-19,26.39
2017-10-20,25.91
2017-10-21,25.87
2017-10-22,24.75
2017-10-23,25.34
2017-10-24,25.32
2017-10-25,25.9
2017-10-26,24.6
2017-10-27,23.79
2017-10-28,24.1
2017-10-29,23.72
2017-10-30,22.99
2017-10-31,22.76
2017-11-01,22.96
2017-11-02,23.75
2017-11-03,23.94
2017-11-04,24.54
2017-11-05,24.34
2017-11-06,24.35
2017-11-07,24.46
2017-11-08,24.26
2017-11-09,24.3
2017-11-10,23.17
2017-11-11,23.31
2017-11-12,22.89
2017-11-13,23.15
2017-11-14,23.24
2017-11-15,22.52
2017-11-16,22.01
2017-11-17,23.95
2017-11-18,24.93
2017-11-19,24.3
2017-11-20,23.31
2017-11-21,21.91
2017-11-22,19.74
2017-11-23,18.6
2017-11-24,18.44
2017-11-25,18.71
2017-11-26,19.02
2017-11-27,19.66
2017-11-28,19.78
2017-11-29,19.59
2017-11-30,19.46
2017-12-01,19.92
2017-12-02,20.76
2017-12-03,20.18
2017-12-04,20.11
2017-12-05,20.56
2017-12-06,20.05
2017-12-07,20.91
2017-12-08,19.53
2017-12-09,20.28
2017-12-10,22.75
2017-12-11,22.83
2017-12-12,22.31
2017-12-13,22.34
2017-12-14,21.07
2017-12-15,19.46
2017-12-16,18.46
2017-12-17,18.51
2017-12-18,18.89
2017-12-19,19.04
2017-12-20,20.25
2017-12-21,20.37
2017-12-22,20.11
2017-12-23,19.72
2017-12-24,18.82
2017-12-25,19.26
2017-12-26,19.44
2017-12-27,18.25
2017-12-28,18.71
2017-12-29,19.45
2017-12-30,19.74
2017-12-31,19.46
2018-01-01,19.39
2018-01-02,18.29
2018-01-03,16.17
2018-01-04,13.9
2018-01-05,14.41
2018-01-06,13.68
2018-01-07,12.56
2018-01-08,12.49
2018-01-09,12.84
2018-01-10,12.98
2018-01-11,12.84
2018-01-12,14.02
2018-01-13,15.13
2018-01-14,14.98
2018-01-15,14.98
2018-01-16,15.66
2018-01-17,16.1
2018-01-18,16.59
2018-01-19,15.95
2018-01-20,15.7
2018-01-21,15.91
2018-01-22,15.92
2018-01-23,16.55
2018-01-24,17.28
2018-01-25,17.98
2018-01-26,16.41
2018-01-27,15.65
2018-01-28,15.0
2018-01-29,15.44
2018-01-30,16.39
2018-01-31,15.95
2018-02-01,18.07
2018-02-02,19.51
2018-02-03,19.57
2018-02-04,19.75
2018-02-05,20.26
2018-02-06,20.32
2018-02-07,19.99
2018-02-08,20.2
2018-02-09,20.48
2018-02-10,20.54
2018-02-11,19.52
2018-02-12,19.58
2018-02-13,20.34
2018-02-14,20.61
2018-02-15,20.72
2018-02-16,19.12
2018-02-17,20.17
2018-02-18,22.19
2018-02-19,22.55
2018-02-20,22.61
2018-02-21,22.96
2018-02-22,23.03
2018-02-23,24.22
2018-02-24,24.57
2018-02-25,24.53
2018-02-26,23.91
2018-02-27,23.93
2018-02-28,24.02
2018-03-01,24.53
2018-03-02,25.16
2018-03-03,25.25
2018-03-04,25.84
2018-03-05,26.27
2018-03-06,26.13
2018-03-07,25.29
2018-03-08,23.76
2018-03-09,24.45
2018-03-10,25.43
2018-03-11,25.38
2018-03-12,25.6
2018-03-13,26.01
2018-03-14,25.78
2018-03-15,26.52
2018-03-16,26.55
2018-03-17,27.38
2018-03-18,27.45
2018-03-19,27.17
2018-03-20,27.1
2018-03-21,27.15
2018-03-22,27.3
2018-03-23,27.52
2018-03-24,28.0
2018-03-25,29.23
2018-03-26,28.95
2018-03-27,27.59
2018-03-28,28.17
2018-03-29,28.25
2018-03-30,28.03
2018-03-31,25.51
2018-04-01,26.43
2018-04-02,25.54
2018-04-03,27.77
2018-04-04,28.67
2018-04-05,27.42
2018-04-06,26.08
2018-04-07,26.57
2018-04-08,26.1
2018-04-09,26.87
2018-04-10,27.49
2018-04-11,27.53
2018-04-12,28.06
2018-04-13,27.74
2018-04-14,28.47
2018-04-15,28.83
2018-04-16,29.92
2018-04-17,28.4
2018-04-18,27.73
2018-04-19,27.61
2018-04-20,28.07
2018-04-21,28.13
2018-04-22,28.13
2018-04-23,28.27
2018-04-24,28.74
2018-04-25,27.66
2018-04-26,27.11
2018-04-27,25.46
2018-04-28,26.66
2018-04-29,26.27
2018-04-30,25.92
2018-05-01,26.58
2018-05-02,26.76
2018-05-03,26.6
2018-05-04,26.68
2018-05-05,27.29
2018-05-06,28.03
2018-05-07,28.02
2018-05-08,28.63
2018-05-09,28.35
2018-05-10,27.58
2018-05-11,27.25
2018-05-12,27.25
2018-05-13,27.41
2018-05-14,26.92
2018-05-15,27.1
2018-05-16,26.07
2018-05-17,26.7
2018-05-18,27.49
2018-05-19,27.7
2018-05-20,28.16
2018-05-21,28.03
2018-05-22,28.09
2018-05-23,27.64
2018-05-24,27.46
2018-05-25,27.86
2018-05-26,28.21
2018-05-27,28.28
2018-05-28,28.6
2018-05-29,29.24
2018-05-30,29.12
2018-05-31,28.31
2018-06-01,27.18
2018-06-02,27.36
2018-06-03,28.49
2018-06-04,28.29
2018-06-05,27.76
2018-06-06,28.69
2018-06-07,28.61
2018-06-08,28.83
2018-06-09,28.79
2018-06-10,28.34
2018-06-11,28.83
2018-06-12,28.43
2018-06-13,28.4
2018-06-14,29.06
2018-06-15,28.69
2018-06-16,28.24
2018-06-17,29.2
2018-06-18,29.22
2018-06-19,28.99
2018-06-20,28.47
2018-06-21,28.58
2018-06-22,28.47
2018-06-23,28.23
2018-06-24,27.93
2018-06-25,28.6
2018-06-26,28.43
2018-06-27,28.1
2018-06-28,27.9
2018-06-29,28.21
2018-06-30,28.33
2018-07-01,28.12
2018-07-02,28.6
2018-07-03,27.7
2018-07-04,27.95
2018-07-05,28.88
2018-07-06,29.12
2018-07-07,29.23
2018-07-08,28.73
2018-07-09,28.79
2018-07-10,28.32
2018-07-11,28.89
2018-07-12,28.48
2018-07-13,28.95
2018-07-14,29.07
2018-07-15,29.24
2018-07-16,28.86
2018-07-17,28.91
2018-07-18,29.56
2018-07-19,30.87
2018-07-20,29.96
2018-07-21,28.44
2018-07-22,28.1
2018-07-23,28.2
2018-07-24,27.95
2018-07-25,28.39
2018-07-26,27.94
2018-07-27,28.33
2018-07-28,28.14
2018-07-29,28.19
2018-07-30,28.08
2018-07-31,27.45
2018-08-01,28.22
2018-08-02,27.64
2018-08-03,28.02
2018-08-04,28.52
2018-08-05,28.79
2018-08-06,28.43
2018-08-07,28.11
2018-08-08,27.72
2018-08-09,28.51
2018-08-10,28.95
2018-08-11,28.54
2018-08-12,28.31
2018-08-13,28.8
2018-08-14,28.53
2018-08-15,28.34
2018-08-16,28.86
2018-08-17,28.22
2018-08-18,28.82
2018-08-19,29.14
2018-08-20,28.87
2018-08-21,28.52
2018-08-22,28.83
2018-08-23,28.69
2018-08-24,28.26
2018-08-25,28.56
2018-08-26,28.47
2018-08-27,27.9
2018-08-28,28.1
2018-08-29,28.32
2018-08-30,28.45
2018-08-31,28.62
2018-09-01,27.98
2018-09-02,28.08
2018-09-03,28.38
2018-09-04,28.83
2018-09-05,28.2
2018-09-06,27.46
2018-09-07,27.78
2018-09-08,28.18
2018-09-09,27.42
2018-09-10,27.96
2018-09-11,28.09
2018-09-12,27.55
2018-09-13,27.94
2018-09-14,27.73
2018-09-15,28.55
2018-09-16,28.33
2018-09-17,28.96
2018-09-18,28.77
2018-09-19,28.67
2018-09-20,28.01
2018-09-21,27.63
2018-09-22,28.25
2018-09-23,28.32
2018-09-24,28.06
2018-09-25,27.83
2018-09-26,27.87
2018-09-27,27.96
2018-09-28,29.33
2018-09-29,29.54
2018-09-30,29.38
2018-10-01,28.85
2018-10-02,28.36
2018-10-03,28.19
2018-10-04,28.48
2018-10-05,27.9
2018-10-06,27.94
2018-10-07,27.53
2018-10-08,27.55
2018-10-09,26.99
2018-10-10,25.42
2018-10-11,23.89
2018-10-12,24.92
2018-10-13,24.36
2018-10-14,25.35
2018-10-15,25.96
2018-10-16,25.08
2018-10-17,25.24
2018-10-18,25.61
2018-10-19,25.84
2018-10-20,25.75
2018-10-21,25.42
2018-10-22,25.21
2018-10-23,25.13
2018-10-24,24.47
2018-10-25,23.7
2018-10-26,23.78
2018-10-27,24.62
2018-10-28,24.15
2018-10-29,23.44
2018-10-30,22.74
2018-10-31,23.66
2018-11-01,25.78
2018-11-02,26.37
2018-11-03,25.75
2018-11-04,24.73
2018-11-05,25.03
2018-11-06,24.86
2018-11-07,23.57
2018-11-08,22.25
2018-11-09,22.56
2018-11-10,22.73
2018-11-11,22.44
2018-11-12,23.08
2018-11-13,23.0
2018-11-14,23.54
2018-11-15,23.38
2018-11-16,23.65
2018-11-17,22.93
2018-11-18,21.54
2018-11-19,20.55
2018-11-20,21.12
2018-11-21,20.87
2018-11-22,21.96
2018-11-23,22.49
2018-11-24,22.04
2018-11-25,21.81
2018-11-26,21.56
2018-11-27,22.27
2018-11-28,21.67
2018-11-29,22.05
2018-11-30,21.01
2018-12-01,20.56
2018-12-02,21.26
2018-12-03,20.96
2018-12-04,20.82
2018-12-05,20.74
2018-12-06,20.93
2018-12-07,19.67
2018-12-08,18.71
2018-12-09,19.5
2018-12-10,20.5
2018-12-11,20.63
2018-12-12,20.58
2018-12-13,20.23
2018-12-14,20.39
2018-12-15,19.77
2018-12-16,20.9
2018-12-17,20.45
2018-12-18,19.5
2018-12-19,18.22
2018-12-20,17.32
2018-12-21,17.94
2018-12-22,17.94
2018-12-23,18.48
2018-12-24,19.03
2018-12-25,17.84
2018-12-26,16.17
2018-12-27,15.62
2018-12-28,14.93
2018-12-29,13.71
2018-12-30,15.99
2018-12-31,18.04
2019-01-01,18.65
2019-01-02,18.65
2019-01-03,17.98
2019-01-04,16.22
2019-01-05,17.57
2019-01-06,18.9
2019-01-07,19.66
2019-01-08,19.19
2019-01-09,18.6
2019-01-10,17.64
2019-01-11,17.6
2019-01-12,18.32
2019-01-13,19.05
2019-01-14,18.55
2019-01-15,17.35
2019-01-16,17.76
2019-01-17,18.52
2019-01-18,18.84
2019-01-19,18.07
2019-01-20,18.1
2019-01-21,19.99
2019-01-22,20.95
2019-01-23,20.69
2019-01-24,20.71
2019-01-25,21.29
2019-01-26,21.75
2019-01-27,21.58
2019-01-28,21.42
2019-01-29,19.23
2019-01-30,16.6
2019-01-31,19.02
2019-02-01,20.61
2019-02-02,20.95
2019-02-03,20.69
2019-02-04,20.15
2019-02-05,20.06
2019-02-06,20.6
2019-02-07,20.82
2019-02-08,22.36
2019-02-09,22.13
2019-02-10,19.44
2019-02-11,18.59
2019-02-12,20.16
2019-02-13,21.69
2019-02-14,23.15
2019-02-15,23.92
2019-02-16,22.89
2019-02-17,20.47
2019-02-18,20.49
2019-02-19,22.02
2019-02-20,23.28
2019-02-21,23.24
2019-02-22,24.12
2019-02-23,25.4
2019-02-24,25.42
2019-02-25,23.72
2019-02-26,21.99
2019-02-27,22.18
2019-02-28,22.27
2019-03-01,19.71
2019-03-02,19.43
2019-03-03,20.95
2019-03-04,20.89
2019-03-05,22.16
2019-03-06,24.29
2019-03-07,24.85
2019-03-08,23.26
2019-03-09,22.73
2019-03-10,23.6
2019-03-11,25.33
2019-03-12,26.25
2019-03-13,26.97
2019-03-14,27.77
2019-03-15,27.66
2019-03-16,27.99
2019-03-17,28.5
2019-03-18,25.88
2019-03-19,25.43
2019-03-20,26.13
2019-03-21,26.54
2019-03-22,27.54
2019-03-23,27.55
2019-03-24,27.15
2019-03-25,27.16
2019-03-26,27.95
2019-03-27,26.67
2019-03-28,27.92
2019-03-29,28.15
2019-03-30,28.57
2019-03-31,28.83
2019-04-01,26.9
2019-04-02,27.24
2019-04-03,27.1
2019-04-04,27.75
2019-04-05,28.1
2019-04-06,26.89
2019-04-07,27.23
2019-04-08,27.5
2019-04-09,27.12
2019-04-10,27.11
2019-04-11,28.2
2019-04-12,28.5
2019-04-13,29.57
2019-04-14,29.8
2019-04-15,30.14
2019-04-16,30.2
2019-04-17,30.73
2019-04-18,30.46
2019-04-19,30.85
2019-04-20,30.04
2019-04-21,30.22
2019-04-22,29.17
2019-04-23,29.7
2019-04-24,31.06
2019-04-25,32.11
2019-04-26,31.99
2019-04-27,31.82
2019-04-28,32.1
2019-04-29,32.13
2019-04-30,31.53
2019-05-01,31.38
2019-05-02,30.89
2019-05-03,29.3
2019-05-04,27.36
2019-05-05,28.89
2019-05-06,30.49
2019-05-07,30.88
2019-05-08,31.26
2019-05-09,30.89
2019-05-10,31.42
2019-05-11,30.96
2019-05-12,30.4
2019-05-13,30.48
2019-05-14,29.7
2019-05-15,30.5
2019-05-16,30.83
2019-05-17,30.16
2019-05-18,30.11
2019-05-19,29.65
2019-05-20,30.16
2019-05-21,30.25
2019-05-22,29.99
2019-05-23,28.73
2019-05-24,28.86
2019-05-25,28.21
2019-05-26,28.74
2019-05-27,29.2
2019-05-28,29.25
2019-05-29,29.7
2019-05-30,29.37
2019-05-31,29.57
2019-06-01,28.94
2019-06-02,28.79
2019-06-03,28.11
2019-06-04,28.36
2019-06-05,27.35
2019-06-06,27.13
2019-06-07,27.29
2019-06-08,27.69
2019-06-09,28.52
2019-06-10,29.2
2019-06-11,29.23
2019-06-12,30.4
2019-06-13,30.45
2019-06-14,29.27
2019-06-15,29.09
2019-06-16,28.89
2019-06-17,29.08
2019-06-18,29.45
2019-06-19,30.23
2019-06-20,27.88
2019-06-21,28.95
2019-06-22,29.03
2019-06-23,29.72
2019-06-24,29.68
2019-06-25,29.81
2019-06-26,29.42
2019-06-27,28.94
2019-06-28,28.83
2019-06-29,29.17
2019-06-30,29.43
2019-07-01,29.22
2019-07-02,29.28
2019-07-03,29.09
2019-07-04,29.57
2019-07-05,28.89
2019-07-06,28.66
2019-07-07,28.77
2019-07-08,28.74
2019-07-09,28.31
2019-07-10,28.42
2019-07-11,27.91
2019-07-12,27.92
2019-07-13,28.14
2019-07-14,27.82
2019-07-15,28.38
2019-07-16,28.61
2019-07-17,29.77
2019-07-18,28.86
2019-07-19,28.3
2019-07-20,29.1
2019-07-21,29.13
2019-07-22,28.28
2019-07-23,27.76
2019-07-24,28.35
2019-07-25,29.08
2019-07-26,27.9
2019-07-27,28.25
2019-07-28,28.23
2019-07-29,27.75
2019-07-30,27.59
2019-07-31,28.19
2019-08-01,28.39
2019-08-02,28.01
2019-08-03,27.69
2019-08-04,29.28
2019-08-05,30.06
2019-08-06,29.17
2019-08-07,28.04
2019-08-08,27.8
2019-08-09,28.75
2019-08-10,29.56
2019-08-11,29.86
2019-08-12,28.53
2019-08-13,27.51
2019-08-14,27.72
2019-08-15,28.35
2019-08-16,28.29
2019-08-17,28.55
2019-08-18,27.67
2019-08-19,28.59
2019-08-20,28.87
2019-08-21,29.46
2019-08-22,28.87
2019-08-23,28.15
2019-08-24,27.56
2019-08-25,28.38
2019-08-26,28.56
2019-08-27,28.61
2019-08-28,28.13
2019-08-29,28.94
2019-08-30,29.23
2019-08-31,29.19
2019-09-01,29.45
2019-09-02,28.72
2019-09-03,28.74
2019-09-04,28.14
2019-09-05,28.38
2019-09-06,28.34
2019-09-07,27.85
2019-09-08,28.53
2019-09-09,28.97
2019-09-10,28.79
2019-09-11,28.69
2019-09-12,27.82
2019-09-13,27.74
2019-09-14,27.85
2019-09-15,28.61
2019-09-16,28.17
2019-09-17,28.81
2019-09-18,29.54
2019-09-19,29.88
2019-09-20,28.85
2019-09-21,29.48
2019-09-22,29.05
2019-09-23,27.83
2019-09-24,26.46
2019-09-25,25.93
2019-09-26,26.33
2019-09-27,26.44
2019-09-28,25.94
2019-09-29,25.54
2019-09-30,26.05
2019-10-01,26.13
2019-10-02,27.13
2019-10-03,27.58
2019-10-04,27.29
2019-10-05,27.36
2019-10-06,27.51
2019-10-07,27.17
2019-10-08,26.73
2019-10-09,25.86
2019-10-10,25.7
2019-10-11,26.52
2019-10-12,26.72
2019-10-13,25.42
2019-10-14,25.65
2019-10-15,26.78
2019-10-16,27.22
2019-10-17,27.47
2019-10-18,27.52
2019-10-19,26.56
2019-10-20,25.91
2019-10-21,25.84
2019-10-22,25.91
2019-10-23,24.9
2019-10-24,21.57
2019-10-25,23.23
2019-10-26,25.6
2019-10-27,25.3
2019-10-28,23.52
2019-10-29,23.7
2019-10-30,25.06
2019-10-31,24.96
2019-11-01,25.1
2019-11-02,25.37
2019-11-03,25.59
2019-11-04,25.65
2019-11-05,25.21
2019-11-06,24.33
2019-11-07,24.37
2019-11-08,23.81
2019-11-09,23.22
2019-11-10,23.04
2019-11-11,23.72
2019-11-12,23.32
2019-11-13,23.25
2019-11-14,24.35
2019-11-15,24.41
2019-11-16,24.17
2019-11-17,23.76
2019-11-18,23.14
2019-11-19,23.15
2019-11-20,21.59
2019-11-21,21.88
2019-11-22,21.85
2019-11-23,22.37
2019-11-24,22.37
2019-11-25,22.24
2019-11-26,22.65
2019-11-27,22.11
2019-11-28,22.97
2019-11-29,22.88
2019-11-30,22.17
2019-12-01,20.61
2019-12-02,19.36
2019-12-03,19.13
2019-12-04,19.45
2019-12-05,20.56
2019-12-06,20.36
2019-12-07,20.48
2019-12-08,21.4
2019-12-09,20.99
2019-12-10,19.93
2019-12-11,19.6
2019-12-12,19.24
2019-12-13,19.17
2019-12-14,19.49
2019-12-15,19.52
2019-12-16,18.89
2019-12-17,18.09
2019-12-18,16.33
2019-12-19,14.72
2019-12-20,14.91
2019-12-21,14.53
2019-12-22,14.49
2019-12-23,15.37
2019-12-24,15.28
2019-12-25,15.0
2019-12-26,16.64
2019-12-27,14.47
2019-12-28,14.22
2019-12-29,15.52
2019-12-30,16.78
2019-12-31,18.88
2020-01-01,20.15
2020-01-02,20.13
2020-01-03,17.56
2020-01-04,18.43
2020-01-05,16.85
2020-01-06,14.53
2020-01-07,14.4
2020-01-08,15.54
2020-01-09,15.94
2020-01-10,16.57
2020-01-11,14.95
2020-01-12,15.24
2020-01-13,15.22
2020-01-14,16.23
2020-01-15,17.25
2020-01-16,18.73
2020-01-17,19.84
2020-01-18,20.28
2020-01-19,19.81
2020-01-20,16.42
2020-01-21,14.93
2020-01-22,14.97
2020-01-23,16.06
2020-01-24,15.21
2020-01-25,15.36
2020-01-26,14.96
2020-01-27,15.57
2020-01-28,17.11
2020-01-29,17.03
2020-01-30,18.01
2020-01-31,18.08
2020-02-01,16.75
2020-02-02,16.51
2020-02-03,15.01
2020-02-04,15.37
2020-02-05,16.48
2020-02-06,17.3
2020-02-07,17.29
2020-02-08,17.72
2020-02-09,18.11
2020-02-10,16.27
2020-02-11,16.79
2020-02-12,16.8
2020-02-13,17.63
2020-02-14,18.8
2020-02-15,19.96
2020-02-16,20.85
2020-02-17,20.72
2020-02-18,21.02
2020-02-19,21.54
2020-02-20,21.64
2020-02-21,21.77
2020-02-22,22.81
2020-02-23,24.07
2020-02-24,23.64
2020-02-25,21.43
2020-02-26,21.28
2020-02-27,21.13
2020-02-28,21.65
2020-02-29,22.65
2020-03-01,23.36
2020-03-02,23.74
2020-03-03,23.99
2020-03-04,23.59
2020-03-05,24.08
2020-03-06,23.83
2020-03-07,23.26
2020-03-08,23.95
2020-03-09,23.52
2020-03-10,23.15
2020-03-11,23.65
2020-03-12,25.65
2020-03-13,26.28
2020-03-14,25.77
2020-03-15,24.53
2020-03-16,25.14
2020-03-17,24.79
2020-03-18,25.04
2020-03-19,25.68
2020-03-20,25.55
2020-03-21,26.07
2020-03-22,25.49
2020-03-23,24.76
2020-03-24,26.31
2020-03-25,26.96
2020-03-26,28.22
2020-03-27,28.88
2020-03-28,29.67
2020-03-29,29.6
2020-03-30,29.02
2020-03-31,28.34
2020-04-01,29.25
2020-04-02,29.66
2020-04-03,29.45
2020-04-04,28.77
2020-04-05,28.61
2020-04-06,28.25
2020-04-07,28.98
2020-04-08,30.04
2020-04-09,29.1
2020-04-10,29.79
2020-04-11,29.67
2020-04-12,28.82
2020-04-13,28.98
2020-04-14,30.39
2020-04-15,29.3
2020-04-16,28.34
2020-04-17,28.78
2020-04-18,28.28
2020-04-19,29.18
2020-04-20,28.28
2020-04-21,26.94
2020-04-22,26.16
2020-04-23,27.18
2020-04-24,25.74
2020-04-25,26.66
2020-04-26,26.21
2020-04-27,26.11
2020-04-28,25.85
2020-04-29,25.83
2020-04-30,27.17
2020-05-01,27.12
2020-05-02,27.1
2020-05-03,26.66
2020-05-04,27.78
2020-05-05,28.86
2020-05-06,28.23
2020-05-07,28.05
2020-05-08,27.8
2020-05-09,28.59
2020-05-10,29.8
2020-05-11,29.98
2020-05-12,29.17
2020-05-13,28.45
2020-05-14,28.66
2020-05-15,28.81
2020-05-16,29.11
2020-05-17,29.49
2020-05-18,29.69
2020-05-19,28.6
2020-05-20,27.28
2020-05-21,27.54
2020-05-22,28.38
2020-05-23,29.22
2020-05-24,29.17
2020-05-25,28.96
2020-05-26,28.52
2020-05-27,28.08
2020-05-28,27.7
2020-05-29,27.86
2020-05-30,28.02
2020-05-31,28.43
2020-06-01,28.03
2020-06-02,28.04
2020-06-03,27.87
2020-06-04,28.08
2020-06-05,27.77
2020-06-06,27.87
2020-06-07,28.85
2020-06-08,28.52
2020-06-09,29.25
2020-06-10,28.48
2020-06-11,27.9
2020-06-12,28.33
2020-06-13,28.18
2020-06-14,28.56
2020-06-15,28.95
2020-06-16,28.48
2020-06-17,27.83
2020-06-18,27.95
2020-06-19,28.69
2020-06-20,28.47
2020-06-21,28.18
2020-06-22,28.22
2020-06-23,28.92
2020-06-24,29.15
2020-06-25,29.01
2020-06-26,28.36
2020-06-27,28.49
2020-06-28,27.54
2020-06-29,28.39
2020-06-30,28.9
2020-07-01,28.53
2020-07-02,28.8
2020-07-03,29.21
2020-07-04,28.84
2020-07-05,28.49
2020-07-06,28.61
2020-07-07,28.82
2020-07-08,28.98
2020-07-09,28.96
2020-07-10,29.04
2020-07-11,28.22
2020-07-12,28.51
2020-07-13,29.05
2020-07-14,28.21
2020-07-15,28.85
2020-07-16,28.92
2020-07-17,28.92
2020-07-18,28.44
2020-07-19,28.81
2020-07-20,27.91
2020-07-21,27.98
2020-07-22,27.8
2020-07-23,27.83
2020-07-24,28.11
2020-07-25,28.53
2020-07-26,29.32
2020-07-27,28.58
2020-07-28,28.55
2020-07-29,28.56
2020-07-30,28.44
2020-07-31,29.09
2020-08-01,29.69
2020-08-02,29.28
2020-08-03,30.86
2020-08-04,28.95
2020-08-05,28.83
2020-08-06,28.01
2020-08-07,28.87
2020-08-08,28.89
2020-08-09,28.45
2020-08-10,28.93
2020-08-11,28.9
2020-08-12,29.31
2020-08-13,29.23
2020-08-14,29.33
2020-08-15,27.93
2020-08-16,27.78
2020-08-17,27.98
2020-08-18,28.25
2020-08-19,27.67
2020-08-20,26.65
2020-08-21,26.75
2020-08-22,27.14
2020-08-23,27.73
2020-08-24,28.59
2020-08-25,27.7
2020-08-26,27.78
2020-08-27,27.45
2020-08-28,28.19
2020-08-29,28.59
2020-08-30,28.94
2020-08-31,28.99
2020-09-01,28.01
2020-09-02,27.96
2020-09-03,28.74
2020-09-04,29.35
2020-09-05,29.32
2020-09-06,28.63
2020-09-07,28.19
2020-09-08,28.34
2020-09-09,28.86
2020-09-10,28.5
2020-09-11,28.23
2020-09-12,28.53
2020-09-13,28.27
2020-09-14,28.16
2020-09-15,28.42
2020-09-16,27.94
2020-09-17,28.26
2020-09-18,29.38
2020-09-19,29.69
2020-09-20,30.14
2020-09-21,28.41
2020-09-22,27.95
2020-09-23,27.78
2020-09-24,27.63
2020-09-25,27.65
2020-09-26,27.67
2020-09-27,27.69
2020-09-28,28.39
2020-09-29,28.64
2020-09-30,28.7
2020-10-01,28.09
2020-10-02,27.94
2020-10-03,28.33
2020-10-04,27.97
2020-10-05,27.59
2020-10-06,26.77
2020-10-07,27.19
2020-10-08,28.6
2020-10-09,29.06
2020-10-10,29.15
2020-10-11,29.35
2020-10-12,29.1
2020-10-13,29.42
2020-10-14,29.08
2020-10-15,29.36
2020-10-16,29.72
2020-10-17,29.25
2020-10-18,28.22
2020-10-19,28.34
2020-10-20,27.76
2020-10-21,26.13
2020-10-22,25.32
2020-10-23,25.78
2020-10-24,26.41
2020-10-25,26.18
2020-10-26,26.61
2020-10-27,25.93
2020-10-28,26.02
2020-10-29,27.18
2020-10-30,28.01
2020-10-31,26.27
2020-11-01,25.56
2020-11-02,26.45
2020-11-03,27.21
2020-11-04,24.52
2020-11-05,22.95
2020-11-06,20.88
2020-11-07,21.86
2020-11-08,23.44
2020-11-09,24.34
2020-11-10,23.84
2020-11-11,23.64
2020-11-12,24.75
2020-11-13,24.92
2020-11-14,24.23
2020-11-15,23.48
2020-11-16,23.71
2020-11-17,23.47
2020-11-18,23.37
2020-11-19,22.24
2020-11-20,22.67
2020-11-21,23.12
2020-11-22,20.75
2020-11-23,18.0
2020-11-24,19.2
2020-11-25,20.25
2020-11-26,20.57
2020-11-27,20.96
2020-11-28,20.91
2020-11-29,20.65
2020-11-30,20.56
2020-12-01,21.25
2020-12-02,21.29
2020-12-03,21.37
2020-12-04,20.79
2020-12-05,20.44
2020-12-06,20.65
2020-12-07,19.66
2020-12-08,19.42
2020-12-09,19.79
2020-12-10,19.54
2020-12-11,18.87
2020-12-12,18.27
2020-12-13,19.14
2020-12-14,18.9
2020-12-15,17.73
2020-12-16,18.34
2020-12-17,18.13
2020-12-18,16.65
2020-12-19,13.98
2020-12-20,14.24
2020-12-21,16.51
2020-12-22,17.64
2020-12-23,17.43
2020-12-24,17.94
2020-12-25,17.35
2020-12-26,16.31
2020-12-27,15.77
2020-12-28,16.35
2020-12-29,16.14
2020-12-30,16.28
2020-12-31,17.0
2021-01-01,17.31
2021-01-02,17.36
2021-01-03,17.97
2021-01-04,18.87
2021-01-05,19.1
2021-01-06,20.18
2021-01-07,21.4
2021-01-08,20.18
2021-01-09,19.67
2021-01-10,20.22
2021-01-11,21.03
2021-01-12,19.12
2021-01-13,16.79
2021-01-14,15.48
2021-01-15,15.42
2021-01-16,15.92
2021-01-17,16.19
2021-01-18,17.24
2021-01-19,17.24
2021-01-20,18.09
2021-01-21,18.17
2021-01-22,16.23
2021-01-23,16.56
2021-01-24,17.67
2021-01-25,16.66
2021-01-26,16.51
2021-01-27,15.67
2021-01-28,15.79
2021-01-29,16.52
2021-01-30,15.99
2021-01-31,14.09
2021-02-01,14.51
2021-02-02,14.96
2021-02-03,16.66
2021-02-04,18.41
2021-02-05,19.7
2021-02-06,20.05
2021-02-07,18.32
2021-02-08,18.22
2021-02-09,18.25
2021-02-10,19.49
2021-02-11,20.5
2021-02-12,20.73
2021-02-13,20.64
2021-02-14,21.15
2021-02-15,21.9
2021-02-16,21.31
2021-02-17,21.68
2021-02-18,23.39
2021-02-19,23.58
2021-02-20,22.28
2021-02-21,22.31
2021-02-22,21.92
2021-02-23,22.57
2021-02-24,23.99
2021-02-25,24.86
2021-02-26,24.32
2021-02-27,24.88
2021-02-28,25.27
2021-03-01,26.27
2021-03-02,26.1
2021-03-03,25.36
2021-03-04,24.28
2021-03-05,24.61
2021-03-06,26.02
2021-03-07,25.84
2021-03-08,25.62
2021-03-09,26.78
2021-03-10,27.15
2021-03-11,27.39
2021-03-12,28.31
2021-03-13,27.79
2021-03-14,26.69
2021-03-15,26.47
2021-03-16,27.59
2021-03-17,27.98
2021-03-18,28.64
2021-03-19,28.82
2021-03-20,28.61
2021-03-21,29.47
2021-03-22,30.63
2021-03-23,30.14
2021-03-24,30.58
2021-03-25,29.99
2021-03-26,29.19
2021-03-27,28.92
2021-03-28,29.09
2021-03-29,30.19
2021-03-30,30.21
2021-03-31,30.55
2021-04-01,29.97
2021-04-02,29.79
2021-04-03,30.14
2021-04-04,29.81
2021-04-05,29.98
2021-04-06,29.82
2021-04-07,29.9
2021-04-08,30.1
2021-04-09,30.33
2021-04-10,30.23
2021-04-11,31.76
2021-04-12,32.8
2021-04-13,32.51
2021-04-14,31.97
2021-04-15,30.25
2021-04-16,29.25
2021-04-17,28.52
2021-04-18,28.92
2021-04-19,30.57
2021-04-20,30.4
2021-04-21,30.85
2021-04-22,30.33
2021-04-23,30.55
2021-04-24,31.17
2021-04-25,30.92
2021-04-26,32.4
2021-04-27,32.38
2021-04-28,32.14
2021-04-29,31.0
2021-04-30,31.58
2021-05-01,31.86
2021-05-02,31.75
2021-05-03,28.28
2021-05-04,26.66
2021-05-05,26.37
2021-05-06,28.4
2021-05-07,29.17
2021-05-08,29.1
2021-05-09,29.45
2021-05-10,29.4
2021-05-11,28.58
2021-05-12,28.26
2021-05-13,28.46
2021-05-14,28.56
2021-05-15,30.54
2021-05-16,30.52
2021-05-17,31.29
2021-05-18,30.88
2021-05-19,30.1
2021-05-20,30.0
2021-05-21,29.88
2021-05-22,30.37
2021-05-23,31.32
2021-05-24,29.68
2021-05-25,29.5
2021-05-26,28.11
2021-05-27,28.34
2021-05-28,30.01
2021-05-29,30.13
2021-05-30,30.16
2021-05-31,28.27
2021-06-01,28.63
2021-06-02,28.22
2021-06-03,29.23
2021-06-04,29.25
2021-06-05,28.85
2021-06-06,29.1
2021-06-07,28.92
2021-06-08,28.03
2021-06-09,27.6
2021-06-10,27.92
2021-06-11,27.32
2021-06-12,27.53
2021-06-13,28.73
2021-06-14,28.87
2021-06-15,28.61
2021-06-16,28.37
2021-06-17,27.52
2021-06-18,27.18
2021-06-19,27.31
2021-06-20,26.97
2021-06-21,27.69
2021-06-22,27.9
2021-06-23,28.0
2021-06-24,28.55
2021-06-25,28.25
2021-06-26,28.46
2021-06-27,28.78
2021-06-28,28.35
2021-06-29,28.6
2021-06-30,28.81
2021-07-01,28.49
2021-07-02,27.45
2021-07-03,28.41
2021-07-04,29.17
2021-07-05,29.07
2021-07-06,28.91
2021-07-07,28.76
2021-07-08,28.62
2021-07-09,28.57
2021-07-10,28.44
2021-07-11,29.02
2021-07-12,29.14
2021-07-13,28.05
2021-07-14,28.47
2021-07-15,28.77
2021-07-16,27.84
2021-07-17,28.61
2021-07-18,27.65
2021-07-19,27.57
2021-07-20,28.84
2021-07-21,28.8
2021-07-22,28.96
2021-07-23,27.92
2021-07-24,28.62
2021-07-25,28.79
2021-07-26,29.81
2021-07-27,29.59
2021-07-28,28.67
2021-07-29,27.75
2021-07-30,28.23
2021-07-31,28.15
2021-08-01,27.99
2021-08-02,28.44
2021-08-03,28.95
2021-08-04,28.66
2021-08-05,29.95
2021-08-06,28.65
2021-08-07,28.26
2021-08-08,29.12
2021-08-09,29.12
2021-08-10,29.02
2021-08-11,29.3
2021-08-12,28.31
2021-08-13,27.88
2021-08-14,28.94
2021-08-15,28.4
2021-08-16,28.57
2021-08-17,28.38
2021-08-18,27.65
2021-08-19,27.31
2021-08-20,27.7
2021-08-21,28.06
2021-08-22,28.36
2021-08-23,28.77
2021-08-24,28.57
2021-08-25,28.44
2021-08-26,28.37
2021-08-27,27.06
2021-08-28,27.76
2021-08-29,27.41
2021-08-30,27.05
2021-08-31,28.14
2021-09-01,27.3
2021-09-02,27.02
2021-09-03,28.08
2021-09-04,29.08
2021-09-05,29.35
2021-09-06,28.42
2021-09-07,27.75
2021-09-08,27.67
2021-09-09,28.28
2021-09-10,27.89
2021-09-11,28.18
2021-09-12,28.4
2021-09-13,27.72
2021-09-14,27.38
2021-09-15,28.4
2021-09-16,27.61
2021-09-17,27.71
2021-09-18,26.93
2021-09-19,27.42
2021-09-20,26.79
2021-09-21,26.54
2021-09-22,26.51
2021-09-23,28.16
2021-09-24,28.8
2021-09-25,28.63
2021-09-26,28.92
2021-09-27,28.47
2021-09-28,27.19
2021-09-29,26.88
2021-09-30,27.47
2021-10-01,27.5
2021-10-02,27.85
2021-10-03,27.94
2021-10-04,27.2
2021-10-05,27.45
2021-10-06,27.52
2021-10-07,28.24
2021-10-08,28.62
2021-10-09,28.69
2021-10-10,28.75
2021-10-11,28.07
2021-10-12,27.93
2021-10-13,28.29
2021-10-14,28.64
2021-10-15,29.06
2021-10-16,28.64
2021-10-17,27.78
2021-10-18,26.13
2021-10-19,26.43
2021-10-20,26.95
2021-10-21,25.73
2021-10-22,24.28
2021-10-23,24.66
2021-10-24,25.52
2021-10-25,24.97
2021-10-26,25.0
2021-10-27,25.06
2021-10-28,25.33
2021-10-29,25.3
2021-10-30,24.45
2021-10-31,23.32
2021-11-01,22.15
2021-11-02,21.9
2021-11-03,22.6
2021-11-04,22.82
2021-11-05,21.54
2021-11-06,21.28
2021-11-07,21.02
2021-11-08,20.68
2021-11-09,21.12
2021-11-10,21.5
2021-11-11,22.29
2021-11-12,23.01
2021-11-13,22.81
2021-11-14,22.95
2021-11-15,22.73
2021-11-16,22.18
2021-11-17,21.14
2021-11-18,21.29
2021-11-19,21.61
2021-11-20,22.05
2021-11-21,22.97
2021-11-22,23.3
2021-11-23,22.83
2021-11-24,21.18
2021-11-25,19.76
2021-11-26,18.98
2021-11-27,19.1
2021-11-28,19.15
2021-11-29,18.54
2021-11-30,20.1
2021-12-01,21.17
2021-12-02,21.36
2021-12-03,21.89
2021-12-04,22.28
2021-12-05,21.67
2021-12-06,21.82
2021-12-07,22.07
2021-12-08,20.99
2021-12-09,21.28
2021-12-10,19.91
2021-12-11,18.82
2021-12-12,16.8
2021-12-13,16.82
2021-12-14,17.28
2021-12-15,17.01
2021-12-16,16.67
2021-12-17,16.94
2021-12-18,17.09
2021-12-19,16.22
2021-12-20,14.54
2021-12-21,16.5
2021-12-22,17.36
2021-12-23,17.86
2021-12-24,17.89
2021-12-25,18.53
2021-12-26,18.06
2021-12-27,18.12
2021-12-28,18.15
2021-12-29,17.51
2021-12-30,18.07
2021-12-31,17.35
2022-01-01,17.24
2022-01-02,16.89
2022-01-03,17.06
2022-01-04,16.71
2022-01-05,16.94
2022-01-06,17.71
2022-01-07,18.38
2022-01-08,18.49
2022-01-09,19.17
2022-01-10,19.75
2022-01-11,19.82
2022-01-12,19.63
2022-01-13,18.6
2022-01-14,17.21
2022-01-15,17.54
2022-01-16,16.81
2022-01-17,16.92
2022-01-18,17.16
2022-01-19,18.29
2022-01-20,17.32
2022-01-21,17.71
2022-01-22,18.52
2022-01-23,18.35
2022-01-24,17.57
2022-01-25,18.64
2022-01-26,18.59
2022-01-27,17.14
2022-01-28,14.42
2022-01-29,14.24
2022-01-30,15.06
2022-01-31,16.6
2022-02-01,17.11
2022-02-02,18.26
2022-02-03,18.08
2022-02-04,18.58
2022-02-05,17.04
2022-02-06,15.35
2022-02-07,14.95
2022-02-08,16.8
2022-02-09,18.14
2022-02-10,18.28
2022-02-11,18.29
2022-02-12,16.86
2022-02-13,16.95
2022-02-14,17.4
2022-02-15,18.13
2022-02-16,18.43
2022-02-17,18.94
2022-02-18,19.33
2022-02-19,19.47
2022-02-20,18.88
2022-02-21,19.32
2022-02-22,20.62
2022-02-23,21.77
2022-02-24,22.39
2022-02-25,22.5
2022-02-26,22.67
2022-02-27,23.31
2022-02-28,23.78
2022-03-01,23.24
2022-03-02,22.54
2022-03-03,23.25
2022-03-04,23.71
2022-03-05,23.86
2022-03-06,24.28
2022-03-07,24.58
2022-03-08,25.18
2022-03-09,25.26
2022-03-10,24.97
2022-03-11,25.07
2022-03-12,25.23
2022-03-13,25.46
2022-03-14,26.03
2022-03-15,26.84
2022-03-16,27.21
2022-03-17,28.08
2022-03-18,28.2
2022-03-19,28.08
2022-03-20,27.01
2022-03-21,26.6
2022-03-22,28.38
2022-03-23,29.83
2022-03-24,29.28
2022-03-25,28.81
2022-03-26,29.17
2022-03-27,28.92
2022-03-28,28.47
2022-03-29,28.18
2022-03-30,28.29
2022-03-31,29.58
2022-04-01,29.86
2022-04-02,29.43
2022-04-03,29.27
2022-04-04,29.71
2022-04-05,29.42
2022-04-06,29.55
2022-04-07,30.71
2022-04-08,30.65
2022-04-09,30.62
2022-04-10,30.56
2022-04-11,31.1
2022-04-12,30.78
2022-04-13,31.17
2022-04-14,31.2
2022-04-15,32.0
2022-04-16,30.88
2022-04-17,31.1
2022-04-18,31.2
2022-04-19,31.07
2022-04-20,28.85
2022-04-21,28.39
2022-04-22,29.79
2022-04-23,29.5
2022-04-24,30.51
2022-04-25,31.24
2022-04-26,31.51
2022-04-27,31.0
2022-04-28,31.63
2022-04-29,32.1
2022-04-30,31.26
2022-05-01,31.51
2022-05-02,31.03
2022-05-03,29.41
2022-05-04,28.3
2022-05-05,28.85
2022-05-06,29.45
2022-05-07,30.74
2022-05-08,30.63
2022-05-09,29.23
2022-05-10,27.94
2022-05-11,28.56
2022-05-12,29.44
2022-05-13,29.09
2022-05-14,29.52
2022-05-15,29.79
2022-05-16,28.94
2022-05-17,28.61
2022-05-18,27.65
2022-05-19,29.14
2022-05-20,28.54
2022-05-21,27.96
2022-05-22,28.42
2022-05-23,28.51
2022-05-24,29.11
2022-05-25,28.99
2022-05-26,28.74
2022-05-27,28.68
2022-05-28,28.79
2022-05-29,28.16
2022-05-30,27.53
2022-05-31,27.96
2022-06-01,28.1
2022-06-02,28.6
2022-06-03,28.09
2022-06-04,27.97
2022-06-05,28.22
2022-06-06,28.65
2022-06-07,29.02
2022-06-08,28.75
2022-06-09,28.39
2022-06-10,27.18
2022-06-11,28.11
2022-06-12,28.7
2022-06-13,29.15
2022-06-14,28.56
2022-06-15,27.86
2022-06-16,27.3
2022-06-17,27.17
2022-06-18,27.29
2022-06-19,26.88
2022-06-20,27.13
2022-06-21,26.97
2022-06-22,27.7
2022-06-23,27.94
2022-06-24,27.56
2022-06-25,27.97
2022-06-26,27.95
2022-06-27,28.47
2022-06-28,28.31
2022-06-29,28.0
2022-06-30,27.84
2022-07-01,28.58
2022-07-02,28.29
2022-07-03,28.29
2022-07-04,28.38
2022-07-05,28.73
2022-07-06,27.62
2022-07-07,28.14
2022-07-08,28.05
2022-07-09,27.76
2022-07-10,28.43
2022-07-11,27.83
2022-07-12,28.63
2022-07-13,29.11
2022-07-14,29.1
2022-07-15,28.91
2022-07-16,29.06
2022-07-17,29.15
2022-07-18,28.82
2022-07-19,28.61
2022-07-20,28.62
2022-07-21,28.73
2022-07-22,29.0
2022-07-23,28.0
2022-07-24,27.4
2022-07-25,27.02
2022-07-26,28.0
2022-07-27,28.56
2022-07-28,28.2
2022-07-29,27.84
2022-07-30,29.11
2022-07-31,28.41
2022-08-01,29.03
2022-08-02,29.49
2022-08-03,28.21
2022-08-04,28.95
2022-08-05,29.25
2022-08-06,28.64
2022-08-07,29.65
2022-08-08,28.03
2022-08-09,28.17
2022-08-10,27.58
2022-08-11,28.05
2022-08-12,28.87
2022-08-13,27.85
2022-08-14,27.63
2022-08-15,28.22
2022-08-16,28.96
2022-08-17,29.78
2022-08-18,30.37
2022-08-19,28.55
2022-08-20,28.07
2022-08-21,28.27
2022-08-22,28.96
2022-08-23,28.23
2022-08-24,27.91
2022-08-25,28.35
2022-08-26,28.61
2022-08-27,27.63
2022-08-28,27.88
2022-08-29,28.54
2022-08-30,29.07
2022-08-31,28.73
2022-09-01,27.33
2022-09-02,28.0
2022-09-03,28.88
2022-09-04,28.84
2022-09-05,28.46
2022-09-06,28.53
2022-09-07,28.6
2022-09-08,30.22
2022-09-09,28.83
2022-09-10,27.42
2022-09-11,27.18
2022-09-12,26.91
2022-09-13,27.1
2022-09-14,27.36
2022-09-15,27.74
2022-09-16,27.88
2022-09-17,28.5
2022-09-18,28.82
2022-09-19,27.99
2022-09-20,27.81
2022-09-21,27.69
2022-09-22,27.66
2022-09-23,27.68
2022-09-24,27.33
2022-09-25,27.98
2022-09-26,27.95
2022-09-27,27.39
2022-09-28,26.89
2022-09-29,28.33
2022-09-30,29.05
2022-10-01,29.24
2022-10-02,27.34
2022-10-03,26.62
2022-10-04,27.59
2022-10-05,27.44
2022-10-06,27.48
2022-10-07,28.02
2022-10-08,27.8
2022-10-09,27.24
2022-10-10,27.11
2022-10-11,27.08
2022-10-12,26.47
2022-10-13,26.74
2022-10-14,27.22
2022-10-15,26.5
2022-10-16,26.31
2022-10-17,26.94
2022-10-18,27.14
2022-10-19,26.32
2022-10-20,26.32
2022-10-21,26.47
2022-10-22,26.47
2022-10-23,24.71
2022-10-24,22.86
2022-10-25,23.39
2022-10-26,24.3
2022-10-27,24.19
2022-10-28,23.56
2022-10-29,24.31
2022-10-30,25.13
2022-10-31,26.1
2022-11-01,25.91
2022-11-02,25.4
2022-11-03,24.22
2022-11-04,24.06
2022-11-05,25.5
2022-11-06,25.32
2022-11-07,24.42
2022-11-08,23.92
2022-11-09,23.25
2022-11-10,23.2
2022-11-11,22.92
2022-11-12,23.37
2022-11-13,21.5
2022-11-14,21.61
2022-11-15,22.34
2022-11-16,22.38
2022-11-17,22.01
2022-11-18,21.05
2022-11-19,21.0
2022-11-20,22.2
2022-11-21,20.78
2022-11-22,19.88
2022-11-23,19.97
2022-11-24,20.46
2022-11-25,21.69
2022-11-26,21.86
2022-11-27,21.65
2022-11-28,21.21
2022-11-29,22.29
2022-11-30,22.14
2022-12-01,20.71
2022-12-02,20.22
2022-12-03,20.18
2022-12-04,20.46
2022-12-05,20.51
2022-12-06,20.27
2022-12-07,19.7
2022-12-08,20.11
2022-12-09,20.49
2022-12-10,20.73
2022-12-11,19.89
2022-12-12,19.27
2022-12-13,19.25
2022-12-14,19.51
2022-12-15,18.71
2022-12-16,17.6
2022-12-17,18.72
2022-12-18,19.58
2022-12-19,20.02
2022-12-20,19.99
2022-12-21,19.0
2022-12-22,19.14
2022-12-23,18.33
2022-12-24,18.68
2022-12-25,19.74
2022-12-26,20.57
2022-12-27,20.57
2022-12-28,18.13
2022-12-29,15.79
2022-12-30,16.84
2022-12-31,16.94
2023-01-01,16.74
2023-01-02,17.14
2023-01-03,16.93
2023-01-04,15.86
2023-01-05,15.93
2023-01-06,16.3
2023-01-07,17.1
2023-01-08,17.98
2023-01-09,18.62
2023-01-10,18.53
2023-01-11,17.0
2023-01-12,16.02
2023-01-13,17.87
2023-01-14,18.62
2023-01-15,18.46
2023-01-16,17.22
2023-01-17,16.37
2023-01-18,15.62
2023-01-19,14.99
2023-01-20,15.66
2023-01-21,17.03
2023-01-22,17.88
2023-01-23,18.58
2023-01-24,19.39
2023-01-25,20.27
2023-01-26,21.03
2023-01-27,21.22
2023-01-28,21.01
2023-01-29,19.89
2023-01-30,20.93
2023-01-31,21.6
2023-02-01,21.06
2023-02-02,18.55
2023-02-03,18.62
2023-02-04,18.95
2023-02-05,19.93
2023-02-06,21.01
2023-02-07,20.88
2023-02-08,21.67
2023-02-09,21.89
2023-02-10,21.15
2023-02-11,21.87
2023-02-12,21.96
2023-02-13,19.42
2023-02-14,19.71
2023-02-15,20.07
2023-02-16,21.53
2023-02-17,22.16
2023-02-18,23.17
2023-02-19,23.81
2023-02-20,24.36
2023-02-21,24.6
2023-02-22,25.3
2023-02-23,25.11
2023-02-24,24.76
2023-02-25,24.53
2023-02-26,24.74
2023-02-27,24.75
2023-02-28,24.03
2023-03-01,23.99
2023-03-02,25.39
2023-03-03,25.88
2023-03-04,27.26
2023-03-05,27.19
2023-03-06,27.65
2023-03-07,26.71
2023-03-08,26.51
2023-03-09,26.89
2023-03-10,25.39
2023-03-11,27.37
2023-03-12,27.26
2023-03-13,27.83
2023-03-14,28.11
2023-03-15,27.27
2023-03-16,25.75
2023-03-17,24.96
2023-03-18,25.72
2023-03-19,23.59
2023-03-20,23.12
2023-03-21,24.28
2023-03-22,24.91
2023-03-23,25.44
2023-03-24,25.64
2023-03-25,26.23
2023-03-26,27.47
2023-03-27,27.65
2023-03-28,27.83
2023-03-29,26.92
2023-03-30,26.26
2023-03-31,25.54
2023-04-01,23.99
2023-04-02,24.91
2023-04-03,25.89
2023-04-04,27.3
2023-04-05,27.87
2023-04-06,28.24
2023-04-07,28.52
2023-04-08,29.4
2023-04-09,29.64
2023-04-10,29.54
2023-04-11,29.71
2023-04-12,30.07
2023-04-13,29.97
2023-04-14,30.8
2023-04-15,31.16
2023-04-16,31.06
2023-04-17,30.99
2023-04-18,31.47
2023-04-19,31.2
2023-04-20,31.45
2023-04-21,30.93
2023-04-22,30.14
2023-04-23,27.74
2023-04-24,28.8
2023-04-25,29.27
2023-04-26,30.16
2023-04-27,30.99
2023-04-28,29.58
2023-04-29,29.93
2023-04-30,29.2
2023-05-01,28.53
2023-05-02,29.56
2023-05-03,29.7
2023-05-04,28.67
2023-05-05,28.57
2023-05-06,29.7
2023-05-07,30.46
2023-05-08,31.26
2023-05-09,31.74
2023-05-10,32.05
2023-05-11,31.92
2023-05-12,30.92
2023-05-13,31.25
2023-05-14,29.27
2023-05-15,29.63
2023-05-16,30.4
2023-05-17,28.96
2023-05-18,28.17
2023-05-19,28.07
2023-05-20,29.1
2023-05-21,28.71
2023-05-22,28.34
2023-05-23,27.86
2023-05-24,27.16
2023-05-25,27.23
2023-05-26,28.37
2023-05-27,28.17
2023-05-28,28.81
2023-05-29,29.78
2023-05-30,30.94
2023-05-31,31.69
2023-06-01,30.41
2023-06-02,30.3
2023-06-03,30.21
2023-06-04,30.18
2023-06-05,30.19
2023-06-06,30.45
2023-06-07,30.98
2023-06-08,30.94
2023-06-09,28.78
2023-06-10,29.42
2023-06-11,29.45
2023-06-12,28.43
2023-06-13,29.48
2023-06-14,29.11
2023-06-15,28.98
2023-06-16,29.21
2023-06-17,28.86
2023-06-18,28.72
2023-06-19,28.24
2023-06-20,28.5
2023-06-21,28.37
2023-06-22,28.02
2023-06-23,28.64
2023-06-24,28.69
2023-06-25,28.26
2023-06-26,28.0
2023-06-27,27.98
2023-06-28,28.21
2023-06-29,28.31
2023-06-30,28.33
2023-07-01,29.28
2023-07-02,28.7
2023-07-03,29.2
2023-07-04,29.55
2023-07-05,29.28
2023-07-06,28.53
2023-07-07,28.44
2023-07-08,28.4
2023-07-09,29.02
2023-07-10,29.23
2023-07-11,28.93
2023-07-12,28.17
2023-07-13,28.37
2023-07-14,28.55
2023-07-15,28.56
2023-07-16,27.95
2023-07-17,28.0
2023-07-18,28.87
2023-07-19,29.19
2023-07-20,29.11
2023-07-21,29.14
2023-07-22,28.73
2023-07-23,29.23
2023-07-24,29.84
2023-07-25,29.17
2023-07-26,28.68
2023-07-27,29.24
2023-07-28,29.24
2023-07-29,29.34
2023-07-30,30.09
2023-07-31,31.56
2023-08-01,30.51
2023-08-02,28.64
2023-08-03,28.74
2023-08-04,28.71
2023-08-05,28.55
2023-08-06,28.15
2023-08-07,28.66
2023-08-08,28.3
2023-08-09,28.35
2023-08-10,28.37
2023-08-11,28.22
2023-08-12,28.01
2023-08-13,27.75
2023-08-14,28.09
2023-08-15,28.94
2023-08-16,29.3
2023-08-17,28.84
2023-08-18,28.68
2023-08-19,28.3
2023-08-20,28.74
2023-08-21,28.21
2023-08-22,27.84
2023-08-23,28.19
2023-08-24,28.16
2023-08-25,28.26
2023-08-26,28.45
2023-08-27,28.69
2023-08-28,29.38
2023-08-29,29.79
2023-08-30,29.76
2023-08-31,29.36
2023-09-01,29.38
2023-09-02,29.96
2023-09-03,28.73
2023-09-04,27.66
2023-09-05,29.37
2023-09-06,29.23
2023-09-07,28.25
2023-09-08,27.63
2023-09-09,28.88
2023-09-10,29.15
2023-09-11,29.03
2023-09-12,29.12
2023-09-13,28.33
2023-09-14,27.91
2023-09-15,28.12
2023-09-16,28.65
2023-09-17,29.89
2023-09-18,28.16
2023-09-19,27.77
2023-09-20,27.56
2023-09-21,27.48
2023-09-22,27.69
2023-09-23,27.9
2023-09-24,27.87
2023-09-25,28.36
2023-09-26,29.43
2023-09-27,28.62
2023-09-28,29.19
2023-09-29,28.48
2023-09-30,28.03
2023-10-01,27.96
2023-10-02,27.42
2023-10-03,27.66
2023-10-04,26.77
2023-10-05,26.97
2023-10-06,27.4
2023-10-07,27.94
2023-10-08,28.57
2023-10-09,28.34
2023-10-10,28.93
2023-10-11,28.58
2023-10-12,28.65
2023-10-13,28.27
2023-10-14,27.35
2023-10-15,27.17
2023-10-16,26.68
2023-10-17,26.69
2023-10-18,26.07
2023-10-19,25.32
2023-10-20,24.81
2023-10-21,25.17
2023-10-22,25.16
2023-10-23,25.76
2023-10-24,24.9
2023-10-25,25.81
2023-10-26,26.04
2023-10-27,24.97
2023-10-28,23.59
2023-10-29,23.74
2023-10-30,25.1
2023-10-31,25.33
2023-11-01,24.98
2023-11-02,24.91
2023-11-03,24.9
2023-11-04,25.31
2023-11-05,24.22
2023-11-06,22.62
2023-11-07,22.38
2023-11-08,22.41
2023-11-09,22.47
2023-11-10,22.6
2023-11-11,22.78
2023-11-12,22.95
2023-11-13,23.15
2023-11-14,23.57
2023-11-15,23.64
2023-11-16,23.32
2023-11-17,22.71
2023-11-18,22.48
2023-11-19,23.42
2023-11-20,23.56
2023-11-21,23.43
2023-11-22,21.66
2023-11-23,21.0
2023-11-24,22.28
2023-11-25,21.97
2023-11-26,21.86
2023-11-27,22.39
2023-11-28,23.61
2023-11-29,22.75
2023-11-30,22.19
2023-12-01,22.25
2023-12-02,22.37
2023-12-03,22.52
2023-12-04,22.23
2023-12-05,22.39
2023-12-06,21.98
2023-12-07,20.7
2023-12-08,20.94
2023-12-09,19.95
2023-12-10,18.52
2023-12-11,18.17
2023-12-12,18.78
2023-12-13,18.0
2023-12-14,17.02
2023-12-15,16.52
2023-12-16,17.33
2023-12-17,18.04
2023-12-18,17.83
2023-12-19,18.04
2023-12-20,18.59
2023-12-21,19.09
2023-12-22,19.63
2023-12-23,19.81
2023-12-24,20.35
2023-12-25,20.33
2023-12-26,19.76
2023-12-27,20.23
2023-12-28,20.15
2023-12-29,20.05
2023-12-30,20.33
2023-12-31,18.61
2024-01-01,17.93
2024-01-02,16.97
2024-01-03,17.18
2024-01-04,17.02
2024-01-05,17.14
2024-01-06,17.72
2024-01-07,17.98
2024-01-08,17.63
2024-01-09,16.65
2024-01-10,16.43
2024-01-11,16.27
2024-01-12,15.22
2024-01-13,15.43
2024-01-14,15.89
2024-01-15,16.16
2024-01-16,15.68
2024-01-17,15.83
2024-01-18,16.36
2024-01-19,17.47
2024-01-20,15.71
2024-01-21,14.54
2024-01-22,13.92
2024-01-23,14.94
2024-01-24,15.84
2024-01-25,16.08
2024-01-26,15.04
2024-01-27,14.64
2024-01-28,14.87
2024-01-29,16.1
2024-01-30,17.68
2024-01-31,19.22
2024-02-01,20.2
2024-02-02,19.93
2024-02-03,19.14
2024-02-04,18.56
2024-02-05,19.71
2024-02-06,20.04
2024-02-07,19.5
2024-02-08,17.48
2024-02-09,16.42
2024-02-10,17.54
2024-02-11,18.52
2024-02-12,19.82
2024-02-13,20.82
2024-02-14,21.66
2024-02-15,22.01
2024-02-16,21.49
2024-02-17,20.78
2024-02-18,21.26
2024-02-19,21.26
2024-02-20,22.42
2024-02-21,24.65
2024-02-22,24.83
2024-02-23,23.12
2024-02-24,22.12
2024-02-25,20.82
2024-02-26,20.54
2024-02-27,21.57
2024-02-28,22.81
2024-02-29,22.81
2024-03-01,22.18
2024-03-02,22.5
2024-03-03,24.0
2024-03-04,23.49
2024-03-05,23.98
2024-03-06,22.99
2024-03-07,23.25
2024-03-08,23.67
2024-03-09,23.63
2024-03-10,23.01
2024-03-11,22.88
2024-03-12,25.3
2024-03-13,25.89
2024-03-14,26.57
2024-03-15,27.55
2024-03-16,27.13
2024-03-17,27.74
2024-03-18,28.28
2024-03-19,27.89
2024-03-20,24.5
2024-03-21,23.94
2024-03-22,24.02
2024-03-23,24.61
2024-03-24,26.45
2024-03-25,26.2
2024-03-26,26.66
2024-03-27,27.23
2024-03-28,27.18
2024-03-29,26.91
2024-03-30,27.58
2024-03-31,28.63
2024-04-01,28.41
2024-04-02,28.88
2024-04-03,29.15
2024-04-04,29.31
2024-04-05,29.33
2024-04-06,30.38
2024-04-07,29.73
2024-04-08,29.04
2024-04-09,29.34
2024-04-10,29.63
2024-04-11,28.88
2024-04-12,29.96
2024-04-13,29.74
2024-04-14,30.58
2024-04-15,31.32
2024-04-16,31.43
2024-04-17,30.87
2024-04-18,30.75
2024-04-19,31.27
2024-04-20,31.72
2024-04-21,31.9
2024-04-22,32.09
2024-04-23,31.32
2024-04-24,32.15
2024-04-25,32.86
2024-04-26,32.64
2024-04-27,32.37
2024-04-28,33.08
2024-04-29,33.14
2024-04-30,33.55
2024-05-01,33.11
2024-05-02,31.92
2024-05-03,31.73
2024-05-04,31.26
2024-05-05,29.89
2024-05-06,29.04
2024-05-07,27.68
2024-05-08,26.5
2024-05-09,27.94
2024-05-10,28.05
2024-05-11,27.47
2024-05-12,28.59
2024-05-13,29.33
2024-05-14,29.86
2024-05-15,30.23
2024-05-16,30.46
2024-05-17,30.45
2024-05-18,29.85
2024-05-19,29.79
2024-05-20,29.56
2024-05-21,30.69
2024-05-22,31.32
2024-05-23,31.9
2024-05-24,32.8
2024-05-25,32.31
2024-05-26,30.23
2024-05-27,28.47
2024-05-28,27.85
2024-05-29,29.92
2024-05-30,29.75
2024-05-31,29.58
2024-06-01,29.78
2024-06-02,29.44
2024-06-03,28.55
2024-06-04,28.71
2024-06-05,29.44
2024-06-06,29.54
2024-06-07,30.07
2024-06-08,29.56
2024-06-09,29.11
2024-06-10,29.07
2024-06-11,29.21
2024-06-12,29.09
2024-06-13,29.03
2024-06-14,29.04
2024-06-15,29.48
2024-06-16,29.85
2024-06-17,29.19
2024-06-18,29.27
2024-06-19,28.74
2024-06-20,28.43
2024-06-21,29.04
2024-06-22,28.81
2024-06-23,29.45
2024-06-24,29.27
2024-06-25,29.23
2024-06-26,30.27
2024-06-27,28.45
2024-06-28,28.72
2024-06-29,28.75
2024-06-30,28.52
2024-07-01,28.09
2024-07-02,28.4
2024-07-03,28.53
2024-07-04,28.06
2024-07-05,28.38
2024-07-06,28.49
2024-07-07,29.13
2024-07-08,28.81
2024-07-09,28.97
2024-07-10,29.39
2024-07-11,29.16
2024-07-12,28.85
2024-07-13,29.15
2024-07-14,29.51
2024-07-15,29.19
2024-07-16,29.04
2024-07-17,28.75
2024-07-18,29.97
2024-07-19,29.62
2024-07-20,29.14
2024-07-21,28.57
2024-07-22,28.58
2024-07-23,28.72
2024-07-24,28.99
2024-07-25,29.54
2024-07-26,29.93
2024-07-27,29.53
2024-07-28,29.56
2024-07-29,29.25
2024-07-30,28.9
2024-07-31,29.03
2024-08-01,27.94
2024-08-02,27.32
2024-08-03,28.09
2024-08-04,28.67
2024-08-05,28.14
2024-08-06,28.06
2024-08-07,28.15
2024-08-08,27.45
2024-08-09,28.1
2024-08-10,28.76
2024-08-11,28.75
2024-08-12,28.57
2024-08-13,28.98
2024-08-14,28.86
2024-08-15,28.77
2024-08-16,27.96
2024-08-17,27.58
2024-08-18,27.09
2024-08-19,27.43
2024-08-20,28.27
2024-08-21,27.96
2024-08-22,27.63
2024-08-23,27.15
2024-08-24,27.46
2024-08-25,26.91
2024-08-26,26.64
2024-08-27,27.94
2024-08-28,28.49
2024-08-29,29.15
2024-08-30,28.2
2024-08-31,27.59
2024-09-01,28.11
2024-09-02,28.63
2024-09-03,27.46
2024-09-04,28.26
2024-09-05,28.04
2024-09-06,29.22
2024-09-07,29.0
2024-09-08,29.38
2024-09-09,28.76
2024-09-10,28.69
2024-09-11,28.87
2024-09-12,30.06
2024-09-13,29.21
2024-09-14,27.04
2024-09-15,25.83
2024-09-16,27.46
2024-09-17,28.68
2024-09-18,29.38
2024-09-19,29.41
2024-09-20,30.42
2024-09-21,29.39
2024-09-22,29.88
2024-09-23,29.56
2024-09-24,27.76
2024-09-25,26.62
2024-09-26,26.33
2024-09-27,26.99
2024-09-28,28.04
2024-09-29,28.56
2024-09-30,28.81
2024-10-01,28.88
2024-10-02,28.79
2024-10-03,27.56
2024-10-04,27.37
2024-10-05,27.29
2024-10-06,27.31
2024-10-07,27.66
2024-10-08,27.58
2024-10-09,27.43
2024-10-10,26.93
2024-10-11,27.43
2024-10-12,27.87
2024-10-13,27.56
2024-10-14,26.55
2024-10-15,26.56
2024-10-16,27.02
2024-10-17,26.84
2024-10-18,26.81
2024-10-19,27.31
2024-10-20,26.06
2024-10-21,26.02
2024-10-22,27.06
2024-10-23,26.3
2024-10-24,25.39
2024-10-25,26.16
2024-10-26,26.96
2024-10-27,27.14
2024-10-28,26.32
2024-10-29,27.08
2024-10-30,27.38
2024-10-31,27.83
2024-11-01,26.7
2024-11-02,25.05
2024-11-03,24.85
2024-11-04,24.92
2024-11-05,25.66
2024-11-06,24.39
2024-11-07,23.9
2024-11-08,23.46
2024-11-09,23.79
2024-11-10,23.98
2024-11-11,23.6
2024-11-12,23.5
2024-11-13,22.03
2024-11-14,22.04
2024-11-15,21.89
2024-11-16,21.86
2024-11-17,21.2
2024-11-18,21.27
2024-11-19,21.59
2024-11-20,21.07
2024-11-21,20.95
2024-11-22,21.07
2024-11-23,21.56
2024-11-24,20.01
2024-11-25,19.98
2024-11-26,20.21
2024-11-27,20.06
2024-11-28,20.32
2024-11-29,21.63
2024-11-30,21.52
2024-12-01,20.14
2024-12-02,19.74
2024-12-03,19.35
2024-12-04,18.56
2024-12-05,19.1
2024-12-06,17.76
2024-12-07,17.52
2024-12-08,17.54
2024-12-09,16.79
2024-12-10,17.85
2024-12-11,16.09
2024-12-12,15.63
2024-12-13,16.35
2024-12-14,16.54
2024-12-15,16.13
2024-12-16,17.41
2024-12-17,18.42
2024-12-18,18.21
2024-12-19,18.19
2024-12-20,17.7
2024-12-21,17.03
2024-12-22,16.75
2024-12-23,17.73
2024-12-24,17.62
2024-12-25,17.76
2024-12-26,18.38
2024-12-27,18.58
2024-12-28,19.38
2024-12-29,19.0
2024-12-30,19.13
2024-12-31,17.54
2025-01-01,16.62
2025-01-02,16.92
2025-01-03,17.27
2025-01-04,18.3
2025-01-05,19.84
2025-01-06,20.98
2025-01-07,20.06
2025-01-08,17.76
2025-01-09,15.59
2025-01-10,15.89
2025-01-11,17.86
2025-01-12,19.74
2025-01-13,19.41
2025-01-14,17.91
2025-01-15,17.69
2025-01-16,19.36
2025-01-17,18.8
2025-01-18,18.28
2025-01-19,17.26
2025-01-20,17.07
2025-01-21,17.59
2025-01-22,18.17
2025-01-23,17.9
2025-01-24,17.94
2025-01-25,17.92
2025-01-26,17.0
2025-01-27,17.83
2025-01-28,18.39
2025-01-29,18.56
2025-01-30,19.41
2025-01-31,21.73
2025-02-01,21.18
2025-02-02,19.72
2025-02-03,19.95
2025-02-04,19.47
2025-02-05,20.58
2025-02-06,21.3
2025-02-07,20.06
2025-02-08,18.48
2025-02-09,18.09
2025-02-10,20.0
2025-02-11,20.42
2025-02-12,22.25
2025-02-13,23.11
2025-02-14,20.81
2025-02-15,19.82
2025-02-16,21.27
2025-02-17,22.52
2025-02-18,24.21
2025-02-19,23.92
2025-02-20,24.03
2025-02-21,23.97
2025-02-22,25.09
2025-02-23,23.51
2025-02-24,23.25
2025-02-25,22.97
2025-02-26,22.33
2025-02-27,22.85
2025-02-28,24.06
2025-03-01,25.16
2025-03-02,26.57
2025-03-03,26.28
2025-03-04,25.18
2025-03-05,24.05
2025-03-06,23.53
2025-03-07,22.27
2025-03-08,23.73
2025-03-09,24.48
2025-03-10,25.05
2025-03-11,26.81
2025-03-12,27.05
2025-03-13,27.89
2025-03-14,28.53
2025-03-15,28.93
2025-03-16,29.75
2025-03-17,29.71
2025-03-18,29.4
2025-03-19,29.01
2025-03-20,28.95
2025-03-21,25.29
2025-03-22,24.14
2025-03-23,25.54
2025-03-24,25.93
2025-03-25,26.55
2025-03-26,28.14
2025-03-27,29.01
2025-03-28,29.95
2025-03-29,30.3
2025-03-30,29.89
2025-03-31,30.07
2025-04-01,29.71
2025-04-02,29.9
2025-04-03,29.84
2025-04-04,30.87
2025-04-05,30.62
2025-04-06,31.1
2025-04-07,30.82
2025-04-08,28.32
2025-04-09,30.29
2025-04-10,30.28
2025-04-11,29.03
2025-04-12,29.59
2025-04-13,27.83
2025-04-14,27.47
2025-04-15,28.93
2025-04-16,28.91
2025-04-17,27.28
2025-04-18,27.64
2025-04-19,28.49
2025-04-20,29.21
2025-04-21,29.74
2025-04-22,30.24
2025-04-23,31.22
2025-04-24,31.24
2025-04-25,30.6
2025-04-26,30.79
2025-04-27,30.04
2025-04-28,28.68
2025-04-29,27.05
2025-04-30,27.81
2025-05-01,28.46
2025-05-02,28.09
2025-05-03,28.61
2025-05-04,28.77
2025-05-05,29.21
2025-05-06,29.81
2025-05-07,29.95
2025-05-08,31.61
2025-05-09,32.17
2025-05-10,33.07
2025-05-11,32.91
2025-05-12,30.44
2025-05-13,30.1
2025-05-14,31.23
2025-05-15,30.18
2025-05-16,30.49
2025-05-17,29.46
2025-05-18,28.95
2025-05-19,29.28
2025-05-20,29.27
2025-05-21,28.48
2025-05-22,28.82
2025-05-23,27.99
2025-05-24,28.65
2025-05-25,28.51
2025-05-26,28.29
2025-05-27,29.23
2025-05-28,27.86
2025-05-29,27.66
2025-05-30,28.1
2025-05-31,28.51
2025-06-01,28.84
2025-06-02,29.37
2025-06-03,28.52
2025-06-04,27.52
2025-06-05,28.53
2025-06-06,29.19
2025-06-07,29.87
2025-06-08,30.15
2025-06-09,30.42
2025-06-10,29.98
2025-06-11,29.12
2025-06-12,28.91
2025-06-13,29.76
2025-06-14,28.41
2025-06-15,28.43
2025-06-16,28.29
2025-06-17,28.04
2025-06-18,27.93
2025-06-19,28.07
2025-06-20,28.89
2025-06-21,28.71
2025-06-22,28.33
2025-06-23,28.26
2025-06-24,28.64
2025-06-25,28.04
2025-06-26,28.17
2025-06-27,28.57
2025-06-28,28.0
2025-06-29,28.08
2025-06-30,28.24
2025-07-01,28.55
2025-07-02,28.59
2025-07-03,28.76
2025-07-04,28.03
2025-07-05,27.92
2025-07-06,27.59
2025-07-07,27.72
2025-07-08,27.2
2025-07-09,27.19
2025-07-10,27.16
2025-07-11,28.26
2025-07-12,28.64
2025-07-13,29.06
2025-07-14,27.38
2025-07-15,28.05
2025-07-16,28.27
2025-07-17,28.21
2025-07-18,28.89
2025-07-19,28.58
2025-07-20,28.96
2025-07-21,29.5
2025-07-22,29.03
2025-07-23,30.27
2025-07-24,29.27
2025-07-25,28.64
2025-07-26,28.84
2025-07-27,28.85
2025-07-28,28.69
2025-07-29,28.31
2025-07-30,28.12
2025-07-31,27.64
2025-08-01,28.68
2025-08-02,28.25
2025-08-03,28.24
2025-08-04,28.07
2025-08-05,28.15
2025-08-06,28.02
2025-08-07,27.95
2025-08-08,26.59
2025-08-09,27.65
2025-08-10,28.39
2025-08-11,28.73
2025-08-12,28.93
2025-08-13,27.34
2025-08-14,27.65
2025-08-15,28.13
2025-08-16,28.7
2025-08-17,28.27
2025-08-18,28.35
2025-08-19,27.89
2025-08-20,27.94
2025-08-21,27.89
2025-08-22,27.26
2025-08-23,27.63
2025-08-24,27.79
2025-08-25,27.96
2025-08-26,28.01
2025-08-27,27.77
2025-08-28,27.93
2025-08-29,27.81
2025-08-30,28.32
2025-08-31,28.5
2025-09-01,29.07
2025-09-02,28.82
2025-09-03,28.52
2025-09-04,27.77
2025-09-05,28.08
2025-09-06,28.53
2025-09-07,28.18
2025-09-08,28.4
2025-09-09,28.49
2025-09-10,27.97
2025-09-11,28.45
2025-09-12,27.83
2025-09-13,27.69
2025-09-14,26.95
2025-09-15,27.09
2025-09-16,27.0
2025-09-17,27.5
2025-09-18,27.98
2025-09-19,29.03
2025-09-20,27.6
2025-09-21,27.77
2025-09-22,27.47
2025-09-23,27.81
2025-09-24,27.3
2025-09-25,27.9
2025-09-26,28.41
2025-09-27,28.11
2025-09-28,28.06
2025-09-29,28.34
2025-09-30,28.85
2025-10-01,27.56
2025-10-02,27.2
2025-10-03,27.06
2025-10-04,27.48
2025-10-05,27.25
2025-10-06,26.74
2025-10-07,27.44
2025-10-08,27.51
2025-10-09,27.08
2025-10-10,27.13
2025-10-11,27.19
2025-10-12,26.27
2025-10-13,25.73
2025-10-14,25.73
2025-10-15,25.48
2025-10-16,26.22
2025-10-17,26.73
2025-10-18,26.89
2025-10-19,26.35
2025-10-20,26.04
2025-10-21,26.03
2025-10-22,26.76
2025-10-23,26.73
2025-10-24,26.1
2025-10-25,26.23
2025-10-26,26.01
2025-10-27,26.21
2025-10-28,27.38
2025-10-29,27.34
2025-10-30,27.96
2025-10-31,28.26
2025-11-01,27.1
2025-11-02,26.22
2025-11-03,24.64
2025-11-04,24.74
2025-11-05,24.88
2025-11-06,25.62
2025-11-07,24.39
2025-11-08,23.17
2025-11-09,22.1
2025-11-10,22.21
2025-11-11,20.77
2025-11-12,19.93
2025-11-13,20.25
2025-11-14,20.99
2025-11-15,20.66
2025-11-16,20.75
2025-11-17,21.55
2025-11-18,21.55
2025-11-19,21.06
2025-11-20,20.65
2025-11-21,20.58
2025-11-22,20.08
2025-11-23,19.67
2025-11-24,18.54
2025-11-25,19.07
2025-11-26,19.83
2025-11-27,20.56
2025-11-28,20.26
2025-11-29,20.17
2025-11-30,19.71
2025-12-01,19.01
2025-12-02,18.78
2025-12-03,17.97
2025-12-04,18.38
2025-12-05,18.27
2025-12-06,17.77
2025-12-07,17.81
2025-12-08,18.06
2025-12-09,19.12
2025-12-10,19.05
2025-12-11,18.28
2025-12-12,18.98
2025-12-13,19.26
2025-12-14,19.44
2025-12-15,19.1
2025-12-16,18.85
2025-12-17,18.57
2025-12-18,19.71
2025-12-19,19.52
2025-12-20,18.48
2025-12-21,18.11
2025-12-22,18.03
2025-12-23,17.63
2025-12-24,16.8
2025-12-25,16.0
2025-12-26,16.13
2025-12-27,16.34
2025-12-28,15.79
2025-12-29,15.01
2025-12-30,13.9
2025-12-31,14.1
